seen_at_iso,slot_at_iso,lead_minutes,lead_hours,service,party_size,weekday_slot,weekday_seen,hour_slot,merchant_id,source
2026-01-31T22:18:30+00:00,2026-02-01T11:30:00-05:00,1091,18.2,Lunch,2,Sun,Sat,11,278278,wisely
2026-01-31T22:59:27+00:00,2026-02-01T16:45:00+00:00,1066,17.8,Lunch,2,Sun,Sat,11,278278,wisely
2026-01-31T22:45:00+00:00,2026-02-01T12:00:00-05:00,1095,18.2,Lunch,2,Sun,Sat,12,278278,wisely
2026-01-31T22:45:01+00:00,2026-02-01T12:00:00-05:00,1095,18.2,Lunch,4,Sun,Sat,12,278278,wisely
2026-01-31T22:45:00+00:00,2026-02-01T12:15:00-05:00,1110,18.5,Lunch,2,Sun,Sat,12,278278,wisely
2026-01-31T22:45:01+00:00,2026-02-01T12:15:00-05:00,1110,18.5,Lunch,4,Sun,Sat,12,278278,wisely
2026-01-31T22:18:36+00:00,2026-02-01T12:30:00-05:00,1151,19.2,Lunch,2,Sun,Sat,12,278278,wisely
2026-01-31T22:18:35+00:00,2026-02-01T12:30:00-05:00,1151,19.2,Lunch,4,Sun,Sat,12,278278,wisely
2026-01-31T22:29:09+00:00,2026-02-01T13:00:00-05:00,1171,19.5,Lunch,2,Sun,Sat,13,278278,wisely
2026-01-31T22:18:31+00:00,2026-02-01T13:30:00-05:00,1211,20.2,Lunch,2,Sun,Sat,13,278278,wisely
2026-01-31T22:18:31+00:00,2026-02-01T13:45:00-05:00,1226,20.4,Lunch,2,Sun,Sat,13,278278,wisely
2026-01-31T22:18:31+00:00,2026-02-01T13:45:00-05:00,1226,20.4,Lunch,4,Sun,Sat,13,278278,wisely
2026-01-31T22:18:37+00:00,2026-02-01T14:00:00-05:00,1241,20.7,Lunch,2,Sun,Sat,14,278278,wisely
2026-01-31T22:18:32+00:00,2026-02-01T14:00:00-05:00,1241,20.7,Lunch,4,Sun,Sat,14,278278,wisely
2026-01-31T22:18:40+00:00,2026-02-01T14:15:00-05:00,1256,20.9,Lunch,2,Sun,Sat,14,278278,wisely
2026-01-31T22:18:32+00:00,2026-02-01T14:15:00-05:00,1256,20.9,Lunch,4,Sun,Sat,14,278278,wisely
2026-02-01T06:29:01+00:00,2026-02-01T14:30:00-05:00,781,13.0,Lunch,2,Sun,Sun,14,278278,wisely
2026-02-01T19:15:22+00:00,2026-02-01T14:30:00-05:00,15,0.2,Lunch,4,Sun,Sun,14,278278,wisely
2026-01-31T22:45:09+00:00,2026-02-01T15:00:00-05:00,1275,21.2,Lunch,2,Sun,Sat,15,278278,wisely
2026-01-31T22:45:10+00:00,2026-02-01T15:00:00-05:00,1275,21.2,Lunch,4,Sun,Sat,15,278278,wisely
2026-01-31T23:51:50+00:00,2026-02-01T20:30:00+00:00,1238,20.6,Lunch,2,Sun,Sat,15,278278,wisely
2026-01-31T23:51:52+00:00,2026-02-01T20:30:00+00:00,1238,20.6,Lunch,4,Sun,Sat,15,278278,wisely
2026-02-01T10:43:29+00:00,2026-02-01T16:00:00-05:00,617,10.3,Lunch,2,Sun,Sun,16,278278,wisely
2026-01-31T22:18:18+00:00,2026-02-01T16:45:00-05:00,1407,23.4,Dinner,2,Sun,Sat,16,278278,wisely
2026-01-31T22:18:20+00:00,2026-02-01T16:45:00-05:00,1407,23.4,Dinner,4,Sun,Sat,16,278278,wisely
2026-02-01T16:01:03+00:00,2026-02-01T18:45:00-05:00,464,7.7,Dinner,2,Sun,Sun,18,278278,wisely
2026-02-01T16:01:04+00:00,2026-02-01T18:45:00-05:00,464,7.7,Dinner,4,Sun,Sun,18,278278,wisely
2026-02-01T21:10:54+00:00,2026-02-01T19:15:00-05:00,184,3.1,Dinner,2,Sun,Sun,19,278278,wisely
2026-02-01T21:10:55+00:00,2026-02-01T19:15:00-05:00,184,3.1,Dinner,4,Sun,Sun,19,278278,wisely
2026-01-31T22:59:11+00:00,2026-02-02T00:45:00+00:00,1546,25.8,Dinner,2,Sun,Sat,19,278278,wisely
2026-01-31T22:59:12+00:00,2026-02-02T00:45:00+00:00,1546,25.8,Dinner,4,Sun,Sat,19,278278,wisely
2026-02-02T00:57:35+00:00,2026-02-01T20:30:00-05:00,32,0.5,Dinner,2,Sun,Sun,20,278278,wisely
2026-02-02T00:57:37+00:00,2026-02-01T20:30:00-05:00,32,0.5,Dinner,4,Sun,Sun,20,278278,wisely
2026-01-31T17:57:41+00:00,2026-02-01T20:45:00-05:00,1907,31.8,Dinner,2,Sun,Sat,20,278278,wisely
2026-01-31T17:57:42+00:00,2026-02-01T20:45:00-05:00,1907,31.8,Dinner,4,Sun,Sat,20,278278,wisely
2026-01-31T05:10:34+00:00,2026-02-02T11:30:00-05:00,3559,59.3,Lunch,2,Mon,Sat,11,278278,wisely
2026-01-31T05:10:36+00:00,2026-02-02T11:30:00-05:00,3559,59.3,Lunch,4,Mon,Sat,11,278278,wisely
2026-02-01T17:45:13+00:00,2026-02-02T12:00:00-05:00,1395,23.2,Lunch,2,Mon,Sun,12,278278,wisely
2026-02-01T22:16:31+00:00,2026-02-02T12:15:00-05:00,1138,19.0,Lunch,2,Mon,Sun,12,278278,wisely
2026-02-01T22:16:33+00:00,2026-02-02T12:15:00-05:00,1138,19.0,Lunch,4,Mon,Sun,12,278278,wisely
2026-02-01T22:16:31+00:00,2026-02-02T12:45:00-05:00,1168,19.5,Lunch,2,Mon,Sun,12,278278,wisely
2026-02-01T22:16:33+00:00,2026-02-02T12:45:00-05:00,1168,19.5,Lunch,4,Mon,Sun,12,278278,wisely
2026-02-01T22:16:32+00:00,2026-02-02T13:00:00-05:00,1183,19.7,Lunch,2,Mon,Sun,13,278278,wisely
2026-02-01T22:16:34+00:00,2026-02-02T13:00:00-05:00,1183,19.7,Lunch,4,Mon,Sun,13,278278,wisely
2026-01-31T05:10:35+00:00,2026-02-02T13:15:00-05:00,3664,61.1,Lunch,2,Mon,Sat,13,278278,wisely
2026-01-31T05:10:37+00:00,2026-02-02T13:15:00-05:00,3664,61.1,Lunch,4,Mon,Sat,13,278278,wisely
2026-01-31T05:10:36+00:00,2026-02-02T13:30:00-05:00,3679,61.3,Lunch,2,Mon,Sat,13,278278,wisely
2026-01-31T05:10:37+00:00,2026-02-02T13:30:00-05:00,3679,61.3,Lunch,4,Mon,Sat,13,278278,wisely
2026-02-01T18:52:49+00:00,2026-02-02T13:45:00-05:00,1432,23.9,Lunch,2,Mon,Sun,13,278278,wisely
2026-02-01T18:52:50+00:00,2026-02-02T13:45:00-05:00,1432,23.9,Lunch,4,Mon,Sun,13,278278,wisely
2026-01-31T05:10:40+00:00,2026-02-02T14:00:00-05:00,3709,61.8,Lunch,2,Mon,Sat,14,278278,wisely
2026-01-31T05:10:40+00:00,2026-02-02T14:00:00-05:00,3709,61.8,Lunch,4,Mon,Sat,14,278278,wisely
2026-01-31T05:10:42+00:00,2026-02-02T14:15:00-05:00,3724,62.1,Lunch,2,Mon,Sat,14,278278,wisely
2026-02-01T19:15:45+00:00,2026-02-02T14:15:00-05:00,1439,24.0,Lunch,4,Mon,Sun,14,278278,wisely
2026-01-31T15:36:29+00:00,2026-02-02T14:30:00-05:00,3114,51.9,Lunch,2,Mon,Sat,14,278278,wisely
2026-01-31T05:10:43+00:00,2026-02-02T14:30:00-05:00,3739,62.3,Lunch,4,Mon,Sat,14,278278,wisely
2026-02-01T14:59:00+00:00,2026-02-02T14:45:00-05:00,1726,28.8,Lunch,2,Mon,Sun,14,278278,wisely
2026-01-31T15:36:30+00:00,2026-02-02T14:45:00-05:00,3128,52.1,Lunch,4,Mon,Sat,14,278278,wisely
2026-02-02T16:20:10+00:00,2026-02-02T15:45:00-05:00,265,4.4,Lunch,2,Mon,Mon,15,278278,wisely
2026-02-02T16:20:12+00:00,2026-02-02T15:45:00-05:00,265,4.4,Lunch,4,Mon,Mon,15,278278,wisely
2026-02-02T17:06:58+00:00,2026-02-02T16:15:00-05:00,248,4.1,Lunch,2,Mon,Mon,16,278278,wisely
2026-02-02T17:06:59+00:00,2026-02-02T16:15:00-05:00,248,4.1,Lunch,4,Mon,Mon,16,278278,wisely
2026-02-02T14:26:19+00:00,2026-02-02T16:30:00-05:00,424,7.1,Dinner,2,Mon,Mon,16,278278,wisely
2026-02-01T22:55:21+00:00,2026-02-02T16:45:00-05:00,1370,22.8,Dinner,2,Mon,Sun,16,278278,wisely
2026-02-01T22:55:22+00:00,2026-02-02T16:45:00-05:00,1370,22.8,Dinner,4,Mon,Sun,16,278278,wisely
2026-02-01T22:31:51+00:00,2026-02-02T17:00:00-05:00,1408,23.5,Dinner,2,Mon,Sun,17,278278,wisely
2026-02-01T22:31:52+00:00,2026-02-02T17:00:00-05:00,1408,23.5,Dinner,4,Mon,Sun,17,278278,wisely
2026-02-01T22:16:18+00:00,2026-02-02T17:15:00-05:00,1439,24.0,Dinner,2,Mon,Sun,17,278278,wisely
2026-02-01T22:16:21+00:00,2026-02-02T17:15:00-05:00,1439,24.0,Dinner,4,Mon,Sun,17,278278,wisely
2026-02-01T22:16:19+00:00,2026-02-02T17:30:00-05:00,1454,24.2,Dinner,2,Mon,Sun,17,278278,wisely
2026-02-01T22:16:21+00:00,2026-02-02T17:30:00-05:00,1454,24.2,Dinner,4,Mon,Sun,17,278278,wisely
2026-02-01T23:50:00+00:00,2026-02-02T17:45:00-05:00,1375,22.9,Dinner,2,Mon,Sun,17,278278,wisely
2026-02-01T23:50:01+00:00,2026-02-02T17:45:00-05:00,1375,22.9,Dinner,4,Mon,Sun,17,278278,wisely
2026-02-02T04:35:59+00:00,2026-02-02T18:00:00-05:00,1104,18.4,Dinner,2,Mon,Sun,18,278278,wisely
2026-02-02T04:36:00+00:00,2026-02-02T18:00:00-05:00,1104,18.4,Dinner,4,Mon,Sun,18,278278,wisely
2026-02-02T23:59:08+00:00,2026-02-02T19:30:00-05:00,31,0.5,Dinner,2,Mon,Mon,19,278278,wisely
2026-02-02T23:01:53+00:00,2026-02-03T01:45:00+00:00,163,2.7,Dinner,2,Mon,Mon,20,278278,wisely
2026-02-02T23:01:56+00:00,2026-02-03T01:45:00+00:00,163,2.7,Dinner,4,Mon,Mon,20,278278,wisely
2026-02-02T23:01:54+00:00,2026-02-03T02:00:00+00:00,178,3.0,Dinner,2,Mon,Mon,21,278278,wisely
2026-02-02T23:01:56+00:00,2026-02-03T02:00:00+00:00,178,3.0,Dinner,4,Mon,Mon,21,278278,wisely
2026-02-02T00:57:55+00:00,2026-02-02T21:15:00-05:00,1517,25.3,Dinner,2,Mon,Sun,21,278278,wisely
2026-02-02T00:57:56+00:00,2026-02-02T21:15:00-05:00,1517,25.3,Dinner,4,Mon,Sun,21,278278,wisely
2026-02-02T00:57:55+00:00,2026-02-02T21:30:00-05:00,1532,25.5,Dinner,2,Mon,Sun,21,278278,wisely
2026-02-02T00:57:56+00:00,2026-02-02T21:30:00-05:00,1532,25.5,Dinner,4,Mon,Sun,21,278278,wisely
2026-02-01T22:16:20+00:00,2026-02-02T21:45:00-05:00,1709,28.5,Dinner,2,Mon,Sun,21,278278,wisely
2026-02-01T22:16:21+00:00,2026-02-02T21:45:00-05:00,1709,28.5,Dinner,4,Mon,Sun,21,278278,wisely
2026-02-02T23:02:34+00:00,2026-02-03T18:00:00+00:00,1137,19.0,Lunch,2,Tue,Mon,13,278278,wisely
2026-02-02T23:02:35+00:00,2026-02-03T18:00:00+00:00,1137,19.0,Lunch,4,Tue,Mon,13,278278,wisely
2026-02-03T14:25:41+00:00,2026-02-03T14:00:00-05:00,274,4.6,Lunch,2,Tue,Tue,14,278278,wisely
2026-02-03T14:25:42+00:00,2026-02-03T14:00:00-05:00,274,4.6,Lunch,4,Tue,Tue,14,278278,wisely
2026-02-01T05:40:17+00:00,2026-02-03T14:15:00-05:00,3695,61.6,Lunch,2,Tue,Sun,14,278278,wisely
2026-02-01T05:40:18+00:00,2026-02-03T14:15:00-05:00,3695,61.6,Lunch,4,Tue,Sun,14,278278,wisely
2026-02-01T05:40:18+00:00,2026-02-03T14:30:00-05:00,3710,61.8,Lunch,2,Tue,Sun,14,278278,wisely
2026-02-02T14:27:02+00:00,2026-02-03T14:30:00-05:00,1743,29.0,Lunch,4,Tue,Mon,14,278278,wisely
2026-02-01T05:40:18+00:00,2026-02-03T14:45:00-05:00,3725,62.1,Lunch,2,Tue,Sun,14,278278,wisely
2026-02-01T05:40:18+00:00,2026-02-03T14:45:00-05:00,3725,62.1,Lunch,4,Tue,Sun,14,278278,wisely
2026-02-01T17:13:58+00:00,2026-02-03T15:00:00-05:00,3046,50.8,Lunch,2,Tue,Sun,15,278278,wisely
2026-02-01T05:40:18+00:00,2026-02-03T15:00:00-05:00,3740,62.3,Lunch,4,Tue,Sun,15,278278,wisely
2026-02-03T10:58:51+00:00,2026-02-03T15:15:00-05:00,556,9.3,Lunch,2,Tue,Tue,15,278278,wisely
2026-02-01T17:13:59+00:00,2026-02-03T15:15:00-05:00,3061,51.0,Lunch,4,Tue,Sun,15,278278,wisely
2026-02-03T02:36:35+00:00,2026-02-03T15:45:00-05:00,1088,18.1,Lunch,2,Tue,Mon,15,278278,wisely
2026-02-02T23:02:35+00:00,2026-02-03T21:00:00+00:00,1317,22.0,Lunch,2,Tue,Mon,16,278278,wisely
2026-02-02T23:02:36+00:00,2026-02-03T21:00:00+00:00,1317,22.0,Lunch,4,Tue,Mon,16,278278,wisely
2026-02-02T23:37:20+00:00,2026-02-03T16:15:00-05:00,1298,21.6,Lunch,2,Tue,Mon,16,278278,wisely
2026-02-03T20:20:57+00:00,2026-02-03T16:15:00-05:00,54,0.9,Lunch,4,Tue,Tue,16,278278,wisely
2026-02-03T20:20:45+00:00,2026-02-03T16:30:00-05:00,69,1.2,Dinner,2,Tue,Tue,16,278278,wisely
2026-02-03T20:20:47+00:00,2026-02-03T16:30:00-05:00,69,1.2,Dinner,4,Tue,Tue,16,278278,wisely
2026-02-03T14:25:29+00:00,2026-02-03T16:45:00-05:00,440,7.3,Dinner,2,Tue,Tue,16,278278,wisely
2026-02-03T14:25:31+00:00,2026-02-03T16:45:00-05:00,439,7.3,Dinner,4,Tue,Tue,16,278278,wisely
2026-02-03T17:08:39+00:00,2026-02-03T17:00:00-05:00,291,4.9,Dinner,2,Tue,Tue,17,278278,wisely
2026-02-03T17:08:41+00:00,2026-02-03T17:00:00-05:00,291,4.9,Dinner,4,Tue,Tue,17,278278,wisely
2026-01-31T23:35:16+00:00,2026-02-03T19:30:00-05:00,4375,72.9,Dinner,2,Tue,Sat,19,278278,wisely
2026-02-03T22:25:49+00:00,2026-02-03T19:45:00-05:00,139,2.3,Dinner,2,Tue,Tue,19,278278,wisely
2026-02-03T22:25:50+00:00,2026-02-03T19:45:00-05:00,139,2.3,Dinner,4,Tue,Tue,19,278278,wisely
2026-02-03T21:53:10+00:00,2026-02-03T20:45:00-05:00,232,3.9,Dinner,2,Tue,Tue,20,278278,wisely
2026-02-02T23:02:18+00:00,2026-02-04T02:00:00+00:00,1618,27.0,Dinner,2,Tue,Mon,21,278278,wisely
2026-02-02T23:02:19+00:00,2026-02-04T02:00:00+00:00,1618,27.0,Dinner,4,Tue,Mon,21,278278,wisely
2026-02-02T23:02:18+00:00,2026-02-04T02:30:00+00:00,1648,27.5,Dinner,2,Tue,Mon,21,278278,wisely
2026-02-02T23:02:19+00:00,2026-02-04T02:30:00+00:00,1648,27.5,Dinner,4,Tue,Mon,21,278278,wisely
2026-02-03T22:26:25+00:00,2026-02-04T11:30:00-05:00,1084,18.1,Lunch,2,Wed,Tue,11,278278,wisely
2026-02-03T22:26:25+00:00,2026-02-04T11:30:00-05:00,1084,18.1,Lunch,4,Wed,Tue,11,278278,wisely
2026-02-03T22:03:24+00:00,2026-02-04T11:45:00-05:00,1122,18.7,Lunch,2,Wed,Tue,11,278278,wisely
2026-02-03T22:03:25+00:00,2026-02-04T11:45:00-05:00,1122,18.7,Lunch,4,Wed,Tue,11,278278,wisely
2026-02-03T22:26:25+00:00,2026-02-04T12:00:00-05:00,1114,18.6,Lunch,2,Wed,Tue,12,278278,wisely
2026-02-03T22:26:26+00:00,2026-02-04T12:00:00-05:00,1114,18.6,Lunch,4,Wed,Tue,12,278278,wisely
2026-02-03T22:03:25+00:00,2026-02-04T12:15:00-05:00,1152,19.2,Lunch,2,Wed,Tue,12,278278,wisely
2026-02-03T22:26:29+00:00,2026-02-04T12:30:00-05:00,1144,19.1,Lunch,2,Wed,Tue,12,278278,wisely
2026-02-03T22:26:29+00:00,2026-02-04T12:30:00-05:00,1144,19.1,Lunch,4,Wed,Tue,12,278278,wisely
2026-02-03T22:03:25+00:00,2026-02-04T12:45:00-05:00,1182,19.7,Lunch,2,Wed,Tue,12,278278,wisely
2026-02-03T22:03:25+00:00,2026-02-04T12:45:00-05:00,1182,19.7,Lunch,4,Wed,Tue,12,278278,wisely
2026-02-02T05:50:10+00:00,2026-02-04T13:00:00-05:00,3610,60.2,Lunch,2,Wed,Mon,13,278278,wisely
2026-02-02T05:50:11+00:00,2026-02-04T13:00:00-05:00,3610,60.2,Lunch,4,Wed,Mon,13,278278,wisely
2026-02-02T05:50:10+00:00,2026-02-04T13:15:00-05:00,3625,60.4,Lunch,2,Wed,Mon,13,278278,wisely
2026-02-02T15:51:06+00:00,2026-02-04T13:30:00-05:00,3039,50.6,Lunch,2,Wed,Mon,13,278278,wisely
2026-02-03T22:26:34+00:00,2026-02-04T13:45:00-05:00,1218,20.3,Lunch,2,Wed,Tue,13,278278,wisely
2026-02-03T22:26:33+00:00,2026-02-04T13:45:00-05:00,1218,20.3,Lunch,4,Wed,Tue,13,278278,wisely
2026-02-03T22:03:31+00:00,2026-02-04T14:00:00-05:00,1256,20.9,Lunch,2,Wed,Tue,14,278278,wisely
2026-02-03T22:03:26+00:00,2026-02-04T14:00:00-05:00,1257,20.9,Lunch,4,Wed,Tue,14,278278,wisely
2026-02-02T05:50:10+00:00,2026-02-04T14:15:00-05:00,3685,61.4,Lunch,2,Wed,Mon,14,278278,wisely
2026-02-02T05:50:17+00:00,2026-02-04T14:30:00-05:00,3700,61.7,Lunch,2,Wed,Mon,14,278278,wisely
2026-02-02T14:27:24+00:00,2026-02-04T14:45:00-05:00,3198,53.3,Lunch,2,Wed,Mon,14,278278,wisely
2026-02-02T05:50:11+00:00,2026-02-04T14:45:00-05:00,3715,61.9,Lunch,4,Wed,Mon,14,278278,wisely
2026-02-03T23:16:43+00:00,2026-02-04T15:15:00-05:00,1258,21.0,Lunch,2,Wed,Tue,15,278278,wisely
2026-02-03T22:26:38+00:00,2026-02-04T15:15:00-05:00,1308,21.8,Lunch,4,Wed,Tue,15,278278,wisely
2026-02-04T02:40:33+00:00,2026-02-04T15:45:00-05:00,1084,18.1,Lunch,2,Wed,Tue,15,278278,wisely
2026-02-03T23:57:54+00:00,2026-02-04T16:00:00-05:00,1262,21.0,Lunch,4,Wed,Tue,16,278278,wisely
2026-02-03T22:26:09+00:00,2026-02-04T16:30:00-05:00,1384,23.1,Dinner,2,Wed,Tue,16,278278,wisely
2026-02-03T22:26:09+00:00,2026-02-04T16:30:00-05:00,1384,23.1,Dinner,4,Wed,Tue,16,278278,wisely
2026-02-03T02:36:51+00:00,2026-02-04T16:45:00-05:00,2588,43.1,Dinner,2,Wed,Mon,16,278278,wisely
2026-02-03T12:01:28+00:00,2026-02-04T16:45:00-05:00,2024,33.7,Dinner,4,Wed,Tue,16,278278,wisely
2026-02-03T10:59:05+00:00,2026-02-04T17:00:00-05:00,2101,35.0,Dinner,2,Wed,Tue,17,278278,wisely
2026-02-03T10:59:06+00:00,2026-02-04T17:00:00-05:00,2101,35.0,Dinner,4,Wed,Tue,17,278278,wisely
2026-02-03T22:03:21+00:00,2026-02-04T17:15:00-05:00,1452,24.2,Dinner,2,Wed,Tue,17,278278,wisely
2026-02-04T04:23:09+00:00,2026-02-04T17:30:00-05:00,1087,18.1,Dinner,2,Wed,Tue,17,278278,wisely
2026-02-04T04:23:11+00:00,2026-02-04T17:30:00-05:00,1087,18.1,Dinner,4,Wed,Tue,17,278278,wisely
2026-02-03T22:58:25+00:00,2026-02-04T18:45:00-05:00,1487,24.8,Dinner,2,Wed,Tue,18,278278,wisely
2026-02-03T22:03:10+00:00,2026-02-04T20:15:00-05:00,1632,27.2,Dinner,2,Wed,Tue,20,278278,wisely
2026-02-03T23:57:25+00:00,2026-02-04T20:30:00-05:00,1533,25.5,Dinner,2,Wed,Tue,20,278278,wisely
2026-02-03T22:26:09+00:00,2026-02-04T21:30:00-05:00,1684,28.1,Dinner,2,Wed,Tue,21,278278,wisely
2026-02-03T22:26:09+00:00,2026-02-04T21:30:00-05:00,1684,28.1,Dinner,4,Wed,Tue,21,278278,wisely
2026-02-01T23:14:01+00:00,2026-02-04T21:45:00-05:00,4531,75.5,Dinner,2,Wed,Sun,21,278278,wisely
2026-02-01T23:14:01+00:00,2026-02-04T21:45:00-05:00,4531,75.5,Dinner,4,Wed,Sun,21,278278,wisely
2026-02-03T22:03:50+00:00,2026-02-05T11:30:00-05:00,2546,42.4,Lunch,2,Thu,Tue,11,278278,wisely
2026-02-03T22:03:51+00:00,2026-02-05T11:30:00-05:00,2546,42.4,Lunch,4,Thu,Tue,11,278278,wisely
2026-02-05T14:35:19+00:00,2026-02-05T11:45:00-05:00,130,2.2,Lunch,2,Thu,Thu,11,278278,wisely
2026-02-05T14:35:20+00:00,2026-02-05T11:45:00-05:00,130,2.2,Lunch,4,Thu,Thu,11,278278,wisely
2026-02-03T21:38:36+00:00,2026-02-05T12:00:00-05:00,2601,43.4,Lunch,2,Thu,Tue,12,278278,wisely
2026-02-03T21:38:37+00:00,2026-02-05T12:00:00-05:00,2601,43.4,Lunch,4,Thu,Tue,12,278278,wisely
2026-02-05T14:35:19+00:00,2026-02-05T12:30:00-05:00,175,2.9,Lunch,2,Thu,Thu,12,278278,wisely
2026-02-05T14:35:20+00:00,2026-02-05T12:30:00-05:00,175,2.9,Lunch,4,Thu,Thu,12,278278,wisely
2026-02-04T19:49:28+00:00,2026-02-05T13:15:00-05:00,1346,22.4,Lunch,2,Thu,Wed,13,278278,wisely
2026-02-04T19:49:30+00:00,2026-02-05T13:15:00-05:00,1345,22.4,Lunch,4,Thu,Wed,13,278278,wisely
2026-02-04T17:26:45+00:00,2026-02-05T13:30:00-05:00,1503,25.1,Lunch,2,Thu,Wed,13,278278,wisely
2026-02-04T19:49:31+00:00,2026-02-05T13:30:00-05:00,1360,22.7,Lunch,4,Thu,Wed,13,278278,wisely
2026-02-04T22:01:07+00:00,2026-02-05T13:45:00-05:00,1244,20.7,Lunch,2,Thu,Wed,13,278278,wisely
2026-02-04T22:16:54+00:00,2026-02-05T14:15:00-05:00,1258,21.0,Lunch,2,Thu,Wed,14,278278,wisely
2026-02-04T07:55:08+00:00,2026-02-05T14:30:00-05:00,2135,35.6,Lunch,2,Thu,Wed,14,278278,wisely
2026-02-04T07:55:08+00:00,2026-02-05T14:30:00-05:00,2135,35.6,Lunch,4,Thu,Wed,14,278278,wisely
2026-02-03T05:35:29+00:00,2026-02-05T14:45:00-05:00,3730,62.2,Lunch,2,Thu,Tue,14,278278,wisely
2026-02-03T05:35:29+00:00,2026-02-05T14:45:00-05:00,3730,62.2,Lunch,4,Thu,Tue,14,278278,wisely
2026-02-04T22:16:54+00:00,2026-02-05T15:00:00-05:00,1303,21.7,Lunch,4,Thu,Wed,15,278278,wisely
2026-02-05T19:00:14+00:00,2026-02-05T15:15:00-05:00,75,1.2,Lunch,2,Thu,Thu,15,278278,wisely
2026-02-04T22:00:58+00:00,2026-02-05T15:30:00-05:00,1349,22.5,Lunch,2,Thu,Wed,15,278278,wisely
2026-02-04T22:00:59+00:00,2026-02-05T15:30:00-05:00,1349,22.5,Lunch,4,Thu,Wed,15,278278,wisely
2026-02-04T22:00:58+00:00,2026-02-05T15:45:00-05:00,1364,22.7,Lunch,2,Thu,Wed,15,278278,wisely
2026-02-04T22:00:59+00:00,2026-02-05T15:45:00-05:00,1364,22.7,Lunch,4,Thu,Wed,15,278278,wisely
2026-02-05T20:02:16+00:00,2026-02-05T16:00:00-05:00,58,1.0,Lunch,2,Thu,Thu,16,278278,wisely
2026-02-04T22:16:54+00:00,2026-02-05T16:00:00-05:00,1363,22.7,Lunch,4,Thu,Wed,16,278278,wisely
2026-02-04T22:16:31+00:00,2026-02-05T16:30:00-05:00,1393,23.2,Dinner,2,Thu,Wed,16,278278,wisely
2026-02-04T22:16:33+00:00,2026-02-05T16:30:00-05:00,1393,23.2,Dinner,4,Thu,Wed,16,278278,wisely
2026-02-03T19:51:39+00:00,2026-02-05T16:45:00-05:00,2993,49.9,Dinner,2,Thu,Tue,16,278278,wisely
2026-02-03T19:51:40+00:00,2026-02-05T16:45:00-05:00,2993,49.9,Dinner,4,Thu,Tue,16,278278,wisely
2026-02-04T22:00:43+00:00,2026-02-05T17:00:00-05:00,1439,24.0,Dinner,2,Thu,Wed,17,278278,wisely
2026-02-04T22:16:33+00:00,2026-02-05T17:00:00-05:00,1423,23.7,Dinner,4,Thu,Wed,17,278278,wisely
2026-02-04T22:00:43+00:00,2026-02-05T17:15:00-05:00,1454,24.2,Dinner,2,Thu,Wed,17,278278,wisely
2026-02-04T22:00:44+00:00,2026-02-05T18:00:00-05:00,1499,25.0,Dinner,2,Thu,Wed,18,278278,wisely
2026-02-04T22:00:45+00:00,2026-02-05T18:00:00-05:00,1499,25.0,Dinner,4,Thu,Wed,18,278278,wisely
2026-02-04T04:23:44+00:00,2026-02-05T18:15:00-05:00,2571,42.9,Dinner,2,Thu,Tue,18,278278,wisely
2026-02-04T22:00:45+00:00,2026-02-05T19:15:00-05:00,1574,26.2,Dinner,4,Thu,Wed,19,278278,wisely
2026-02-05T23:02:06+00:00,2026-02-05T19:45:00-05:00,103,1.7,Dinner,2,Thu,Thu,19,278278,wisely
2026-02-04T22:00:50+00:00,2026-02-05T21:00:00-05:00,1679,28.0,Dinner,2,Thu,Wed,21,278278,wisely
2026-02-04T22:00:45+00:00,2026-02-05T21:00:00-05:00,1679,28.0,Dinner,4,Thu,Wed,21,278278,wisely
2026-02-04T19:49:02+00:00,2026-02-05T21:15:00-05:00,1826,30.4,Dinner,2,Thu,Wed,21,278278,wisely
2026-02-05T00:56:27+00:00,2026-02-05T21:30:00-05:00,1534,25.6,Dinner,2,Thu,Wed,21,278278,wisely
2026-02-05T00:56:28+00:00,2026-02-05T21:30:00-05:00,1534,25.6,Dinner,4,Thu,Wed,21,278278,wisely
2026-02-02T14:27:33+00:00,2026-02-05T21:45:00-05:00,5057,84.3,Dinner,2,Thu,Mon,21,278278,wisely
2026-02-02T14:27:33+00:00,2026-02-05T21:45:00-05:00,5057,84.3,Dinner,4,Thu,Mon,21,278278,wisely
2026-02-04T05:33:10+00:00,2026-02-06T11:30:00-05:00,3537,58.9,Lunch,2,Fri,Wed,11,278278,wisely
2026-02-04T05:33:10+00:00,2026-02-06T11:30:00-05:00,3537,58.9,Lunch,4,Fri,Wed,11,278278,wisely
2026-02-05T23:43:48+00:00,2026-02-06T11:45:00-05:00,1021,17.0,Lunch,2,Fri,Thu,11,278278,wisely
2026-02-05T23:43:49+00:00,2026-02-06T11:45:00-05:00,1021,17.0,Lunch,4,Fri,Thu,11,278278,wisely
2026-02-05T00:57:07+00:00,2026-02-06T12:00:00-05:00,2403,40.0,Lunch,2,Fri,Wed,12,278278,wisely
2026-02-05T00:57:07+00:00,2026-02-06T12:00:00-05:00,2403,40.0,Lunch,4,Fri,Wed,12,278278,wisely
2026-02-05T23:02:47+00:00,2026-02-06T12:15:00-05:00,1092,18.2,Lunch,2,Fri,Thu,12,278278,wisely
2026-02-05T23:02:47+00:00,2026-02-06T12:15:00-05:00,1092,18.2,Lunch,4,Fri,Thu,12,278278,wisely
2026-02-05T22:14:12+00:00,2026-02-06T12:45:00-05:00,1171,19.5,Lunch,2,Fri,Thu,12,278278,wisely
2026-02-05T22:14:13+00:00,2026-02-06T12:45:00-05:00,1171,19.5,Lunch,4,Fri,Thu,12,278278,wisely
2026-02-06T05:36:00+00:00,2026-02-06T13:00:00-05:00,744,12.4,Lunch,2,Fri,Fri,13,278278,wisely
2026-02-06T05:36:03+00:00,2026-02-06T13:00:00-05:00,744,12.4,Lunch,4,Fri,Fri,13,278278,wisely
2026-02-04T23:14:53+00:00,2026-02-06T13:15:00-05:00,2580,43.0,Lunch,2,Fri,Wed,13,278278,wisely
2026-02-04T23:14:54+00:00,2026-02-06T13:15:00-05:00,2580,43.0,Lunch,4,Fri,Wed,13,278278,wisely
2026-02-05T22:14:19+00:00,2026-02-06T13:30:00-05:00,1216,20.3,Lunch,2,Fri,Thu,13,278278,wisely
2026-02-05T22:14:18+00:00,2026-02-06T13:30:00-05:00,1216,20.3,Lunch,4,Fri,Thu,13,278278,wisely
2026-02-05T22:14:22+00:00,2026-02-06T14:00:00-05:00,1246,20.8,Lunch,2,Fri,Thu,14,278278,wisely
2026-02-05T22:14:21+00:00,2026-02-06T14:00:00-05:00,1246,20.8,Lunch,4,Fri,Thu,14,278278,wisely
2026-02-05T22:00:23+00:00,2026-02-06T14:15:00-05:00,1275,21.2,Lunch,2,Fri,Thu,14,278278,wisely
2026-02-05T22:00:22+00:00,2026-02-06T14:15:00-05:00,1275,21.2,Lunch,4,Fri,Thu,14,278278,wisely
2026-02-04T10:58:19+00:00,2026-02-06T14:30:00-05:00,3392,56.5,Lunch,2,Fri,Wed,14,278278,wisely
2026-02-04T10:58:19+00:00,2026-02-06T14:30:00-05:00,3392,56.5,Lunch,4,Fri,Wed,14,278278,wisely
2026-02-06T02:06:07+00:00,2026-02-06T15:00:00-05:00,1074,17.9,Lunch,4,Fri,Thu,15,278278,wisely
2026-02-04T20:55:14+00:00,2026-02-06T15:15:00-05:00,2840,47.3,Lunch,2,Fri,Wed,15,278278,wisely
2026-02-04T20:55:15+00:00,2026-02-06T15:15:00-05:00,2840,47.3,Lunch,4,Fri,Wed,15,278278,wisely
2026-02-05T22:40:32+00:00,2026-02-06T16:30:00-05:00,1369,22.8,Dinner,2,Fri,Thu,16,278278,wisely
2026-02-05T22:40:34+00:00,2026-02-06T16:30:00-05:00,1369,22.8,Dinner,4,Fri,Thu,16,278278,wisely
2026-02-04T14:10:57+00:00,2026-02-06T17:00:00-05:00,3349,55.8,Dinner,2,Fri,Wed,17,278278,wisely
2026-02-04T14:10:59+00:00,2026-02-06T17:00:00-05:00,3349,55.8,Dinner,4,Fri,Wed,17,278278,wisely
2026-02-05T22:40:33+00:00,2026-02-06T17:15:00-05:00,1414,23.6,Dinner,2,Fri,Thu,17,278278,wisely
2026-02-05T23:12:22+00:00,2026-02-06T21:15:00-05:00,1623,27.0,Dinner,2,Fri,Thu,21,278278,wisely
2026-02-05T22:13:55+00:00,2026-02-06T21:45:00-05:00,1711,28.5,Dinner,2,Fri,Thu,21,278278,wisely
2026-02-05T22:13:56+00:00,2026-02-06T21:45:00-05:00,1711,28.5,Dinner,4,Fri,Thu,21,278278,wisely
2026-02-07T13:25:55+00:00,2026-02-07T11:30:00-05:00,184,3.1,Lunch,2,Sat,Sat,11,278278,wisely
2026-02-06T22:36:29+00:00,2026-02-07T11:45:00-05:00,1089,18.1,Lunch,2,Sat,Fri,11,278278,wisely
2026-02-06T22:36:30+00:00,2026-02-07T11:45:00-05:00,1088,18.1,Lunch,4,Sat,Fri,11,278278,wisely
2026-02-06T22:36:30+00:00,2026-02-07T12:00:00-05:00,1103,18.4,Lunch,2,Sat,Fri,12,278278,wisely
2026-02-06T22:36:30+00:00,2026-02-07T12:00:00-05:00,1103,18.4,Lunch,4,Sat,Fri,12,278278,wisely
2026-02-06T22:36:30+00:00,2026-02-07T12:15:00-05:00,1118,18.6,Lunch,2,Sat,Fri,12,278278,wisely
2026-02-05T16:08:35+00:00,2026-02-07T13:15:00-05:00,3006,50.1,Lunch,2,Sat,Thu,13,278278,wisely
2026-02-05T16:08:36+00:00,2026-02-07T13:15:00-05:00,3006,50.1,Lunch,4,Sat,Thu,13,278278,wisely
2026-02-06T05:36:18+00:00,2026-02-07T14:00:00-05:00,2244,37.4,Lunch,2,Sat,Fri,14,278278,wisely
2026-02-06T05:36:18+00:00,2026-02-07T14:00:00-05:00,2244,37.4,Lunch,4,Sat,Fri,14,278278,wisely
2026-02-06T22:58:35+00:00,2026-02-07T14:30:00-05:00,1231,20.5,Lunch,2,Sat,Fri,14,278278,wisely
2026-02-05T15:25:51+00:00,2026-02-07T14:45:00-05:00,3139,52.3,Lunch,2,Sat,Thu,14,278278,wisely
2026-02-06T22:01:14+00:00,2026-02-07T15:15:00-05:00,1334,22.2,Lunch,2,Sat,Fri,15,278278,wisely
2026-02-06T22:01:15+00:00,2026-02-07T15:15:00-05:00,1334,22.2,Lunch,4,Sat,Fri,15,278278,wisely
2026-02-06T22:00:50+00:00,2026-02-07T16:45:00-05:00,1424,23.7,Dinner,2,Sat,Fri,16,278278,wisely
2026-02-07T16:36:34+00:00,2026-02-07T17:00:00-05:00,323,5.4,Dinner,2,Sat,Sat,17,278278,wisely
2026-02-04T23:58:37+00:00,2026-02-07T17:45:00-05:00,4246,70.8,Dinner,2,Sat,Wed,17,278278,wisely
2026-02-04T23:46:34+00:00,2026-02-07T18:30:00-05:00,4303,71.7,Dinner,2,Sat,Wed,18,278278,wisely
2026-02-06T22:00:50+00:00,2026-02-07T21:00:00-05:00,1679,28.0,Dinner,2,Sat,Fri,21,278278,wisely
2026-02-06T22:00:51+00:00,2026-02-07T21:00:00-05:00,1679,28.0,Dinner,4,Sat,Fri,21,278278,wisely
2026-02-06T22:36:11+00:00,2026-02-07T21:15:00-05:00,1659,27.6,Dinner,2,Sat,Fri,21,278278,wisely
2026-02-06T22:56:32+00:00,2026-02-08T02:30:00+00:00,1653,27.6,Dinner,2,Sat,Fri,21,278278,wisely
2026-02-06T22:00:50+00:00,2026-02-07T21:45:00-05:00,1724,28.7,Dinner,2,Sat,Fri,21,278278,wisely
2026-02-06T22:00:51+00:00,2026-02-07T21:45:00-05:00,1724,28.7,Dinner,4,Sat,Fri,21,278278,wisely
2026-02-07T22:16:54+00:00,2026-02-08T11:30:00-05:00,1093,18.2,Lunch,2,Sun,Sat,11,278278,wisely
2026-02-07T22:16:55+00:00,2026-02-08T11:30:00-05:00,1093,18.2,Lunch,4,Sun,Sat,11,278278,wisely
2026-02-07T16:37:12+00:00,2026-02-08T11:45:00-05:00,1448,24.1,Lunch,2,Sun,Sat,11,278278,wisely
2026-02-06T16:40:03+00:00,2026-02-08T12:15:00-05:00,2915,48.6,Lunch,2,Sun,Fri,12,278278,wisely
2026-02-06T16:40:04+00:00,2026-02-08T12:15:00-05:00,2915,48.6,Lunch,4,Sun,Fri,12,278278,wisely
2026-02-07T17:39:13+00:00,2026-02-08T12:30:00-05:00,1431,23.8,Lunch,2,Sun,Sat,12,278278,wisely
2026-02-07T17:39:14+00:00,2026-02-08T12:30:00-05:00,1431,23.8,Lunch,4,Sun,Sat,12,278278,wisely
2026-02-08T17:15:52+00:00,2026-02-08T13:00:00-05:00,44,0.7,Lunch,2,Sun,Sun,13,278278,wisely
2026-02-08T17:15:53+00:00,2026-02-08T13:00:00-05:00,44,0.7,Lunch,4,Sun,Sun,13,278278,wisely
2026-02-08T01:24:02+00:00,2026-02-08T13:15:00-05:00,1011,16.8,Lunch,2,Sun,Sat,13,278278,wisely
2026-02-08T01:24:04+00:00,2026-02-08T13:15:00-05:00,1011,16.8,Lunch,4,Sun,Sat,13,278278,wisely
2026-02-07T22:16:54+00:00,2026-02-08T13:45:00-05:00,1228,20.5,Lunch,2,Sun,Sat,13,278278,wisely
2026-02-07T22:16:55+00:00,2026-02-08T13:45:00-05:00,1228,20.5,Lunch,4,Sun,Sat,13,278278,wisely
2026-02-07T22:16:54+00:00,2026-02-08T14:00:00-05:00,1243,20.7,Lunch,2,Sun,Sat,14,278278,wisely
2026-02-07T22:16:55+00:00,2026-02-08T14:00:00-05:00,1243,20.7,Lunch,4,Sun,Sat,14,278278,wisely
2026-02-07T23:01:57+00:00,2026-02-08T14:15:00-05:00,1213,20.2,Lunch,2,Sun,Sat,14,278278,wisely
2026-02-07T22:17:02+00:00,2026-02-08T14:45:00-05:00,1288,21.5,Lunch,2,Sun,Sat,14,278278,wisely
2026-02-07T22:17:02+00:00,2026-02-08T14:45:00-05:00,1288,21.5,Lunch,4,Sun,Sat,14,278278,wisely
2026-02-07T23:45:26+00:00,2026-02-08T15:00:00-05:00,1215,20.2,Lunch,4,Sun,Sat,15,278278,wisely
2026-02-07T23:16:21+00:00,2026-02-08T15:15:00-05:00,1259,21.0,Lunch,4,Sun,Sat,15,278278,wisely
2026-02-07T14:32:52+00:00,2026-02-08T16:00:00-05:00,1827,30.5,Lunch,2,Sun,Sat,16,278278,wisely
2026-02-07T14:32:53+00:00,2026-02-08T16:00:00-05:00,1827,30.5,Lunch,4,Sun,Sat,16,278278,wisely
2026-02-07T17:39:13+00:00,2026-02-08T16:15:00-05:00,1656,27.6,Lunch,2,Sun,Sat,16,278278,wisely
2026-02-07T17:39:14+00:00,2026-02-08T16:15:00-05:00,1656,27.6,Lunch,4,Sun,Sat,16,278278,wisely
2026-02-07T23:15:24+00:00,2026-02-08T16:30:00-05:00,1335,22.2,Dinner,2,Sun,Sat,16,278278,wisely
2026-02-06T04:25:03+00:00,2026-02-08T16:45:00-05:00,3920,65.3,Dinner,2,Sun,Thu,16,278278,wisely
2026-02-06T04:25:04+00:00,2026-02-08T16:45:00-05:00,3920,65.3,Dinner,4,Sun,Thu,16,278278,wisely
2026-02-07T04:23:14+00:00,2026-02-08T17:00:00-05:00,2497,41.6,Dinner,2,Sun,Fri,17,278278,wisely
2026-02-07T04:23:15+00:00,2026-02-08T17:00:00-05:00,2497,41.6,Dinner,4,Sun,Fri,17,278278,wisely
2026-02-07T13:26:01+00:00,2026-02-08T17:15:00-05:00,1969,32.8,Dinner,2,Sun,Sat,17,278278,wisely
2026-02-07T22:16:32+00:00,2026-02-08T17:30:00-05:00,1453,24.2,Dinner,2,Sun,Sat,17,278278,wisely
2026-02-07T22:16:33+00:00,2026-02-08T18:00:00-05:00,1483,24.7,Dinner,2,Sun,Sat,18,278278,wisely
2026-02-07T22:16:34+00:00,2026-02-08T18:00:00-05:00,1483,24.7,Dinner,4,Sun,Sat,18,278278,wisely
2026-02-07T17:01:20+00:00,2026-02-08T18:15:00-05:00,1814,30.2,Dinner,2,Sun,Sat,18,278278,wisely
2026-02-07T17:01:23+00:00,2026-02-08T18:15:00-05:00,1814,30.2,Dinner,4,Sun,Sat,18,278278,wisely
2026-02-07T14:54:48+00:00,2026-02-08T18:30:00-05:00,1955,32.6,Dinner,2,Sun,Sat,18,278278,wisely
2026-02-07T14:54:49+00:00,2026-02-08T18:30:00-05:00,1955,32.6,Dinner,4,Sun,Sat,18,278278,wisely
2026-02-07T13:59:37+00:00,2026-02-08T18:45:00-05:00,2025,33.8,Dinner,2,Sun,Sat,18,278278,wisely
2026-02-07T13:59:37+00:00,2026-02-08T18:45:00-05:00,2025,33.8,Dinner,4,Sun,Sat,18,278278,wisely
2026-02-05T14:36:08+00:00,2026-02-08T19:00:00-05:00,4884,81.4,Dinner,2,Sun,Thu,19,278278,wisely
2026-02-05T14:36:09+00:00,2026-02-08T19:00:00-05:00,4884,81.4,Dinner,4,Sun,Thu,19,278278,wisely
2026-02-07T22:16:42+00:00,2026-02-08T19:15:00-05:00,1558,26.0,Dinner,2,Sun,Sat,19,278278,wisely
2026-02-07T22:16:42+00:00,2026-02-08T19:15:00-05:00,1558,26.0,Dinner,4,Sun,Sat,19,278278,wisely
2026-02-07T15:18:31+00:00,2026-02-08T19:30:00-05:00,1991,33.2,Dinner,2,Sun,Sat,19,278278,wisely
2026-02-07T15:18:32+00:00,2026-02-08T19:30:00-05:00,1991,33.2,Dinner,4,Sun,Sat,19,278278,wisely
2026-02-07T21:13:22+00:00,2026-02-08T19:45:00-05:00,1652,27.5,Dinner,2,Sun,Sat,19,278278,wisely
2026-02-07T21:13:23+00:00,2026-02-08T19:45:00-05:00,1652,27.5,Dinner,4,Sun,Sat,19,278278,wisely
2026-02-07T22:16:45+00:00,2026-02-08T20:00:00-05:00,1603,26.7,Dinner,2,Sun,Sat,20,278278,wisely
2026-02-07T23:44:58+00:00,2026-02-08T20:00:00-05:00,1515,25.3,Dinner,4,Sun,Sat,20,278278,wisely
2026-02-07T22:16:46+00:00,2026-02-08T20:15:00-05:00,1618,27.0,Dinner,2,Sun,Sat,20,278278,wisely
2026-02-07T22:16:47+00:00,2026-02-08T20:15:00-05:00,1618,27.0,Dinner,4,Sun,Sat,20,278278,wisely
2026-02-07T17:56:29+00:00,2026-02-08T20:30:00-05:00,1894,31.6,Dinner,2,Sun,Sat,20,278278,wisely
2026-02-07T23:15:53+00:00,2026-02-08T20:30:00-05:00,1574,26.2,Dinner,4,Sun,Sat,20,278278,wisely
2026-02-07T17:01:28+00:00,2026-02-08T20:45:00-05:00,1964,32.7,Dinner,2,Sun,Sat,20,278278,wisely
2026-02-07T17:01:29+00:00,2026-02-08T20:45:00-05:00,1964,32.7,Dinner,4,Sun,Sat,20,278278,wisely
2026-02-07T22:16:49+00:00,2026-02-08T21:00:00-05:00,1663,27.7,Dinner,2,Sun,Sat,21,278278,wisely
2026-02-07T22:16:49+00:00,2026-02-08T21:00:00-05:00,1663,27.7,Dinner,4,Sun,Sat,21,278278,wisely
2026-02-07T05:28:27+00:00,2026-02-09T11:30:00-05:00,3542,59.0,Lunch,2,Mon,Sat,11,278278,wisely
2026-02-07T05:28:28+00:00,2026-02-09T11:30:00-05:00,3542,59.0,Lunch,4,Mon,Sat,11,278278,wisely
2026-02-07T22:35:07+00:00,2026-02-09T11:45:00-05:00,2530,42.2,Lunch,2,Mon,Sat,11,278278,wisely
2026-02-07T22:35:08+00:00,2026-02-09T11:45:00-05:00,2530,42.2,Lunch,4,Mon,Sat,11,278278,wisely
2026-02-07T22:17:19+00:00,2026-02-09T12:00:00-05:00,2563,42.7,Lunch,2,Mon,Sat,12,278278,wisely
2026-02-07T22:17:20+00:00,2026-02-09T12:00:00-05:00,2563,42.7,Lunch,4,Mon,Sat,12,278278,wisely
2026-02-08T22:12:37+00:00,2026-02-09T12:30:00-05:00,1157,19.3,Lunch,2,Mon,Sun,12,278278,wisely
2026-02-08T22:12:37+00:00,2026-02-09T12:30:00-05:00,1157,19.3,Lunch,4,Mon,Sun,12,278278,wisely
2026-02-08T22:26:32+00:00,2026-02-09T12:45:00-05:00,1158,19.3,Lunch,2,Mon,Sun,12,278278,wisely
2026-02-08T22:26:33+00:00,2026-02-09T12:45:00-05:00,1158,19.3,Lunch,4,Mon,Sun,12,278278,wisely
2026-02-09T17:36:05+00:00,2026-02-09T13:00:00-05:00,24,0.4,Lunch,2,Mon,Mon,13,278278,wisely
2026-02-09T17:36:06+00:00,2026-02-09T13:00:00-05:00,24,0.4,Lunch,4,Mon,Mon,13,278278,wisely
2026-02-09T03:44:27+00:00,2026-02-09T13:15:00-05:00,871,14.5,Lunch,2,Mon,Sun,13,278278,wisely
2026-02-09T03:44:27+00:00,2026-02-09T13:15:00-05:00,871,14.5,Lunch,4,Mon,Sun,13,278278,wisely
2026-02-08T18:57:51+00:00,2026-02-09T13:30:00-05:00,1412,23.5,Lunch,2,Mon,Sun,13,278278,wisely
2026-02-08T18:57:53+00:00,2026-02-09T13:30:00-05:00,1412,23.5,Lunch,4,Mon,Sun,13,278278,wisely
2026-02-08T22:12:46+00:00,2026-02-09T13:45:00-05:00,1232,20.5,Lunch,2,Mon,Sun,13,278278,wisely
2026-02-08T22:12:46+00:00,2026-02-09T13:45:00-05:00,1232,20.5,Lunch,4,Mon,Sun,13,278278,wisely
2026-02-07T23:02:34+00:00,2026-02-09T14:00:00-05:00,2637,44.0,Lunch,2,Mon,Sat,14,278278,wisely
2026-02-07T23:02:34+00:00,2026-02-09T14:00:00-05:00,2637,44.0,Lunch,4,Mon,Sat,14,278278,wisely
2026-02-07T05:28:27+00:00,2026-02-09T14:15:00-05:00,3707,61.8,Lunch,2,Mon,Sat,14,278278,wisely
2026-02-07T05:28:28+00:00,2026-02-09T14:15:00-05:00,3707,61.8,Lunch,4,Mon,Sat,14,278278,wisely
2026-02-07T05:28:28+00:00,2026-02-09T14:30:00-05:00,3722,62.0,Lunch,2,Mon,Sat,14,278278,wisely
2026-02-07T05:28:28+00:00,2026-02-09T14:30:00-05:00,3722,62.0,Lunch,4,Mon,Sat,14,278278,wisely
2026-02-07T05:28:32+00:00,2026-02-09T14:45:00-05:00,3736,62.3,Lunch,2,Mon,Sat,14,278278,wisely
2026-02-07T05:28:33+00:00,2026-02-09T14:45:00-05:00,3736,62.3,Lunch,4,Mon,Sat,14,278278,wisely
2026-02-09T18:34:57+00:00,2026-02-09T15:00:00-05:00,85,1.4,Lunch,2,Mon,Mon,15,278278,wisely
2026-02-09T18:34:57+00:00,2026-02-09T15:00:00-05:00,85,1.4,Lunch,4,Mon,Mon,15,278278,wisely
2026-02-09T19:51:50+00:00,2026-02-09T15:15:00-05:00,23,0.4,Lunch,2,Mon,Mon,15,278278,wisely
2026-02-09T19:51:51+00:00,2026-02-09T15:15:00-05:00,23,0.4,Lunch,4,Mon,Mon,15,278278,wisely
2026-02-09T19:51:50+00:00,2026-02-09T15:30:00-05:00,38,0.6,Lunch,2,Mon,Mon,15,278278,wisely
2026-02-09T19:51:51+00:00,2026-02-09T15:30:00-05:00,38,0.6,Lunch,4,Mon,Mon,15,278278,wisely
2026-02-09T19:51:50+00:00,2026-02-09T15:45:00-05:00,53,0.9,Lunch,2,Mon,Mon,15,278278,wisely
2026-02-09T19:51:51+00:00,2026-02-09T15:45:00-05:00,53,0.9,Lunch,4,Mon,Mon,15,278278,wisely
2026-02-08T22:50:06+00:00,2026-02-09T16:45:00-05:00,1375,22.9,Dinner,2,Mon,Sun,16,278278,wisely
2026-02-08T22:50:09+00:00,2026-02-09T16:45:00-05:00,1375,22.9,Dinner,4,Mon,Sun,16,278278,wisely
2026-02-06T21:43:10+00:00,2026-02-09T17:00:00-05:00,4337,72.3,Dinner,2,Mon,Fri,17,278278,wisely
2026-02-08T22:12:24+00:00,2026-02-09T17:15:00-05:00,1443,24.0,Dinner,2,Mon,Sun,17,278278,wisely
2026-02-08T22:12:26+00:00,2026-02-09T17:15:00-05:00,1443,24.0,Dinner,4,Mon,Sun,17,278278,wisely
2026-02-08T22:12:25+00:00,2026-02-09T17:45:00-05:00,1473,24.5,Dinner,2,Mon,Sun,17,278278,wisely
2026-02-08T23:17:06+00:00,2026-02-09T18:15:00-05:00,1438,24.0,Dinner,2,Mon,Sun,18,278278,wisely
2026-02-08T22:56:45+00:00,2026-02-09T18:30:00-05:00,1473,24.6,Dinner,2,Mon,Sun,18,278278,wisely
2026-02-08T18:16:44+00:00,2026-02-09T19:00:00-05:00,1783,29.7,Dinner,2,Mon,Sun,19,278278,wisely
2026-02-08T18:57:22+00:00,2026-02-09T19:15:00-05:00,1758,29.3,Dinner,2,Mon,Sun,19,278278,wisely
2026-02-08T22:50:17+00:00,2026-02-09T20:00:00-05:00,1570,26.2,Dinner,2,Mon,Sun,20,278278,wisely
2026-02-09T00:58:29+00:00,2026-02-09T20:15:00-05:00,1457,24.3,Dinner,2,Mon,Sun,20,278278,wisely
2026-02-09T00:58:30+00:00,2026-02-09T20:15:00-05:00,1456,24.3,Dinner,4,Mon,Sun,20,278278,wisely
2026-02-08T22:26:10+00:00,2026-02-09T20:45:00-05:00,1639,27.3,Dinner,2,Mon,Sun,20,278278,wisely
2026-02-09T17:35:37+00:00,2026-02-09T20:45:00-05:00,489,8.2,Dinner,4,Mon,Mon,20,278278,wisely
2026-02-08T20:30:11+00:00,2026-02-10T02:00:00+00:00,1770,29.5,Dinner,2,Mon,Sun,21,278278,wisely
2026-02-08T22:50:22+00:00,2026-02-09T21:15:00-05:00,1645,27.4,Dinner,2,Mon,Sun,21,278278,wisely
2026-02-08T22:50:09+00:00,2026-02-09T21:15:00-05:00,1645,27.4,Dinner,4,Mon,Sun,21,278278,wisely
2026-02-08T22:26:18+00:00,2026-02-09T21:30:00-05:00,1684,28.1,Dinner,2,Mon,Sun,21,278278,wisely
2026-02-08T22:26:10+00:00,2026-02-09T21:30:00-05:00,1684,28.1,Dinner,4,Mon,Sun,21,278278,wisely
2026-02-08T22:12:25+00:00,2026-02-09T21:45:00-05:00,1713,28.5,Dinner,2,Mon,Sun,21,278278,wisely
2026-02-09T12:05:42+00:00,2026-02-10T11:30:00-05:00,1704,28.4,Lunch,2,Tue,Mon,11,278278,wisely
2026-02-09T12:05:43+00:00,2026-02-10T11:30:00-05:00,1704,28.4,Lunch,4,Tue,Mon,11,278278,wisely
2026-02-09T17:36:35+00:00,2026-02-10T11:45:00-05:00,1388,23.1,Lunch,2,Tue,Mon,11,278278,wisely
2026-02-09T17:36:35+00:00,2026-02-10T11:45:00-05:00,1388,23.1,Lunch,4,Tue,Mon,11,278278,wisely
2026-02-09T22:04:05+00:00,2026-02-10T12:00:00-05:00,1136,18.9,Lunch,2,Tue,Mon,12,278278,wisely
2026-02-09T22:04:06+00:00,2026-02-10T12:00:00-05:00,1136,18.9,Lunch,4,Tue,Mon,12,278278,wisely
2026-02-09T22:54:58+00:00,2026-02-10T12:15:00-05:00,1100,18.3,Lunch,2,Tue,Mon,12,278278,wisely
2026-02-09T22:54:59+00:00,2026-02-10T12:15:00-05:00,1100,18.3,Lunch,4,Tue,Mon,12,278278,wisely
2026-02-09T23:35:48+00:00,2026-02-10T12:30:00-05:00,1074,17.9,Lunch,2,Tue,Mon,12,278278,wisely
2026-02-09T23:35:48+00:00,2026-02-10T12:30:00-05:00,1074,17.9,Lunch,4,Tue,Mon,12,278278,wisely
2026-02-09T20:27:20+00:00,2026-02-10T12:45:00-05:00,1278,21.3,Lunch,2,Tue,Mon,12,278278,wisely
2026-02-09T20:27:21+00:00,2026-02-10T12:45:00-05:00,1278,21.3,Lunch,4,Tue,Mon,12,278278,wisely
2026-02-10T15:17:42+00:00,2026-02-10T13:00:00-05:00,162,2.7,Lunch,2,Tue,Tue,13,278278,wisely
2026-02-10T15:17:43+00:00,2026-02-10T13:00:00-05:00,162,2.7,Lunch,4,Tue,Tue,13,278278,wisely
2026-02-09T17:36:35+00:00,2026-02-10T13:15:00-05:00,1478,24.6,Lunch,2,Tue,Mon,13,278278,wisely
2026-02-09T17:36:36+00:00,2026-02-10T13:15:00-05:00,1478,24.6,Lunch,4,Tue,Mon,13,278278,wisely
2026-02-08T05:15:37+00:00,2026-02-10T13:45:00-05:00,3689,61.5,Lunch,2,Tue,Sun,13,278278,wisely
2026-02-08T05:15:37+00:00,2026-02-10T14:00:00-05:00,3704,61.7,Lunch,2,Tue,Sun,14,278278,wisely
2026-02-08T05:15:38+00:00,2026-02-10T14:00:00-05:00,3704,61.7,Lunch,4,Tue,Sun,14,278278,wisely
2026-02-08T05:15:37+00:00,2026-02-10T14:15:00-05:00,3719,62.0,Lunch,2,Tue,Sun,14,278278,wisely
2026-02-08T05:15:38+00:00,2026-02-10T14:15:00-05:00,3719,62.0,Lunch,4,Tue,Sun,14,278278,wisely
2026-02-09T10:40:45+00:00,2026-02-10T14:30:00-05:00,1969,32.8,Lunch,2,Tue,Mon,14,278278,wisely
2026-02-08T05:15:38+00:00,2026-02-10T14:30:00-05:00,3734,62.2,Lunch,4,Tue,Sun,14,278278,wisely
2026-02-10T00:05:40+00:00,2026-02-10T14:45:00-05:00,1179,19.7,Lunch,2,Tue,Mon,14,278278,wisely
2026-02-10T14:06:43+00:00,2026-02-10T15:00:00-05:00,353,5.9,Lunch,2,Tue,Tue,15,278278,wisely
2026-02-10T16:18:35+00:00,2026-02-10T15:45:00-05:00,266,4.4,Lunch,2,Tue,Tue,15,278278,wisely
2026-02-10T16:18:36+00:00,2026-02-10T15:45:00-05:00,266,4.4,Lunch,4,Tue,Tue,15,278278,wisely
2026-02-10T12:36:18+00:00,2026-02-10T16:00:00-05:00,504,8.4,Lunch,2,Tue,Tue,16,278278,wisely
2026-02-10T12:36:19+00:00,2026-02-10T16:00:00-05:00,504,8.4,Lunch,4,Tue,Tue,16,278278,wisely
2026-02-10T20:46:27+00:00,2026-02-10T16:15:00-05:00,29,0.5,Lunch,2,Tue,Tue,16,278278,wisely
2026-02-10T20:46:28+00:00,2026-02-10T16:15:00-05:00,29,0.5,Lunch,4,Tue,Tue,16,278278,wisely
2026-02-10T01:06:34+00:00,2026-02-10T16:30:00-05:00,1223,20.4,Dinner,2,Tue,Mon,16,278278,wisely
2026-02-10T15:17:10+00:00,2026-02-10T17:00:00-05:00,403,6.7,Dinner,2,Tue,Tue,17,278278,wisely
2026-02-10T21:30:08+00:00,2026-02-10T17:00:00-05:00,30,0.5,Dinner,4,Tue,Tue,17,278278,wisely
2026-02-09T14:41:18+00:00,2026-02-10T17:30:00-05:00,1909,31.8,Dinner,2,Tue,Mon,17,278278,wisely
2026-02-10T14:06:14+00:00,2026-02-10T17:30:00-05:00,504,8.4,Dinner,4,Tue,Tue,17,278278,wisely
2026-02-10T14:06:13+00:00,2026-02-10T17:45:00-05:00,519,8.6,Dinner,2,Tue,Tue,17,278278,wisely
2026-02-10T14:06:14+00:00,2026-02-10T17:45:00-05:00,519,8.6,Dinner,4,Tue,Tue,17,278278,wisely
2026-02-09T23:35:15+00:00,2026-02-10T18:15:00-05:00,1420,23.7,Dinner,2,Tue,Mon,18,278278,wisely
2026-02-09T23:35:15+00:00,2026-02-10T19:00:00-05:00,1465,24.4,Dinner,2,Tue,Mon,19,278278,wisely
2026-02-10T14:06:13+00:00,2026-02-10T19:30:00-05:00,624,10.4,Dinner,2,Tue,Tue,19,278278,wisely
2026-02-10T14:06:14+00:00,2026-02-10T19:30:00-05:00,624,10.4,Dinner,4,Tue,Tue,19,278278,wisely
2026-02-09T23:50:58+00:00,2026-02-10T19:45:00-05:00,1494,24.9,Dinner,2,Tue,Mon,19,278278,wisely
2026-02-09T23:50:58+00:00,2026-02-10T19:45:00-05:00,1494,24.9,Dinner,4,Tue,Mon,19,278278,wisely
2026-02-07T15:45:06+00:00,2026-02-10T20:00:00-05:00,4875,81.2,Dinner,2,Tue,Sat,20,278278,wisely
2026-02-10T14:06:22+00:00,2026-02-10T20:45:00-05:00,699,11.6,Dinner,2,Tue,Tue,20,278278,wisely
2026-02-09T23:06:15+00:00,2026-02-10T21:00:00-05:00,1614,26.9,Dinner,2,Tue,Mon,21,278278,wisely
2026-02-09T23:06:16+00:00,2026-02-10T21:00:00-05:00,1614,26.9,Dinner,4,Tue,Mon,21,278278,wisely
2026-02-09T17:36:22+00:00,2026-02-10T21:15:00-05:00,1959,32.6,Dinner,2,Tue,Mon,21,278278,wisely
2026-02-09T17:36:22+00:00,2026-02-10T21:15:00-05:00,1959,32.6,Dinner,4,Tue,Mon,21,278278,wisely
2026-02-09T22:54:37+00:00,2026-02-10T21:30:00-05:00,1655,27.6,Dinner,2,Tue,Mon,21,278278,wisely
2026-02-09T22:54:37+00:00,2026-02-10T21:30:00-05:00,1655,27.6,Dinner,4,Tue,Mon,21,278278,wisely
2026-02-09T22:24:30+00:00,2026-02-10T21:45:00-05:00,1700,28.3,Dinner,2,Tue,Mon,21,278278,wisely
2026-02-09T22:24:30+00:00,2026-02-10T21:45:00-05:00,1700,28.3,Dinner,4,Tue,Mon,21,278278,wisely
2026-02-10T14:06:57+00:00,2026-02-11T11:30:00-05:00,1583,26.4,Lunch,2,Wed,Tue,11,278278,wisely
2026-02-10T14:06:57+00:00,2026-02-11T11:30:00-05:00,1583,26.4,Lunch,4,Wed,Tue,11,278278,wisely
2026-02-10T16:18:56+00:00,2026-02-11T11:45:00-05:00,1466,24.4,Lunch,2,Wed,Tue,11,278278,wisely
2026-02-10T16:18:56+00:00,2026-02-11T11:45:00-05:00,1466,24.4,Lunch,4,Wed,Tue,11,278278,wisely
2026-02-09T14:42:06+00:00,2026-02-11T12:00:00-05:00,3018,50.3,Lunch,2,Wed,Mon,12,278278,wisely
2026-02-09T14:42:07+00:00,2026-02-11T12:00:00-05:00,3018,50.3,Lunch,4,Wed,Mon,12,278278,wisely
2026-02-10T22:10:21+00:00,2026-02-11T12:15:00-05:00,1145,19.1,Lunch,2,Wed,Tue,12,278278,wisely
2026-02-11T11:06:16+00:00,2026-02-11T12:30:00-05:00,384,6.4,Lunch,2,Wed,Wed,12,278278,wisely
2026-02-10T22:10:24+00:00,2026-02-11T12:45:00-05:00,1175,19.6,Lunch,2,Wed,Tue,12,278278,wisely
2026-02-10T22:50:07+00:00,2026-02-11T12:45:00-05:00,1135,18.9,Lunch,4,Wed,Tue,12,278278,wisely
2026-02-10T22:10:24+00:00,2026-02-11T13:00:00-05:00,1190,19.8,Lunch,2,Wed,Tue,13,278278,wisely
2026-02-10T22:10:22+00:00,2026-02-11T13:00:00-05:00,1190,19.8,Lunch,4,Wed,Tue,13,278278,wisely
2026-02-09T20:27:52+00:00,2026-02-11T13:15:00-05:00,2747,45.8,Lunch,2,Wed,Mon,13,278278,wisely
2026-02-09T20:27:53+00:00,2026-02-11T13:15:00-05:00,2747,45.8,Lunch,4,Wed,Mon,13,278278,wisely
2026-02-10T19:44:05+00:00,2026-02-11T13:30:00-05:00,1366,22.8,Lunch,2,Wed,Tue,13,278278,wisely
2026-02-11T15:12:27+00:00,2026-02-11T14:15:00-05:00,243,4.0,Lunch,2,Wed,Wed,14,278278,wisely
2026-02-11T15:12:28+00:00,2026-02-11T14:15:00-05:00,243,4.0,Lunch,4,Wed,Wed,14,278278,wisely
2026-02-11T17:29:11+00:00,2026-02-11T14:30:00-05:00,121,2.0,Dinner,2,Wed,Wed,14,278278,wisely
2026-02-09T05:21:58+00:00,2026-02-11T14:30:00-05:00,3728,62.1,Lunch,2,Wed,Mon,14,278278,wisely
2026-02-11T17:29:13+00:00,2026-02-11T14:30:00-05:00,121,2.0,Dinner,4,Wed,Wed,14,278278,wisely
2026-02-09T05:21:58+00:00,2026-02-11T14:30:00-05:00,3728,62.1,Lunch,4,Wed,Mon,14,278278,wisely
2026-02-11T15:12:06+00:00,2026-02-11T14:45:00-05:00,273,4.5,Dinner,2,Wed,Wed,14,278278,wisely
2026-02-09T05:21:58+00:00,2026-02-11T14:45:00-05:00,3743,62.4,Lunch,2,Wed,Mon,14,278278,wisely
2026-02-11T15:12:08+00:00,2026-02-11T14:45:00-05:00,273,4.5,Dinner,4,Wed,Wed,14,278278,wisely
2026-02-09T05:21:58+00:00,2026-02-11T14:45:00-05:00,3743,62.4,Lunch,4,Wed,Mon,14,278278,wisely
2026-02-11T14:08:35+00:00,2026-02-11T15:00:00-05:00,351,5.9,Dinner,2,Wed,Wed,15,278278,wisely
2026-02-09T05:21:58+00:00,2026-02-11T15:00:00-05:00,3758,62.6,Lunch,2,Wed,Mon,15,278278,wisely
2026-02-11T14:08:37+00:00,2026-02-11T15:00:00-05:00,351,5.9,Dinner,4,Wed,Wed,15,278278,wisely
2026-02-09T05:21:58+00:00,2026-02-11T15:00:00-05:00,3758,62.6,Lunch,4,Wed,Mon,15,278278,wisely
2026-02-11T14:08:36+00:00,2026-02-11T15:15:00-05:00,366,6.1,Dinner,2,Wed,Wed,15,278278,wisely
2026-02-11T14:09:01+00:00,2026-02-11T15:15:00-05:00,366,6.1,Lunch,2,Wed,Wed,15,278278,wisely
2026-02-11T14:08:37+00:00,2026-02-11T15:15:00-05:00,366,6.1,Dinner,4,Wed,Wed,15,278278,wisely
2026-02-11T14:09:01+00:00,2026-02-11T15:15:00-05:00,366,6.1,Lunch,4,Wed,Wed,15,278278,wisely
2026-02-10T23:27:40+00:00,2026-02-11T15:45:00-05:00,1277,21.3,Lunch,2,Wed,Tue,15,278278,wisely
2026-02-10T23:27:40+00:00,2026-02-11T15:45:00-05:00,1277,21.3,Lunch,4,Wed,Tue,15,278278,wisely
2026-02-11T03:23:26+00:00,2026-02-11T16:00:00-05:00,1057,17.6,Lunch,2,Wed,Tue,16,278278,wisely
2026-02-11T03:23:26+00:00,2026-02-11T16:00:00-05:00,1057,17.6,Lunch,4,Wed,Tue,16,278278,wisely
2026-02-08T16:52:59+00:00,2026-02-11T16:30:00-05:00,4597,76.6,Dinner,2,Wed,Sun,16,278278,wisely
2026-02-08T16:52:59+00:00,2026-02-11T16:30:00-05:00,4597,76.6,Dinner,4,Wed,Sun,16,278278,wisely
2026-02-10T22:10:06+00:00,2026-02-11T16:45:00-05:00,1415,23.6,Dinner,2,Wed,Tue,16,278278,wisely
2026-02-10T22:10:07+00:00,2026-02-11T16:45:00-05:00,1415,23.6,Dinner,4,Wed,Tue,16,278278,wisely
2026-02-11T00:02:52+00:00,2026-02-11T18:00:00-05:00,1377,23.0,Dinner,2,Wed,Tue,18,278278,wisely
2026-02-11T05:16:40+00:00,2026-02-11T18:30:00-05:00,1093,18.2,Dinner,2,Wed,Wed,18,278278,wisely
2026-02-11T05:16:41+00:00,2026-02-11T18:30:00-05:00,1093,18.2,Dinner,4,Wed,Wed,18,278278,wisely
2026-02-08T18:58:34+00:00,2026-02-11T20:45:00-05:00,4726,78.8,Dinner,2,Wed,Sun,20,278278,wisely
2026-02-08T18:58:34+00:00,2026-02-11T20:45:00-05:00,4726,78.8,Dinner,4,Wed,Sun,20,278278,wisely
2026-02-10T22:10:06+00:00,2026-02-11T21:00:00-05:00,1670,27.8,Dinner,2,Wed,Tue,21,278278,wisely
2026-02-10T22:10:07+00:00,2026-02-11T21:00:00-05:00,1670,27.8,Dinner,4,Wed,Tue,21,278278,wisely
2026-02-10T22:10:07+00:00,2026-02-11T21:15:00-05:00,1685,28.1,Dinner,2,Wed,Tue,21,278278,wisely
2026-02-10T22:10:07+00:00,2026-02-11T21:15:00-05:00,1685,28.1,Dinner,4,Wed,Tue,21,278278,wisely
2026-02-11T15:12:16+00:00,2026-02-11T21:30:00-05:00,678,11.3,Dinner,2,Wed,Wed,21,278278,wisely
2026-02-11T15:12:17+00:00,2026-02-11T21:30:00-05:00,678,11.3,Dinner,4,Wed,Wed,21,278278,wisely
2026-02-10T22:10:12+00:00,2026-02-11T21:45:00-05:00,1715,28.6,Dinner,2,Wed,Tue,21,278278,wisely
2026-02-10T22:10:13+00:00,2026-02-11T21:45:00-05:00,1715,28.6,Dinner,4,Wed,Tue,21,278278,wisely
2026-02-12T00:56:56+00:00,2026-02-12T11:30:00-05:00,933,15.6,Lunch,2,Thu,Wed,11,278278,wisely
2026-02-12T00:56:58+00:00,2026-02-12T11:30:00-05:00,933,15.6,Lunch,4,Thu,Wed,11,278278,wisely
2026-02-11T17:30:00+00:00,2026-02-12T11:45:00-05:00,1395,23.2,Lunch,2,Thu,Wed,11,278278,wisely
2026-02-11T17:30:01+00:00,2026-02-12T11:45:00-05:00,1395,23.2,Lunch,4,Thu,Wed,11,278278,wisely
2026-02-12T16:34:45+00:00,2026-02-12T12:15:00-05:00,40,0.7,Lunch,2,Thu,Thu,12,278278,wisely
2026-02-12T16:34:47+00:00,2026-02-12T12:15:00-05:00,40,0.7,Lunch,4,Thu,Thu,12,278278,wisely
2026-02-10T05:45:11+00:00,2026-02-12T12:30:00-05:00,3585,59.7,Lunch,2,Thu,Tue,12,278278,wisely
2026-02-10T19:44:24+00:00,2026-02-12T12:30:00-05:00,2746,45.8,Lunch,4,Thu,Tue,12,278278,wisely
2026-02-10T23:27:54+00:00,2026-02-12T12:45:00-05:00,2537,42.3,Lunch,2,Thu,Tue,12,278278,wisely
2026-02-10T23:27:54+00:00,2026-02-12T12:45:00-05:00,2537,42.3,Lunch,4,Thu,Tue,12,278278,wisely
2026-02-10T05:45:11+00:00,2026-02-12T13:00:00-05:00,3615,60.2,Lunch,2,Thu,Tue,13,278278,wisely
2026-02-10T15:18:41+00:00,2026-02-12T13:00:00-05:00,3041,50.7,Lunch,4,Thu,Tue,13,278278,wisely
2026-02-11T23:02:42+00:00,2026-02-12T18:15:00+00:00,1152,19.2,Lunch,2,Thu,Wed,13,278278,wisely
2026-02-11T23:02:42+00:00,2026-02-12T18:15:00+00:00,1152,19.2,Lunch,4,Thu,Wed,13,278278,wisely
2026-02-11T22:31:00+00:00,2026-02-12T13:30:00-05:00,1199,20.0,Lunch,2,Thu,Wed,13,278278,wisely
2026-02-11T22:31:00+00:00,2026-02-12T13:30:00-05:00,1199,20.0,Lunch,4,Thu,Wed,13,278278,wisely
2026-02-11T16:19:12+00:00,2026-02-12T13:45:00-05:00,1586,26.4,Lunch,2,Thu,Wed,13,278278,wisely
2026-02-11T16:19:13+00:00,2026-02-12T13:45:00-05:00,1586,26.4,Lunch,4,Thu,Wed,13,278278,wisely
2026-02-12T15:33:07+00:00,2026-02-12T14:00:00-05:00,207,3.4,Lunch,2,Thu,Thu,14,278278,wisely
2026-02-12T15:33:09+00:00,2026-02-12T14:00:00-05:00,207,3.4,Lunch,4,Thu,Thu,14,278278,wisely
2026-02-10T05:45:11+00:00,2026-02-12T14:45:00-05:00,3720,62.0,Lunch,2,Thu,Tue,14,278278,wisely
2026-02-10T05:45:12+00:00,2026-02-12T14:45:00-05:00,3720,62.0,Lunch,4,Thu,Tue,14,278278,wisely
2026-02-11T16:19:12+00:00,2026-02-12T15:00:00-05:00,1661,27.7,Lunch,2,Thu,Wed,15,278278,wisely
2026-02-11T16:19:13+00:00,2026-02-12T15:00:00-05:00,1661,27.7,Lunch,4,Thu,Wed,15,278278,wisely
2026-02-10T18:37:22+00:00,2026-02-12T15:15:00-05:00,2978,49.6,Lunch,2,Thu,Tue,15,278278,wisely
2026-02-10T18:37:22+00:00,2026-02-12T15:15:00-05:00,2978,49.6,Lunch,4,Thu,Tue,15,278278,wisely
2026-02-11T18:34:21+00:00,2026-02-12T15:30:00-05:00,1556,25.9,Lunch,2,Thu,Wed,15,278278,wisely
2026-02-11T18:34:21+00:00,2026-02-12T15:30:00-05:00,1556,25.9,Lunch,4,Thu,Wed,15,278278,wisely
2026-02-12T05:16:55+00:00,2026-02-12T16:00:00-05:00,943,15.7,Lunch,2,Thu,Thu,16,278278,wisely
2026-02-12T05:16:55+00:00,2026-02-12T16:00:00-05:00,943,15.7,Lunch,4,Thu,Thu,16,278278,wisely
2026-02-11T18:34:21+00:00,2026-02-12T16:15:00-05:00,1601,26.7,Lunch,2,Thu,Wed,16,278278,wisely
2026-02-09T15:38:10+00:00,2026-02-12T16:30:00-05:00,4672,77.9,Dinner,2,Thu,Mon,16,278278,wisely
2026-02-09T15:38:11+00:00,2026-02-12T16:30:00-05:00,4672,77.9,Dinner,4,Thu,Mon,16,278278,wisely
2026-02-11T22:30:43+00:00,2026-02-12T16:45:00-05:00,1394,23.2,Dinner,2,Thu,Wed,16,278278,wisely
2026-02-11T22:30:45+00:00,2026-02-12T16:45:00-05:00,1394,23.2,Dinner,4,Thu,Wed,16,278278,wisely
2026-02-11T22:30:44+00:00,2026-02-12T17:00:00-05:00,1409,23.5,Dinner,2,Thu,Wed,17,278278,wisely
2026-02-11T22:30:45+00:00,2026-02-12T17:00:00-05:00,1409,23.5,Dinner,4,Thu,Wed,17,278278,wisely
2026-02-11T22:30:44+00:00,2026-02-12T17:15:00-05:00,1424,23.7,Dinner,2,Thu,Wed,17,278278,wisely
2026-02-11T22:30:45+00:00,2026-02-12T17:15:00-05:00,1424,23.7,Dinner,4,Thu,Wed,17,278278,wisely
2026-02-11T22:30:47+00:00,2026-02-12T17:45:00-05:00,1454,24.2,Dinner,2,Thu,Wed,17,278278,wisely
2026-02-11T22:30:47+00:00,2026-02-12T17:45:00-05:00,1454,24.2,Dinner,4,Thu,Wed,17,278278,wisely
2026-02-11T23:02:12+00:00,2026-02-12T23:45:00+00:00,1483,24.7,Dinner,2,Thu,Wed,18,278278,wisely
2026-02-11T23:02:13+00:00,2026-02-12T23:45:00+00:00,1483,24.7,Dinner,4,Thu,Wed,18,278278,wisely
2026-02-11T22:30:52+00:00,2026-02-12T21:00:00-05:00,1649,27.5,Dinner,2,Thu,Wed,21,278278,wisely
2026-02-11T22:30:52+00:00,2026-02-12T21:00:00-05:00,1649,27.5,Dinner,4,Thu,Wed,21,278278,wisely
2026-02-10T23:51:51+00:00,2026-02-12T21:15:00-05:00,3023,50.4,Dinner,2,Thu,Tue,21,278278,wisely
2026-02-09T21:54:39+00:00,2026-02-12T21:30:00-05:00,4595,76.6,Dinner,2,Thu,Mon,21,278278,wisely
2026-02-09T21:54:39+00:00,2026-02-12T21:30:00-05:00,4595,76.6,Dinner,4,Thu,Mon,21,278278,wisely
2026-02-11T22:30:54+00:00,2026-02-12T21:45:00-05:00,1694,28.2,Dinner,2,Thu,Wed,21,278278,wisely
2026-02-11T22:30:54+00:00,2026-02-12T21:45:00-05:00,1694,28.2,Dinner,4,Thu,Wed,21,278278,wisely
2026-02-11T18:34:43+00:00,2026-02-13T11:30:00-05:00,2755,45.9,Lunch,2,Fri,Wed,11,278278,wisely
2026-02-11T18:34:44+00:00,2026-02-13T11:30:00-05:00,2755,45.9,Lunch,4,Fri,Wed,11,278278,wisely
2026-02-11T17:30:31+00:00,2026-02-13T11:45:00-05:00,2834,47.2,Lunch,2,Fri,Wed,11,278278,wisely
2026-02-11T17:30:32+00:00,2026-02-13T11:45:00-05:00,2834,47.2,Lunch,4,Fri,Wed,11,278278,wisely
2026-02-12T22:17:59+00:00,2026-02-13T17:00:00+00:00,1122,18.7,Lunch,2,Fri,Thu,12,278278,wisely
2026-02-12T22:18:01+00:00,2026-02-13T17:00:00+00:00,1122,18.7,Lunch,4,Fri,Thu,12,278278,wisely
2026-02-11T05:17:33+00:00,2026-02-13T12:15:00-05:00,3597,60.0,Lunch,2,Fri,Wed,12,278278,wisely
2026-02-12T14:41:07+00:00,2026-02-13T12:30:00-05:00,1609,26.8,Lunch,2,Fri,Thu,12,278278,wisely
2026-02-12T14:41:07+00:00,2026-02-13T12:30:00-05:00,1609,26.8,Lunch,4,Fri,Thu,12,278278,wisely
2026-02-12T22:18:08+00:00,2026-02-13T18:45:00+00:00,1227,20.4,Lunch,2,Fri,Thu,13,278278,wisely
2026-02-12T22:18:09+00:00,2026-02-13T18:45:00+00:00,1227,20.4,Lunch,4,Fri,Thu,13,278278,wisely
2026-02-13T03:50:24+00:00,2026-02-13T14:00:00-05:00,910,15.2,Lunch,2,Fri,Thu,14,278278,wisely
2026-02-13T03:50:25+00:00,2026-02-13T14:00:00-05:00,910,15.2,Lunch,4,Fri,Thu,14,278278,wisely
2026-02-12T13:53:28+00:00,2026-02-13T14:30:00-05:00,1777,29.6,Lunch,2,Fri,Thu,14,278278,wisely
2026-02-12T13:53:28+00:00,2026-02-13T14:30:00-05:00,1777,29.6,Lunch,4,Fri,Thu,14,278278,wisely
2026-02-12T22:18:12+00:00,2026-02-13T19:45:00+00:00,1287,21.4,Lunch,2,Fri,Thu,14,278278,wisely
2026-02-12T22:22:41+00:00,2026-02-13T14:45:00-05:00,1282,21.4,Lunch,4,Fri,Thu,14,278278,wisely
2026-02-13T15:10:04+00:00,2026-02-13T15:00:00-05:00,290,4.8,Lunch,4,Fri,Fri,15,278278,wisely
2026-02-11T16:19:39+00:00,2026-02-13T15:15:00-05:00,3115,51.9,Lunch,2,Fri,Wed,15,278278,wisely
2026-02-11T16:19:39+00:00,2026-02-13T15:15:00-05:00,3115,51.9,Lunch,4,Fri,Wed,15,278278,wisely
2026-02-13T14:28:19+00:00,2026-02-13T15:30:00-05:00,362,6.0,Lunch,4,Fri,Fri,15,278278,wisely
2026-02-13T17:32:47+00:00,2026-02-13T16:00:00-05:00,207,3.5,Lunch,2,Fri,Fri,16,278278,wisely
2026-02-13T17:32:48+00:00,2026-02-13T16:00:00-05:00,207,3.5,Lunch,4,Fri,Fri,16,278278,wisely
2026-02-12T21:48:20+00:00,2026-02-13T16:30:00-05:00,1422,23.7,Dinner,2,Fri,Thu,16,278278,wisely
2026-02-12T21:48:22+00:00,2026-02-13T16:30:00-05:00,1422,23.7,Dinner,4,Fri,Thu,16,278278,wisely
2026-02-12T22:17:37+00:00,2026-02-13T21:45:00+00:00,1407,23.5,Dinner,2,Fri,Thu,16,278278,wisely
2026-02-12T22:17:38+00:00,2026-02-13T21:45:00+00:00,1407,23.5,Dinner,4,Fri,Thu,16,278278,wisely
2026-02-12T07:31:22+00:00,2026-02-13T17:15:00-05:00,2324,38.7,Dinner,2,Fri,Thu,17,278278,wisely
2026-02-12T07:31:22+00:00,2026-02-13T17:15:00-05:00,2324,38.7,Dinner,4,Fri,Thu,17,278278,wisely
2026-02-12T23:49:21+00:00,2026-02-13T22:45:00+00:00,1376,22.9,Dinner,2,Fri,Thu,17,278278,wisely
2026-02-12T23:49:23+00:00,2026-02-13T22:45:00+00:00,1376,22.9,Dinner,4,Fri,Thu,17,278278,wisely
2026-02-12T23:49:22+00:00,2026-02-14T00:45:00+00:00,1496,24.9,Dinner,2,Fri,Thu,19,278278,wisely
2026-02-12T23:49:23+00:00,2026-02-14T00:45:00+00:00,1496,24.9,Dinner,4,Fri,Thu,19,278278,wisely
2026-02-13T15:09:29+00:00,2026-02-13T21:45:00-05:00,696,11.6,Dinner,2,Fri,Fri,21,278278,wisely
2026-02-13T14:28:33+00:00,2026-02-14T12:00:00-05:00,1591,26.5,Lunch,2,Sat,Fri,12,278278,wisely
2026-02-13T14:28:33+00:00,2026-02-14T12:00:00-05:00,1591,26.5,Lunch,4,Sat,Fri,12,278278,wisely
2026-02-14T13:26:23+00:00,2026-02-14T12:15:00-05:00,229,3.8,Lunch,2,Sat,Sat,12,278278,wisely
2026-02-14T06:25:46+00:00,2026-02-14T12:45:00-05:00,679,11.3,Lunch,2,Sat,Sat,12,278278,wisely
2026-02-14T06:25:47+00:00,2026-02-14T12:45:00-05:00,679,11.3,Lunch,4,Sat,Sat,12,278278,wisely
2026-02-14T00:01:53+00:00,2026-02-14T13:00:00-05:00,1078,18.0,Lunch,2,Sat,Fri,13,278278,wisely
2026-02-14T00:02:04+00:00,2026-02-14T13:00:00-05:00,1078,18.0,Lunch,4,Sat,Fri,13,278278,wisely
2026-02-13T21:00:37+00:00,2026-02-14T14:45:00-05:00,1364,22.7,Dinner,2,Sat,Fri,14,278278,wisely
2026-02-12T20:53:25+00:00,2026-02-14T19:45:00-05:00,3112,51.9,Dinner,2,Sat,Thu,19,278278,wisely
2026-02-12T20:53:27+00:00,2026-02-14T19:45:00-05:00,3112,51.9,Dinner,4,Sat,Thu,19,278278,wisely
2026-02-13T12:27:20+00:00,2026-02-15T11:30:00-05:00,3123,52.0,Lunch,2,Sun,Fri,11,278278,wisely
2026-02-13T12:27:21+00:00,2026-02-15T11:30:00-05:00,3123,52.0,Lunch,4,Sun,Fri,11,278278,wisely
2026-02-14T22:56:49+00:00,2026-02-15T11:45:00-05:00,1068,17.8,Lunch,2,Sun,Sat,11,278278,wisely
2026-02-14T22:56:50+00:00,2026-02-15T11:45:00-05:00,1068,17.8,Lunch,4,Sun,Sat,11,278278,wisely
2026-02-13T15:59:24+00:00,2026-02-15T12:00:00-05:00,2941,49.0,Lunch,2,Sun,Fri,12,278278,wisely
2026-02-13T15:59:25+00:00,2026-02-15T12:00:00-05:00,2941,49.0,Lunch,4,Sun,Fri,12,278278,wisely
2026-02-15T16:57:08+00:00,2026-02-15T12:30:00-05:00,33,0.5,Lunch,2,Sun,Sun,12,278278,wisely
2026-02-14T22:17:46+00:00,2026-02-15T12:45:00-05:00,1167,19.5,Lunch,2,Sun,Sat,12,278278,wisely
2026-02-14T22:17:46+00:00,2026-02-15T12:45:00-05:00,1167,19.5,Lunch,4,Sun,Sat,12,278278,wisely
2026-02-14T22:17:46+00:00,2026-02-15T13:30:00-05:00,1212,20.2,Lunch,2,Sun,Sat,13,278278,wisely
2026-02-13T23:04:58+00:00,2026-02-15T14:00:00-05:00,2635,43.9,Lunch,2,Sun,Fri,14,278278,wisely
2026-02-14T22:17:47+00:00,2026-02-15T14:00:00-05:00,1242,20.7,Lunch,4,Sun,Sat,14,278278,wisely
2026-02-15T19:59:47+00:00,2026-02-15T15:15:00-05:00,15,0.3,Lunch,2,Sun,Sun,15,278278,wisely
2026-02-15T19:59:48+00:00,2026-02-15T15:15:00-05:00,15,0.3,Lunch,4,Sun,Sun,15,278278,wisely
2026-02-14T22:45:53+00:00,2026-02-15T15:45:00-05:00,1319,22.0,Lunch,2,Sun,Sat,15,278278,wisely
2026-02-14T22:45:55+00:00,2026-02-15T15:45:00-05:00,1319,22.0,Lunch,4,Sun,Sat,15,278278,wisely
2026-02-14T21:46:09+00:00,2026-02-15T21:00:00+00:00,1394,23.2,Lunch,2,Sun,Sat,16,278278,wisely
2026-02-14T21:46:11+00:00,2026-02-15T21:00:00+00:00,1394,23.2,Lunch,4,Sun,Sat,16,278278,wisely
2026-02-15T20:54:00+00:00,2026-02-15T16:45:00-05:00,51,0.8,Dinner,2,Sun,Sun,16,278278,wisely
2026-02-14T23:11:49+00:00,2026-02-15T19:00:00-05:00,1488,24.8,Dinner,2,Sun,Sat,19,278278,wisely
2026-02-14T23:11:51+00:00,2026-02-15T19:00:00-05:00,1488,24.8,Dinner,4,Sun,Sat,19,278278,wisely
2026-02-14T07:47:46+00:00,2026-02-15T20:15:00-05:00,2487,41.5,Dinner,2,Sun,Sat,20,278278,wisely
2026-02-14T07:47:49+00:00,2026-02-15T20:15:00-05:00,2487,41.5,Dinner,4,Sun,Sat,20,278278,wisely
2026-02-15T01:22:23+00:00,2026-02-15T20:30:00-05:00,1448,24.1,Dinner,2,Sun,Sat,20,278278,wisely
2026-02-15T01:22:25+00:00,2026-02-15T20:30:00-05:00,1448,24.1,Dinner,4,Sun,Sat,20,278278,wisely
2026-02-15T18:17:08+00:00,2026-02-15T21:15:00-05:00,478,8.0,Dinner,2,Sun,Sun,21,278278,wisely
2026-02-15T18:17:09+00:00,2026-02-15T21:15:00-05:00,478,8.0,Dinner,4,Sun,Sun,21,278278,wisely
2026-02-14T05:42:51+00:00,2026-02-16T11:30:00-05:00,3527,58.8,Lunch,2,Mon,Sat,11,278278,wisely
2026-02-14T05:42:52+00:00,2026-02-16T11:30:00-05:00,3527,58.8,Lunch,4,Mon,Sat,11,278278,wisely
2026-02-14T22:57:12+00:00,2026-02-16T11:45:00-05:00,2508,41.8,Lunch,2,Mon,Sat,11,278278,wisely
2026-02-14T22:57:12+00:00,2026-02-16T11:45:00-05:00,2508,41.8,Lunch,4,Mon,Sat,11,278278,wisely
2026-02-15T22:33:45+00:00,2026-02-16T12:15:00-05:00,1121,18.7,Lunch,2,Mon,Sun,12,278278,wisely
2026-02-14T16:52:45+00:00,2026-02-16T13:00:00-05:00,2947,49.1,Lunch,2,Mon,Sat,13,278278,wisely
2026-02-15T22:00:22+00:00,2026-02-16T18:00:00+00:00,1200,20.0,Lunch,4,Mon,Sun,13,278278,wisely
2026-02-15T19:47:32+00:00,2026-02-16T13:15:00-05:00,1347,22.5,Lunch,2,Mon,Sun,13,278278,wisely
2026-02-15T19:47:33+00:00,2026-02-16T13:15:00-05:00,1347,22.5,Lunch,4,Mon,Sun,13,278278,wisely
2026-02-15T14:02:36+00:00,2026-02-16T13:45:00-05:00,1722,28.7,Lunch,2,Mon,Sun,13,278278,wisely
2026-02-15T22:00:26+00:00,2026-02-16T14:00:00-05:00,1260,21.0,Lunch,2,Mon,Sun,14,278278,wisely
2026-02-15T22:00:26+00:00,2026-02-16T19:00:00+00:00,1260,21.0,Lunch,4,Mon,Sun,14,278278,wisely
2026-02-15T16:27:21+00:00,2026-02-16T14:30:00-05:00,1623,27.0,Lunch,2,Mon,Sun,14,278278,wisely
2026-02-15T16:27:21+00:00,2026-02-16T14:30:00-05:00,1623,27.0,Lunch,4,Mon,Sun,14,278278,wisely
2026-02-15T15:56:23+00:00,2026-02-16T15:15:00-05:00,1699,28.3,Lunch,2,Mon,Sun,15,278278,wisely
2026-02-15T15:56:24+00:00,2026-02-16T15:15:00-05:00,1699,28.3,Lunch,4,Mon,Sun,15,278278,wisely
2026-02-15T22:33:58+00:00,2026-02-16T15:30:00-05:00,1316,21.9,Lunch,2,Mon,Sun,15,278278,wisely
2026-02-15T22:34:00+00:00,2026-02-16T16:00:00-05:00,1346,22.4,Lunch,4,Mon,Sun,16,278278,wisely
2026-02-15T16:27:04+00:00,2026-02-16T16:30:00-05:00,1743,29.0,Dinner,2,Mon,Sun,16,278278,wisely
2026-02-15T16:27:05+00:00,2026-02-16T16:30:00-05:00,1743,29.0,Dinner,4,Mon,Sun,16,278278,wisely
2026-02-16T14:57:52+00:00,2026-02-16T16:45:00-05:00,407,6.8,Dinner,2,Mon,Mon,16,278278,wisely
2026-02-16T14:57:53+00:00,2026-02-16T16:45:00-05:00,407,6.8,Dinner,4,Mon,Mon,16,278278,wisely
2026-02-15T22:33:29+00:00,2026-02-16T17:00:00-05:00,1407,23.4,Dinner,2,Mon,Sun,17,278278,wisely
2026-02-15T22:33:30+00:00,2026-02-16T17:30:00-05:00,1436,23.9,Dinner,2,Mon,Sun,17,278278,wisely
2026-02-15T22:33:31+00:00,2026-02-16T17:30:00-05:00,1436,23.9,Dinner,4,Mon,Sun,17,278278,wisely
2026-02-15T20:29:48+00:00,2026-02-16T18:00:00-05:00,1590,26.5,Dinner,2,Mon,Sun,18,278278,wisely
2026-02-15T20:29:49+00:00,2026-02-16T18:00:00-05:00,1590,26.5,Dinner,4,Mon,Sun,18,278278,wisely
2026-02-16T21:37:49+00:00,2026-02-16T18:30:00-05:00,112,1.9,Dinner,2,Mon,Mon,18,278278,wisely
2026-02-15T22:00:18+00:00,2026-02-16T23:45:00+00:00,1545,25.7,Dinner,2,Mon,Sun,18,278278,wisely
2026-02-15T22:00:18+00:00,2026-02-16T18:45:00-05:00,1545,25.7,Dinner,4,Mon,Sun,18,278278,wisely
2026-02-15T22:33:32+00:00,2026-02-16T19:00:00-05:00,1526,25.4,Dinner,2,Mon,Sun,19,278278,wisely
2026-02-15T22:33:31+00:00,2026-02-16T19:00:00-05:00,1526,25.4,Dinner,4,Mon,Sun,19,278278,wisely
2026-02-16T19:20:36+00:00,2026-02-16T19:45:00-05:00,324,5.4,Dinner,2,Mon,Mon,19,278278,wisely
2026-02-15T22:33:35+00:00,2026-02-16T20:00:00-05:00,1586,26.4,Dinner,2,Mon,Sun,20,278278,wisely
2026-02-15T22:33:36+00:00,2026-02-16T20:15:00-05:00,1601,26.7,Dinner,2,Mon,Sun,20,278278,wisely
2026-02-16T21:16:17+00:00,2026-02-16T20:30:00-05:00,254,4.2,Dinner,2,Mon,Mon,20,278278,wisely
2026-02-15T22:33:40+00:00,2026-02-16T20:45:00-05:00,1631,27.2,Dinner,2,Mon,Sun,20,278278,wisely
2026-02-15T22:33:35+00:00,2026-02-16T20:45:00-05:00,1631,27.2,Dinner,4,Mon,Sun,20,278278,wisely
2026-02-15T17:25:43+00:00,2026-02-16T21:00:00-05:00,1954,32.6,Dinner,2,Mon,Sun,21,278278,wisely
2026-02-15T22:33:38+00:00,2026-02-16T21:00:00-05:00,1646,27.4,Dinner,4,Mon,Sun,21,278278,wisely
2026-02-15T16:57:19+00:00,2026-02-16T21:15:00-05:00,1998,33.3,Dinner,2,Mon,Sun,21,278278,wisely
2026-02-15T22:33:42+00:00,2026-02-16T21:30:00-05:00,1676,27.9,Dinner,2,Mon,Sun,21,278278,wisely
2026-02-15T22:33:41+00:00,2026-02-16T21:30:00-05:00,1676,27.9,Dinner,4,Mon,Sun,21,278278,wisely
2026-02-16T05:27:36+00:00,2026-02-16T21:45:00-05:00,1277,21.3,Dinner,2,Mon,Mon,21,278278,wisely
2026-02-16T12:58:24+00:00,2026-02-17T11:30:00-05:00,1652,27.5,Lunch,2,Tue,Mon,11,278278,wisely
2026-02-16T12:58:25+00:00,2026-02-17T11:30:00-05:00,1652,27.5,Lunch,4,Tue,Mon,11,278278,wisely
2026-02-16T23:48:03+00:00,2026-02-17T11:45:00-05:00,1017,16.9,Lunch,2,Tue,Mon,11,278278,wisely
2026-02-16T23:48:04+00:00,2026-02-17T11:45:00-05:00,1017,16.9,Lunch,4,Tue,Mon,11,278278,wisely
2026-02-16T19:49:03+00:00,2026-02-17T12:00:00-05:00,1271,21.2,Lunch,2,Tue,Mon,12,278278,wisely
2026-02-16T19:49:04+00:00,2026-02-17T12:00:00-05:00,1271,21.2,Lunch,4,Tue,Mon,12,278278,wisely
2026-02-17T05:12:23+00:00,2026-02-17T12:30:00-05:00,738,12.3,Lunch,2,Tue,Tue,12,278278,wisely
2026-02-17T14:36:50+00:00,2026-02-17T12:30:00-05:00,173,2.9,Lunch,4,Tue,Tue,12,278278,wisely
2026-02-15T20:30:34+00:00,2026-02-17T12:45:00-05:00,2714,45.2,Lunch,2,Tue,Sun,12,278278,wisely
2026-02-15T20:30:34+00:00,2026-02-17T12:45:00-05:00,2714,45.2,Lunch,4,Tue,Sun,12,278278,wisely
2026-02-15T17:26:21+00:00,2026-02-17T13:45:00-05:00,2959,49.3,Lunch,2,Tue,Sun,13,278278,wisely
2026-02-16T22:13:50+00:00,2026-02-17T14:15:00-05:00,1261,21.0,Lunch,2,Tue,Mon,14,278278,wisely
2026-02-16T22:51:47+00:00,2026-02-17T14:15:00-05:00,1223,20.4,Lunch,4,Tue,Mon,14,278278,wisely
2026-02-16T03:59:15+00:00,2026-02-17T14:30:00-05:00,2371,39.5,Lunch,2,Tue,Sun,14,278278,wisely
2026-02-16T03:59:16+00:00,2026-02-17T14:30:00-05:00,2371,39.5,Lunch,4,Tue,Sun,14,278278,wisely
2026-02-16T19:21:06+00:00,2026-02-17T14:45:00-05:00,1464,24.4,Lunch,2,Tue,Mon,14,278278,wisely
2026-02-16T19:21:07+00:00,2026-02-17T14:45:00-05:00,1464,24.4,Lunch,4,Tue,Mon,14,278278,wisely
2026-02-16T22:14:00+00:00,2026-02-17T15:00:00-05:00,1306,21.8,Lunch,2,Tue,Mon,15,278278,wisely
2026-02-16T22:13:51+00:00,2026-02-17T15:00:00-05:00,1306,21.8,Lunch,4,Tue,Mon,15,278278,wisely
2026-02-17T03:34:41+00:00,2026-02-17T15:15:00-05:00,1000,16.7,Lunch,2,Tue,Mon,15,278278,wisely
2026-02-17T03:34:31+00:00,2026-02-17T15:15:00-05:00,1000,16.7,Lunch,4,Tue,Mon,15,278278,wisely
2026-02-17T03:34:42+00:00,2026-02-17T15:30:00-05:00,1015,16.9,Lunch,2,Tue,Mon,15,278278,wisely
2026-02-17T03:34:42+00:00,2026-02-17T15:30:00-05:00,1015,16.9,Lunch,4,Tue,Mon,15,278278,wisely
2026-02-17T00:57:20+00:00,2026-02-17T15:45:00-05:00,1188,19.8,Lunch,2,Tue,Mon,15,278278,wisely
2026-02-16T22:14:01+00:00,2026-02-17T15:45:00-05:00,1351,22.5,Lunch,4,Tue,Mon,15,278278,wisely
2026-02-17T12:30:14+00:00,2026-02-17T16:00:00-05:00,510,8.5,Lunch,2,Tue,Tue,16,278278,wisely
2026-02-17T15:35:20+00:00,2026-02-17T16:15:00-05:00,340,5.7,Lunch,2,Tue,Tue,16,278278,wisely
2026-02-17T14:36:34+00:00,2026-02-17T16:30:00-05:00,413,6.9,Dinner,2,Tue,Tue,16,278278,wisely
2026-02-15T20:00:32+00:00,2026-02-17T16:45:00-05:00,2984,49.7,Dinner,2,Tue,Sun,16,278278,wisely
2026-02-15T20:00:32+00:00,2026-02-17T16:45:00-05:00,2984,49.7,Dinner,4,Tue,Sun,16,278278,wisely
2026-02-16T22:13:27+00:00,2026-02-17T17:00:00-05:00,1427,23.8,Dinner,2,Tue,Mon,17,278278,wisely
2026-02-16T22:13:29+00:00,2026-02-17T17:00:00-05:00,1427,23.8,Dinner,4,Tue,Mon,17,278278,wisely
2026-02-16T23:02:34+00:00,2026-02-17T17:15:00-05:00,1392,23.2,Dinner,2,Tue,Mon,17,278278,wisely
2026-02-16T23:02:35+00:00,2026-02-17T17:15:00-05:00,1392,23.2,Dinner,4,Tue,Mon,17,278278,wisely
2026-02-16T14:05:55+00:00,2026-02-17T17:30:00-05:00,1944,32.4,Dinner,2,Tue,Mon,17,278278,wisely
2026-02-16T14:05:56+00:00,2026-02-17T17:30:00-05:00,1944,32.4,Dinner,4,Tue,Mon,17,278278,wisely
2026-02-16T20:34:20+00:00,2026-02-17T18:00:00-05:00,1586,26.4,Dinner,2,Tue,Mon,18,278278,wisely
2026-02-16T20:34:21+00:00,2026-02-17T18:00:00-05:00,1586,26.4,Dinner,4,Tue,Mon,18,278278,wisely
2026-02-17T06:12:40+00:00,2026-02-17T19:30:00-05:00,1097,18.3,Dinner,2,Tue,Tue,19,278278,wisely
2026-02-17T06:12:42+00:00,2026-02-17T19:30:00-05:00,1097,18.3,Dinner,4,Tue,Tue,19,278278,wisely
2026-02-17T00:00:25+00:00,2026-02-17T20:00:00-05:00,1500,25.0,Dinner,2,Tue,Mon,20,278278,wisely
2026-02-17T00:00:26+00:00,2026-02-17T20:00:00-05:00,1500,25.0,Dinner,4,Tue,Mon,20,278278,wisely
2026-02-17T03:34:16+00:00,2026-02-17T20:30:00-05:00,1316,21.9,Dinner,2,Tue,Mon,20,278278,wisely
2026-02-15T04:30:24+00:00,2026-02-17T20:45:00-05:00,4155,69.2,Dinner,2,Tue,Sat,20,278278,wisely
2026-02-16T22:13:29+00:00,2026-02-17T20:45:00-05:00,1652,27.5,Dinner,4,Tue,Mon,20,278278,wisely
2026-02-16T22:39:21+00:00,2026-02-17T21:00:00-05:00,1641,27.3,Dinner,2,Tue,Mon,21,278278,wisely
2026-02-16T22:39:08+00:00,2026-02-17T21:00:00-05:00,1641,27.3,Dinner,4,Tue,Mon,21,278278,wisely
2026-02-16T21:38:06+00:00,2026-02-17T21:15:00-05:00,1717,28.6,Dinner,2,Tue,Mon,21,278278,wisely
2026-02-16T21:38:06+00:00,2026-02-17T21:15:00-05:00,1717,28.6,Dinner,4,Tue,Mon,21,278278,wisely
2026-02-16T17:11:14+00:00,2026-02-17T21:30:00-05:00,1999,33.3,Dinner,2,Tue,Mon,21,278278,wisely
2026-02-16T17:11:16+00:00,2026-02-17T21:30:00-05:00,1999,33.3,Dinner,4,Tue,Mon,21,278278,wisely
2026-02-16T05:28:35+00:00,2026-02-18T11:30:00-05:00,3541,59.0,Lunch,2,Wed,Mon,11,278278,wisely
2026-02-16T05:28:35+00:00,2026-02-18T11:30:00-05:00,3541,59.0,Lunch,4,Wed,Mon,11,278278,wisely
2026-02-17T05:12:37+00:00,2026-02-18T11:45:00-05:00,2132,35.5,Lunch,2,Wed,Tue,11,278278,wisely
2026-02-17T05:12:38+00:00,2026-02-18T11:45:00-05:00,2132,35.5,Lunch,4,Wed,Tue,11,278278,wisely
2026-02-17T22:20:39+00:00,2026-02-18T12:00:00-05:00,1119,18.7,Lunch,2,Wed,Tue,12,278278,wisely
2026-02-17T22:20:40+00:00,2026-02-18T12:00:00-05:00,1119,18.7,Lunch,4,Wed,Tue,12,278278,wisely
2026-02-17T22:20:39+00:00,2026-02-18T12:15:00-05:00,1134,18.9,Lunch,2,Wed,Tue,12,278278,wisely
2026-02-17T22:20:40+00:00,2026-02-18T12:15:00-05:00,1134,18.9,Lunch,4,Wed,Tue,12,278278,wisely
2026-02-16T23:41:19+00:00,2026-02-18T12:30:00-05:00,2509,41.8,Lunch,2,Wed,Mon,12,278278,wisely
2026-02-17T22:20:42+00:00,2026-02-18T13:00:00-05:00,1179,19.7,Lunch,2,Wed,Tue,13,278278,wisely
2026-02-17T22:20:43+00:00,2026-02-18T13:00:00-05:00,1179,19.7,Lunch,4,Wed,Tue,13,278278,wisely
2026-02-17T22:20:44+00:00,2026-02-18T13:30:00-05:00,1209,20.2,Lunch,2,Wed,Tue,13,278278,wisely
2026-02-17T22:20:44+00:00,2026-02-18T13:30:00-05:00,1209,20.2,Lunch,4,Wed,Tue,13,278278,wisely
2026-02-17T20:40:56+00:00,2026-02-18T13:45:00-05:00,1324,22.1,Lunch,2,Wed,Tue,13,278278,wisely
2026-02-17T20:40:56+00:00,2026-02-18T13:45:00-05:00,1324,22.1,Lunch,4,Wed,Tue,13,278278,wisely
2026-02-17T22:20:45+00:00,2026-02-18T14:00:00-05:00,1239,20.7,Lunch,2,Wed,Tue,14,278278,wisely
2026-02-17T22:20:45+00:00,2026-02-18T14:00:00-05:00,1239,20.7,Lunch,4,Wed,Tue,14,278278,wisely
2026-02-16T06:41:10+00:00,2026-02-18T14:30:00-05:00,3649,60.8,Lunch,2,Wed,Mon,14,278278,wisely
2026-02-16T06:41:11+00:00,2026-02-18T14:30:00-05:00,3649,60.8,Lunch,4,Wed,Mon,14,278278,wisely
2026-02-16T17:11:53+00:00,2026-02-18T14:45:00-05:00,3033,50.6,Lunch,2,Wed,Mon,14,278278,wisely
2026-02-16T17:11:54+00:00,2026-02-18T14:45:00-05:00,3033,50.6,Lunch,4,Wed,Mon,14,278278,wisely
2026-02-17T18:35:44+00:00,2026-02-18T15:15:00-05:00,1539,25.7,Lunch,2,Wed,Tue,15,278278,wisely
2026-02-18T04:16:36+00:00,2026-02-18T15:15:00-05:00,958,16.0,Lunch,4,Wed,Tue,15,278278,wisely
2026-02-17T00:01:36+00:00,2026-02-18T15:30:00-05:00,2668,44.5,Lunch,2,Wed,Mon,15,278278,wisely
2026-02-18T04:16:38+00:00,2026-02-18T15:30:00-05:00,973,16.2,Lunch,4,Wed,Tue,15,278278,wisely
2026-02-17T16:38:55+00:00,2026-02-18T15:45:00-05:00,1686,28.1,Lunch,2,Wed,Tue,15,278278,wisely
2026-02-17T16:38:55+00:00,2026-02-18T15:45:00-05:00,1686,28.1,Lunch,4,Wed,Tue,15,278278,wisely
2026-02-17T17:41:00+00:00,2026-02-18T16:00:00-05:00,1639,27.3,Lunch,2,Wed,Tue,16,278278,wisely
2026-02-17T17:41:01+00:00,2026-02-18T16:00:00-05:00,1639,27.3,Lunch,4,Wed,Tue,16,278278,wisely
2026-02-16T05:28:35+00:00,2026-02-18T16:15:00-05:00,3826,63.8,Lunch,2,Wed,Mon,16,278278,wisely
2026-02-16T05:28:35+00:00,2026-02-18T16:15:00-05:00,3826,63.8,Lunch,4,Wed,Mon,16,278278,wisely
2026-02-17T18:35:28+00:00,2026-02-18T16:30:00-05:00,1615,26.9,Dinner,2,Wed,Tue,16,278278,wisely
2026-02-17T22:54:44+00:00,2026-02-18T21:45:00+00:00,1370,22.8,Dinner,2,Wed,Tue,16,278278,wisely
2026-02-17T22:54:45+00:00,2026-02-18T21:45:00+00:00,1370,22.8,Dinner,4,Wed,Tue,16,278278,wisely
2026-02-17T22:20:24+00:00,2026-02-18T17:00:00-05:00,1420,23.7,Dinner,2,Wed,Tue,17,278278,wisely
2026-02-18T13:48:06+00:00,2026-02-18T17:30:00-05:00,522,8.7,Dinner,2,Wed,Wed,17,278278,wisely
2026-02-18T13:48:08+00:00,2026-02-18T17:30:00-05:00,522,8.7,Dinner,4,Wed,Wed,17,278278,wisely
2026-02-17T18:35:30+00:00,2026-02-18T18:15:00-05:00,1719,28.7,Dinner,2,Wed,Tue,18,278278,wisely
2026-02-17T18:35:30+00:00,2026-02-18T18:15:00-05:00,1719,28.7,Dinner,4,Wed,Tue,18,278278,wisely
2026-02-18T02:26:04+00:00,2026-02-18T19:30:00-05:00,1324,22.1,Dinner,2,Wed,Tue,19,278278,wisely
2026-02-17T20:53:25+00:00,2026-02-18T20:30:00-05:00,1717,28.6,Dinner,2,Wed,Tue,20,278278,wisely
2026-02-18T05:40:21+00:00,2026-02-18T20:30:00-05:00,1190,19.8,Dinner,4,Wed,Wed,20,278278,wisely
2026-02-17T22:20:25+00:00,2026-02-18T20:45:00-05:00,1645,27.4,Dinner,2,Wed,Tue,20,278278,wisely
2026-02-17T22:20:25+00:00,2026-02-18T20:45:00-05:00,1645,27.4,Dinner,4,Wed,Tue,20,278278,wisely
2026-02-17T22:20:30+00:00,2026-02-18T21:00:00-05:00,1659,27.7,Dinner,2,Wed,Tue,21,278278,wisely
2026-02-17T22:20:26+00:00,2026-02-18T21:00:00-05:00,1660,27.7,Dinner,4,Wed,Tue,21,278278,wisely
2026-02-17T22:20:31+00:00,2026-02-18T21:15:00-05:00,1674,27.9,Dinner,2,Wed,Tue,21,278278,wisely
2026-02-17T22:20:26+00:00,2026-02-18T21:15:00-05:00,1675,27.9,Dinner,4,Wed,Tue,21,278278,wisely
2026-02-17T20:05:14+00:00,2026-02-18T21:30:00-05:00,1825,30.4,Dinner,2,Wed,Tue,21,278278,wisely
2026-02-17T20:05:14+00:00,2026-02-18T21:30:00-05:00,1825,30.4,Dinner,4,Wed,Tue,21,278278,wisely
2026-02-17T22:20:36+00:00,2026-02-18T21:45:00-05:00,1704,28.4,Dinner,2,Wed,Tue,21,278278,wisely
2026-02-17T22:20:36+00:00,2026-02-18T21:45:00-05:00,1704,28.4,Dinner,4,Wed,Tue,21,278278,wisely
2026-02-19T14:38:11+00:00,2026-02-19T11:30:00-05:00,112,1.9,Lunch,2,Thu,Thu,11,278278,wisely
2026-02-19T14:38:12+00:00,2026-02-19T11:30:00-05:00,112,1.9,Lunch,4,Thu,Thu,11,278278,wisely
2026-02-17T20:54:05+00:00,2026-02-19T11:45:00-05:00,2631,43.8,Lunch,2,Thu,Tue,11,278278,wisely
2026-02-17T20:54:06+00:00,2026-02-19T11:45:00-05:00,2631,43.8,Lunch,4,Thu,Tue,11,278278,wisely
2026-02-18T22:33:47+00:00,2026-02-19T17:00:00+00:00,1106,18.4,Lunch,2,Thu,Wed,12,278278,wisely
2026-02-18T22:33:49+00:00,2026-02-19T17:00:00+00:00,1106,18.4,Lunch,4,Thu,Wed,12,278278,wisely
2026-02-18T22:33:48+00:00,2026-02-19T17:15:00+00:00,1121,18.7,Lunch,2,Thu,Wed,12,278278,wisely
2026-02-18T22:33:51+00:00,2026-02-19T17:45:00+00:00,1151,19.2,Lunch,2,Thu,Wed,12,278278,wisely
2026-02-18T22:33:49+00:00,2026-02-19T17:45:00+00:00,1151,19.2,Lunch,4,Thu,Wed,12,278278,wisely
2026-02-18T22:33:52+00:00,2026-02-19T18:00:00+00:00,1166,19.4,Lunch,2,Thu,Wed,13,278278,wisely
2026-02-18T22:33:52+00:00,2026-02-19T18:00:00+00:00,1166,19.4,Lunch,4,Thu,Wed,13,278278,wisely
2026-02-17T19:35:16+00:00,2026-02-19T13:30:00-05:00,2815,46.9,Lunch,2,Thu,Tue,13,278278,wisely
2026-02-17T19:35:17+00:00,2026-02-19T13:30:00-05:00,2815,46.9,Lunch,4,Thu,Tue,13,278278,wisely
2026-02-18T22:33:54+00:00,2026-02-19T19:00:00+00:00,1226,20.4,Lunch,2,Thu,Wed,14,278278,wisely
2026-02-18T22:33:54+00:00,2026-02-19T19:00:00+00:00,1226,20.4,Lunch,4,Thu,Wed,14,278278,wisely
2026-02-18T22:33:55+00:00,2026-02-19T19:15:00+00:00,1241,20.7,Lunch,2,Thu,Wed,14,278278,wisely
2026-02-18T22:33:55+00:00,2026-02-19T19:15:00+00:00,1241,20.7,Lunch,4,Thu,Wed,14,278278,wisely
2026-02-17T16:39:16+00:00,2026-02-19T14:30:00-05:00,3051,50.8,Lunch,2,Thu,Tue,14,278278,wisely
2026-02-17T16:39:16+00:00,2026-02-19T14:30:00-05:00,3051,50.8,Lunch,4,Thu,Tue,14,278278,wisely
2026-02-17T21:20:11+00:00,2026-02-19T14:45:00-05:00,2785,46.4,Lunch,2,Thu,Tue,14,278278,wisely
2026-02-17T21:20:12+00:00,2026-02-19T14:45:00-05:00,2785,46.4,Lunch,4,Thu,Tue,14,278278,wisely
2026-02-18T17:48:40+00:00,2026-02-19T20:00:00+00:00,1571,26.2,Lunch,2,Thu,Wed,15,278278,wisely
2026-02-18T17:48:41+00:00,2026-02-19T20:15:00+00:00,1586,26.4,Lunch,2,Thu,Wed,15,278278,wisely
2026-02-18T14:36:26+00:00,2026-02-19T15:30:00-05:00,1794,29.9,Lunch,2,Thu,Wed,15,278278,wisely
2026-02-19T16:27:24+00:00,2026-02-19T15:45:00-05:00,258,4.3,Lunch,2,Thu,Thu,15,278278,wisely
2026-02-18T16:43:23+00:00,2026-02-19T16:15:00-05:00,1712,28.5,Lunch,2,Thu,Wed,16,278278,wisely
2026-02-18T16:43:24+00:00,2026-02-19T16:15:00-05:00,1712,28.5,Lunch,4,Thu,Wed,16,278278,wisely
2026-02-18T22:33:32+00:00,2026-02-19T21:30:00+00:00,1376,22.9,Dinner,2,Thu,Wed,16,278278,wisely
2026-02-18T22:33:33+00:00,2026-02-19T21:45:00+00:00,1391,23.2,Dinner,2,Thu,Wed,16,278278,wisely
2026-02-18T23:04:13+00:00,2026-02-19T17:30:00-05:00,1406,23.4,Dinner,2,Thu,Wed,17,278278,wisely
2026-02-18T22:33:33+00:00,2026-02-19T22:45:00+00:00,1451,24.2,Dinner,2,Thu,Wed,17,278278,wisely
2026-02-18T22:33:34+00:00,2026-02-19T22:45:00+00:00,1451,24.2,Dinner,4,Thu,Wed,17,278278,wisely
2026-02-19T04:45:29+00:00,2026-02-19T19:30:00-05:00,1185,19.7,Dinner,2,Thu,Wed,19,278278,wisely
2026-02-19T04:45:31+00:00,2026-02-19T19:30:00-05:00,1184,19.7,Dinner,4,Thu,Wed,19,278278,wisely
2026-02-18T22:33:38+00:00,2026-02-20T01:00:00+00:00,1586,26.4,Dinner,2,Thu,Wed,20,278278,wisely
2026-02-17T13:47:56+00:00,2026-02-19T20:30:00-05:00,3582,59.7,Dinner,2,Thu,Tue,20,278278,wisely
2026-02-20T01:18:35+00:00,2026-02-19T20:45:00-05:00,26,0.4,Dinner,2,Thu,Thu,20,278278,wisely
2026-02-20T01:18:37+00:00,2026-02-19T20:45:00-05:00,26,0.4,Dinner,4,Thu,Thu,20,278278,wisely
2026-02-19T02:52:36+00:00,2026-02-19T21:00:00-05:00,1387,23.1,Dinner,2,Thu,Wed,21,278278,wisely
2026-02-19T02:52:38+00:00,2026-02-19T21:00:00-05:00,1387,23.1,Dinner,4,Thu,Wed,21,278278,wisely
2026-02-19T02:52:38+00:00,2026-02-19T21:15:00-05:00,1402,23.4,Dinner,2,Thu,Wed,21,278278,wisely
2026-02-18T22:33:40+00:00,2026-02-20T02:45:00+00:00,1691,28.2,Dinner,2,Thu,Wed,21,278278,wisely
2026-02-18T22:33:34+00:00,2026-02-20T02:45:00+00:00,1691,28.2,Dinner,4,Thu,Wed,21,278278,wisely
2026-02-19T22:17:33+00:00,2026-02-20T16:30:00+00:00,1092,18.2,Lunch,2,Fri,Thu,11,278278,wisely
2026-02-19T22:17:35+00:00,2026-02-20T16:30:00+00:00,1092,18.2,Lunch,4,Fri,Thu,11,278278,wisely
2026-02-18T19:30:30+00:00,2026-02-20T11:45:00-05:00,2714,45.2,Lunch,2,Fri,Wed,11,278278,wisely
2026-02-18T19:30:30+00:00,2026-02-20T11:45:00-05:00,2714,45.2,Lunch,4,Fri,Wed,11,278278,wisely
2026-02-18T21:23:25+00:00,2026-02-20T12:00:00-05:00,2617,43.6,Lunch,2,Fri,Wed,12,278278,wisely
2026-02-18T21:23:26+00:00,2026-02-20T12:00:00-05:00,2617,43.6,Lunch,4,Fri,Wed,12,278278,wisely
2026-02-20T03:41:42+00:00,2026-02-20T12:15:00-05:00,813,13.6,Lunch,2,Fri,Thu,12,278278,wisely
2026-02-20T02:32:30+00:00,2026-02-20T12:30:00-05:00,897,15.0,Lunch,2,Fri,Thu,12,278278,wisely
2026-02-20T02:32:31+00:00,2026-02-20T12:30:00-05:00,897,15.0,Lunch,4,Fri,Thu,12,278278,wisely
2026-02-19T22:17:37+00:00,2026-02-20T17:45:00+00:00,1167,19.5,Lunch,2,Fri,Thu,12,278278,wisely
2026-02-19T22:17:38+00:00,2026-02-20T18:15:00+00:00,1197,20.0,Lunch,2,Fri,Thu,13,278278,wisely
2026-02-20T14:30:05+00:00,2026-02-20T13:30:00-05:00,240,4.0,Lunch,2,Fri,Fri,13,278278,wisely
2026-02-20T14:29:59+00:00,2026-02-20T13:30:00-05:00,240,4.0,Lunch,4,Fri,Fri,13,278278,wisely
2026-02-19T18:12:10+00:00,2026-02-20T13:45:00-05:00,1473,24.5,Lunch,2,Fri,Thu,13,278278,wisely
2026-02-19T18:12:12+00:00,2026-02-20T13:45:00-05:00,1473,24.5,Lunch,4,Fri,Thu,13,278278,wisely
2026-02-19T22:17:43+00:00,2026-02-20T19:15:00+00:00,1257,21.0,Lunch,2,Fri,Thu,14,278278,wisely
2026-02-20T16:22:32+00:00,2026-02-20T14:30:00-05:00,187,3.1,Lunch,2,Fri,Fri,14,278278,wisely
2026-02-20T01:19:21+00:00,2026-02-20T14:45:00-05:00,1106,18.4,Lunch,2,Fri,Thu,14,278278,wisely
2026-02-19T22:17:42+00:00,2026-02-20T19:45:00+00:00,1287,21.5,Lunch,4,Fri,Thu,14,278278,wisely
2026-02-20T02:32:45+00:00,2026-02-20T15:00:00-05:00,1047,17.5,Lunch,2,Fri,Thu,15,278278,wisely
2026-02-19T22:55:25+00:00,2026-02-20T20:00:00+00:00,1265,21.1,Lunch,4,Fri,Thu,15,278278,wisely
2026-02-20T17:53:33+00:00,2026-02-20T16:00:00-05:00,186,3.1,Lunch,2,Fri,Fri,16,278278,wisely
2026-02-20T17:53:38+00:00,2026-02-20T16:00:00-05:00,186,3.1,Lunch,4,Fri,Fri,16,278278,wisely
2026-02-17T16:39:22+00:00,2026-02-20T16:30:00-05:00,4611,76.8,Dinner,2,Fri,Tue,16,278278,wisely
2026-02-19T22:17:17+00:00,2026-02-20T21:45:00+00:00,1408,23.5,Dinner,2,Fri,Thu,16,278278,wisely
2026-02-19T22:17:18+00:00,2026-02-20T22:15:00+00:00,1438,24.0,Dinner,2,Fri,Thu,17,278278,wisely
2026-02-20T13:45:24+00:00,2026-02-20T17:45:00-05:00,540,9.0,Dinner,2,Fri,Fri,17,278278,wisely
2026-02-20T23:15:46+00:00,2026-02-20T18:45:00-05:00,29,0.5,Dinner,2,Fri,Fri,18,278278,wisely
2026-02-20T23:15:47+00:00,2026-02-20T18:45:00-05:00,29,0.5,Dinner,4,Fri,Fri,18,278278,wisely
2026-02-21T00:52:18+00:00,2026-02-20T20:15:00-05:00,23,0.4,Dinner,2,Fri,Fri,20,278278,wisely
2026-02-21T00:52:20+00:00,2026-02-20T20:15:00-05:00,23,0.4,Dinner,4,Fri,Fri,20,278278,wisely
2026-02-19T23:30:24+00:00,2026-02-20T21:45:00-05:00,1635,27.2,Dinner,2,Fri,Thu,21,278278,wisely
2026-02-19T23:30:25+00:00,2026-02-20T21:45:00-05:00,1635,27.2,Dinner,4,Fri,Thu,21,278278,wisely
2026-02-20T02:32:57+00:00,2026-02-21T11:30:00-05:00,2277,38.0,Lunch,2,Sat,Thu,11,278278,wisely
2026-02-19T22:55:39+00:00,2026-02-21T16:45:00+00:00,2509,41.8,Lunch,2,Sat,Thu,11,278278,wisely
2026-02-19T22:55:39+00:00,2026-02-21T16:45:00+00:00,2509,41.8,Lunch,4,Sat,Thu,11,278278,wisely
2026-02-20T03:42:09+00:00,2026-02-21T12:00:00-05:00,2238,37.3,Lunch,2,Sat,Thu,12,278278,wisely
2026-02-20T03:42:09+00:00,2026-02-21T12:00:00-05:00,2238,37.3,Lunch,4,Sat,Thu,12,278278,wisely
2026-02-20T15:10:29+00:00,2026-02-21T12:15:00-05:00,1565,26.1,Lunch,2,Sat,Fri,12,278278,wisely
2026-02-20T15:10:30+00:00,2026-02-21T12:15:00-05:00,1564,26.1,Lunch,4,Sat,Fri,12,278278,wisely
2026-02-20T02:32:57+00:00,2026-02-21T12:30:00-05:00,2337,39.0,Lunch,2,Sat,Thu,12,278278,wisely
2026-02-20T02:32:57+00:00,2026-02-21T12:30:00-05:00,2337,39.0,Lunch,4,Sat,Thu,12,278278,wisely
2026-02-20T22:50:22+00:00,2026-02-21T12:45:00-05:00,1135,18.9,Lunch,2,Sat,Fri,12,278278,wisely
2026-02-21T03:14:14+00:00,2026-02-21T13:00:00-05:00,886,14.8,Lunch,2,Sat,Fri,13,278278,wisely
2026-02-21T03:14:15+00:00,2026-02-21T13:00:00-05:00,886,14.8,Lunch,4,Sat,Fri,13,278278,wisely
2026-02-20T22:50:24+00:00,2026-02-21T13:15:00-05:00,1165,19.4,Lunch,2,Sat,Fri,13,278278,wisely
2026-02-21T13:53:56+00:00,2026-02-21T13:45:00-05:00,291,4.9,Lunch,2,Sat,Sat,13,278278,wisely
2026-02-21T13:53:57+00:00,2026-02-21T13:45:00-05:00,291,4.9,Lunch,4,Sat,Sat,13,278278,wisely
2026-02-20T12:38:58+00:00,2026-02-21T14:15:00-05:00,1836,30.6,Lunch,2,Sat,Fri,14,278278,wisely
2026-02-20T20:50:09+00:00,2026-02-21T14:15:00-05:00,1345,22.4,Lunch,4,Sat,Fri,14,278278,wisely
2026-02-21T16:33:07+00:00,2026-02-21T15:45:00-05:00,252,4.2,Lunch,2,Sat,Sat,15,278278,wisely
2026-02-21T16:33:07+00:00,2026-02-21T15:45:00-05:00,252,4.2,Lunch,4,Sat,Sat,15,278278,wisely
2026-02-20T21:11:21+00:00,2026-02-21T16:00:00-05:00,1429,23.8,Lunch,2,Sat,Fri,16,278278,wisely
2026-02-21T13:13:39+00:00,2026-02-21T16:30:00-05:00,496,8.3,Dinner,2,Sat,Sat,16,278278,wisely
2026-02-21T20:43:23+00:00,2026-02-21T16:30:00-05:00,47,0.8,Dinner,4,Sat,Sat,16,278278,wisely
2026-02-18T13:49:27+00:00,2026-02-21T17:00:00-05:00,4811,80.2,Dinner,2,Sat,Wed,17,278278,wisely
2026-02-21T18:15:34+00:00,2026-02-21T17:15:00-05:00,239,4.0,Dinner,2,Sat,Sat,17,278278,wisely
2026-02-21T18:15:36+00:00,2026-02-21T17:15:00-05:00,239,4.0,Dinner,4,Sat,Sat,17,278278,wisely
2026-02-21T21:59:22+00:00,2026-02-21T17:30:00-05:00,31,0.5,Dinner,2,Sat,Sat,17,278278,wisely
2026-02-21T21:59:22+00:00,2026-02-21T17:30:00-05:00,31,0.5,Dinner,4,Sat,Sat,17,278278,wisely
2026-02-21T16:32:52+00:00,2026-02-21T21:00:00-05:00,567,9.5,Dinner,2,Sat,Sat,21,278278,wisely
2026-02-21T16:32:54+00:00,2026-02-21T21:00:00-05:00,567,9.5,Dinner,4,Sat,Sat,21,278278,wisely
2026-02-21T05:33:25+00:00,2026-02-21T21:15:00-05:00,1242,20.7,Dinner,2,Sat,Sat,21,278278,wisely
2026-02-21T05:33:26+00:00,2026-02-21T21:15:00-05:00,1242,20.7,Dinner,4,Sat,Sat,21,278278,wisely
2026-02-20T22:21:53+00:00,2026-02-21T21:30:00-05:00,1688,28.1,Dinner,2,Sat,Fri,21,278278,wisely
2026-02-20T22:21:55+00:00,2026-02-21T21:30:00-05:00,1688,28.1,Dinner,4,Sat,Fri,21,278278,wisely
2026-02-20T22:21:54+00:00,2026-02-21T21:45:00-05:00,1703,28.4,Dinner,2,Sat,Fri,21,278278,wisely
2026-02-20T05:07:51+00:00,2026-02-22T11:30:00-05:00,3562,59.4,Lunch,2,Sun,Fri,11,278278,wisely
2026-02-21T22:29:28+00:00,2026-02-22T16:30:00+00:00,1081,18.0,Lunch,4,Sun,Sat,11,278278,wisely
2026-02-21T20:17:24+00:00,2026-02-22T11:45:00-05:00,1228,20.5,Lunch,2,Sun,Sat,11,278278,wisely
2026-02-21T22:29:28+00:00,2026-02-22T16:45:00+00:00,1096,18.3,Lunch,4,Sun,Sat,11,278278,wisely
2026-02-20T17:08:34+00:00,2026-02-22T12:00:00-05:00,2871,47.9,Lunch,2,Sun,Fri,12,278278,wisely
2026-02-20T17:08:34+00:00,2026-02-22T12:00:00-05:00,2871,47.9,Lunch,4,Sun,Fri,12,278278,wisely
2026-02-22T13:51:20+00:00,2026-02-22T12:15:00-05:00,204,3.4,Lunch,2,Sun,Sun,12,278278,wisely
2026-02-21T22:29:32+00:00,2026-02-22T17:30:00+00:00,1140,19.0,Lunch,2,Sun,Sat,12,278278,wisely
2026-02-21T17:28:21+00:00,2026-02-22T12:45:00-05:00,1457,24.3,Lunch,2,Sun,Sat,12,278278,wisely
2026-02-21T23:19:47+00:00,2026-02-22T13:00:00-05:00,1120,18.7,Lunch,2,Sun,Sat,13,278278,wisely
2026-02-21T23:19:47+00:00,2026-02-22T13:00:00-05:00,1120,18.7,Lunch,4,Sun,Sat,13,278278,wisely
2026-02-21T22:29:34+00:00,2026-02-22T18:15:00+00:00,1185,19.8,Lunch,2,Sun,Sat,13,278278,wisely
2026-02-21T22:29:33+00:00,2026-02-22T18:15:00+00:00,1185,19.8,Lunch,4,Sun,Sat,13,278278,wisely
2026-02-20T19:23:34+00:00,2026-02-22T13:30:00-05:00,2826,47.1,Lunch,2,Sun,Fri,13,278278,wisely
2026-02-20T19:23:35+00:00,2026-02-22T13:30:00-05:00,2826,47.1,Lunch,4,Sun,Fri,13,278278,wisely
2026-02-21T15:43:17+00:00,2026-02-22T13:45:00-05:00,1622,27.0,Lunch,2,Sun,Sat,13,278278,wisely
2026-02-21T22:29:35+00:00,2026-02-22T18:45:00+00:00,1215,20.3,Lunch,4,Sun,Sat,13,278278,wisely
2026-02-20T06:07:23+00:00,2026-02-22T14:00:00-05:00,3653,60.9,Lunch,2,Sun,Fri,14,278278,wisely
2026-02-21T19:21:05+00:00,2026-02-22T14:00:00-05:00,1419,23.6,Lunch,4,Sun,Sat,14,278278,wisely
2026-02-20T15:52:59+00:00,2026-02-22T14:15:00-05:00,3082,51.4,Lunch,2,Sun,Fri,14,278278,wisely
2026-02-20T15:52:59+00:00,2026-02-22T14:15:00-05:00,3082,51.4,Lunch,4,Sun,Fri,14,278278,wisely
2026-02-22T15:43:59+00:00,2026-02-22T14:30:00-05:00,226,3.8,Lunch,2,Sun,Sun,14,278278,wisely
2026-02-22T19:03:05+00:00,2026-02-22T15:00:00-05:00,57,0.9,Lunch,2,Sun,Sun,15,278278,wisely
2026-02-22T19:03:07+00:00,2026-02-22T15:00:00-05:00,57,0.9,Lunch,4,Sun,Sun,15,278278,wisely
2026-02-22T15:43:59+00:00,2026-02-22T15:45:00-05:00,301,5.0,Lunch,2,Sun,Sun,15,278278,wisely
2026-02-22T13:51:21+00:00,2026-02-22T15:45:00-05:00,414,6.9,Lunch,4,Sun,Sun,15,278278,wisely
2026-02-22T14:47:32+00:00,2026-02-22T16:00:00-05:00,372,6.2,Lunch,4,Sun,Sun,16,278278,wisely
2026-02-21T15:43:17+00:00,2026-02-22T16:15:00-05:00,1772,29.5,Lunch,2,Sun,Sat,16,278278,wisely
2026-02-21T20:43:54+00:00,2026-02-22T16:15:00-05:00,1471,24.5,Lunch,4,Sun,Sat,16,278278,wisely
2026-02-22T15:11:58+00:00,2026-02-22T16:30:00-05:00,378,6.3,Dinner,2,Sun,Sun,16,278278,wisely
2026-02-22T15:12:00+00:00,2026-02-22T16:30:00-05:00,378,6.3,Dinner,4,Sun,Sun,16,278278,wisely
2026-02-21T22:29:07+00:00,2026-02-22T21:45:00+00:00,1396,23.3,Dinner,2,Sun,Sat,16,278278,wisely
2026-02-21T22:29:09+00:00,2026-02-22T21:45:00+00:00,1396,23.3,Dinner,4,Sun,Sat,16,278278,wisely
2026-02-22T20:13:20+00:00,2026-02-22T17:00:00-05:00,107,1.8,Dinner,2,Sun,Sun,17,278278,wisely
2026-02-22T20:13:21+00:00,2026-02-22T17:00:00-05:00,107,1.8,Dinner,4,Sun,Sun,17,278278,wisely
2026-02-21T22:29:08+00:00,2026-02-22T22:15:00+00:00,1426,23.8,Dinner,2,Sun,Sat,17,278278,wisely
2026-02-21T22:29:10+00:00,2026-02-22T22:15:00+00:00,1426,23.8,Dinner,4,Sun,Sat,17,278278,wisely
2026-02-21T21:47:31+00:00,2026-02-22T17:30:00-05:00,1482,24.7,Dinner,2,Sun,Sat,17,278278,wisely
2026-02-21T22:53:02+00:00,2026-02-22T22:45:00+00:00,1432,23.9,Dinner,2,Sun,Sat,17,278278,wisely
2026-02-21T21:26:53+00:00,2026-02-22T18:00:00-05:00,1533,25.6,Dinner,2,Sun,Sat,18,278278,wisely
2026-02-21T21:26:54+00:00,2026-02-22T18:00:00-05:00,1533,25.6,Dinner,4,Sun,Sat,18,278278,wisely
2026-02-21T19:20:52+00:00,2026-02-22T18:30:00-05:00,1689,28.2,Dinner,2,Sun,Sat,18,278278,wisely
2026-02-21T19:20:54+00:00,2026-02-22T18:30:00-05:00,1689,28.2,Dinner,4,Sun,Sat,18,278278,wisely
2026-02-22T14:13:41+00:00,2026-02-22T18:45:00-05:00,571,9.5,Dinner,2,Sun,Sun,18,278278,wisely
2026-02-21T22:29:16+00:00,2026-02-23T00:00:00+00:00,1531,25.5,Dinner,2,Sun,Sat,19,278278,wisely
2026-02-21T22:29:17+00:00,2026-02-23T00:15:00+00:00,1546,25.8,Dinner,2,Sun,Sat,19,278278,wisely
2026-02-21T22:29:16+00:00,2026-02-23T00:15:00+00:00,1546,25.8,Dinner,4,Sun,Sat,19,278278,wisely
2026-02-21T23:19:10+00:00,2026-02-22T19:30:00-05:00,1511,25.2,Dinner,2,Sun,Sat,19,278278,wisely
2026-02-21T23:19:01+00:00,2026-02-22T19:30:00-05:00,1511,25.2,Dinner,4,Sun,Sat,19,278278,wisely
2026-02-22T22:35:48+00:00,2026-02-22T20:00:00-05:00,144,2.4,Dinner,2,Sun,Sun,20,278278,wisely
2026-02-21T22:53:13+00:00,2026-02-23T01:30:00+00:00,1597,26.6,Dinner,2,Sun,Sat,20,278278,wisely
2026-02-22T22:21:34+00:00,2026-02-22T20:30:00-05:00,188,3.1,Dinner,4,Sun,Sun,20,278278,wisely
2026-02-21T22:29:20+00:00,2026-02-23T01:45:00+00:00,1636,27.3,Dinner,2,Sun,Sat,20,278278,wisely
2026-02-21T22:29:19+00:00,2026-02-23T01:45:00+00:00,1636,27.3,Dinner,4,Sun,Sat,20,278278,wisely
2026-02-20T23:47:06+00:00,2026-02-22T21:00:00-05:00,3013,50.2,Dinner,2,Sun,Fri,21,278278,wisely
2026-02-20T23:47:06+00:00,2026-02-22T21:00:00-05:00,3013,50.2,Dinner,4,Sun,Fri,21,278278,wisely
2026-02-21T22:29:22+00:00,2026-02-23T02:15:00+00:00,1666,27.8,Dinner,2,Sun,Sat,21,278278,wisely
2026-02-21T22:29:22+00:00,2026-02-23T02:15:00+00:00,1666,27.8,Dinner,4,Sun,Sat,21,278278,wisely
2026-02-21T05:34:14+00:00,2026-02-23T11:30:00-05:00,3536,58.9,Lunch,2,Mon,Sat,11,278278,wisely
2026-02-21T05:34:15+00:00,2026-02-23T11:30:00-05:00,3536,58.9,Lunch,4,Mon,Sat,11,278278,wisely
2026-02-21T05:34:14+00:00,2026-02-23T11:45:00-05:00,3551,59.2,Lunch,2,Mon,Sat,11,278278,wisely
2026-02-21T05:34:15+00:00,2026-02-23T11:45:00-05:00,3551,59.2,Lunch,4,Mon,Sat,11,278278,wisely
2026-02-21T05:34:15+00:00,2026-02-23T12:00:00-05:00,3566,59.4,Lunch,2,Mon,Sat,12,278278,wisely
2026-02-21T05:34:15+00:00,2026-02-23T12:00:00-05:00,3566,59.4,Lunch,4,Mon,Sat,12,278278,wisely
2026-02-21T05:34:16+00:00,2026-02-23T12:15:00-05:00,3581,59.7,Lunch,2,Mon,Sat,12,278278,wisely
2026-02-22T13:51:52+00:00,2026-02-23T12:15:00-05:00,1643,27.4,Lunch,4,Mon,Sun,12,278278,wisely
2026-02-21T12:22:52+00:00,2026-02-23T12:30:00-05:00,3187,53.1,Lunch,2,Mon,Sat,12,278278,wisely
2026-02-21T12:22:48+00:00,2026-02-23T12:30:00-05:00,3187,53.1,Lunch,4,Mon,Sat,12,278278,wisely
2026-02-21T05:34:17+00:00,2026-02-23T12:45:00-05:00,3611,60.2,Lunch,2,Mon,Sat,12,278278,wisely
2026-02-21T05:34:17+00:00,2026-02-23T12:45:00-05:00,3611,60.2,Lunch,4,Mon,Sat,12,278278,wisely
2026-02-22T14:14:33+00:00,2026-02-23T13:00:00-05:00,1665,27.8,Lunch,2,Mon,Sun,13,278278,wisely
2026-02-22T14:14:34+00:00,2026-02-23T13:00:00-05:00,1665,27.8,Lunch,4,Mon,Sun,13,278278,wisely
2026-02-21T05:34:18+00:00,2026-02-23T13:15:00-05:00,3641,60.7,Lunch,2,Mon,Sat,13,278278,wisely
2026-02-23T14:37:45+00:00,2026-02-23T13:15:00-05:00,217,3.6,Lunch,4,Mon,Mon,13,278278,wisely
2026-02-21T05:34:19+00:00,2026-02-23T13:30:00-05:00,3656,60.9,Lunch,2,Mon,Sat,13,278278,wisely
2026-02-21T05:34:18+00:00,2026-02-23T13:30:00-05:00,3656,60.9,Lunch,4,Mon,Sat,13,278278,wisely
2026-02-21T05:34:21+00:00,2026-02-23T13:45:00-05:00,3671,61.2,Lunch,2,Mon,Sat,13,278278,wisely
2026-02-21T05:34:20+00:00,2026-02-23T13:45:00-05:00,3671,61.2,Lunch,4,Mon,Sat,13,278278,wisely
2026-02-21T05:34:22+00:00,2026-02-23T14:00:00-05:00,3686,61.4,Lunch,2,Mon,Sat,14,278278,wisely
2026-02-21T05:34:21+00:00,2026-02-23T14:00:00-05:00,3686,61.4,Lunch,4,Mon,Sat,14,278278,wisely
2026-02-21T05:34:22+00:00,2026-02-23T14:15:00-05:00,3701,61.7,Lunch,2,Mon,Sat,14,278278,wisely
2026-02-21T05:34:23+00:00,2026-02-23T14:15:00-05:00,3701,61.7,Lunch,4,Mon,Sat,14,278278,wisely
2026-02-23T18:39:26+00:00,2026-02-23T14:30:00-05:00,51,0.8,Lunch,2,Mon,Mon,14,278278,wisely
2026-02-23T18:39:26+00:00,2026-02-23T14:30:00-05:00,51,0.8,Lunch,4,Mon,Mon,14,278278,wisely
2026-02-23T19:43:09+00:00,2026-02-23T15:00:00-05:00,17,0.3,Lunch,2,Mon,Mon,15,278278,wisely
2026-02-23T19:43:10+00:00,2026-02-23T15:00:00-05:00,17,0.3,Lunch,4,Mon,Mon,15,278278,wisely
2026-02-23T19:43:10+00:00,2026-02-23T15:15:00-05:00,32,0.5,Lunch,2,Mon,Mon,15,278278,wisely
2026-02-23T19:43:10+00:00,2026-02-23T15:15:00-05:00,32,0.5,Lunch,4,Mon,Mon,15,278278,wisely
2026-02-23T19:43:10+00:00,2026-02-23T15:30:00-05:00,47,0.8,Lunch,2,Mon,Mon,15,278278,wisely
2026-02-23T19:43:11+00:00,2026-02-23T15:30:00-05:00,47,0.8,Lunch,4,Mon,Mon,15,278278,wisely
2026-02-23T20:25:17+00:00,2026-02-23T15:45:00-05:00,20,0.3,Lunch,2,Mon,Mon,15,278278,wisely
2026-02-23T20:25:18+00:00,2026-02-23T15:45:00-05:00,20,0.3,Lunch,4,Mon,Mon,15,278278,wisely
2026-02-23T20:25:17+00:00,2026-02-23T16:00:00-05:00,35,0.6,Lunch,2,Mon,Mon,16,278278,wisely
2026-02-23T20:25:18+00:00,2026-02-23T16:00:00-05:00,35,0.6,Lunch,4,Mon,Mon,16,278278,wisely
2026-02-23T20:25:17+00:00,2026-02-23T16:15:00-05:00,50,0.8,Lunch,2,Mon,Mon,16,278278,wisely
2026-02-23T20:25:18+00:00,2026-02-23T16:15:00-05:00,50,0.8,Lunch,4,Mon,Mon,16,278278,wisely
2026-02-20T21:35:22+00:00,2026-02-23T16:30:00-05:00,4315,71.9,Dinner,2,Mon,Fri,16,278278,wisely
2026-02-22T22:57:56+00:00,2026-02-23T16:30:00-05:00,1352,22.5,Dinner,4,Mon,Sun,16,278278,wisely
2026-02-22T04:05:00+00:00,2026-02-23T16:45:00-05:00,2500,41.7,Dinner,2,Mon,Sat,16,278278,wisely
2026-02-22T04:05:01+00:00,2026-02-23T16:45:00-05:00,2500,41.7,Dinner,4,Mon,Sat,16,278278,wisely
2026-02-22T22:21:50+00:00,2026-02-23T17:00:00-05:00,1418,23.6,Dinner,2,Mon,Sun,17,278278,wisely
2026-02-22T22:21:50+00:00,2026-02-23T17:00:00-05:00,1418,23.6,Dinner,4,Mon,Sun,17,278278,wisely
2026-02-22T22:21:50+00:00,2026-02-23T17:15:00-05:00,1433,23.9,Dinner,2,Mon,Sun,17,278278,wisely
2026-02-22T22:36:20+00:00,2026-02-23T17:15:00-05:00,1419,23.6,Dinner,4,Mon,Sun,17,278278,wisely
2026-02-22T22:21:52+00:00,2026-02-23T17:30:00-05:00,1448,24.1,Dinner,2,Mon,Sun,17,278278,wisely
2026-02-22T22:21:51+00:00,2026-02-23T17:30:00-05:00,1448,24.1,Dinner,4,Mon,Sun,17,278278,wisely
2026-02-22T22:21:52+00:00,2026-02-23T17:45:00-05:00,1463,24.4,Dinner,2,Mon,Sun,17,278278,wisely
2026-02-22T22:21:51+00:00,2026-02-23T17:45:00-05:00,1463,24.4,Dinner,4,Mon,Sun,17,278278,wisely
2026-02-23T02:24:18+00:00,2026-02-23T18:00:00-05:00,1236,20.6,Dinner,2,Mon,Sun,18,278278,wisely
2026-02-23T02:24:19+00:00,2026-02-23T18:00:00-05:00,1236,20.6,Dinner,4,Mon,Sun,18,278278,wisely
2026-02-22T19:03:14+00:00,2026-02-23T18:15:00-05:00,1692,28.2,Dinner,2,Mon,Sun,18,278278,wisely
2026-02-22T22:58:00+00:00,2026-02-23T18:30:00-05:00,1472,24.5,Dinner,2,Mon,Sun,18,278278,wisely
2026-02-22T22:58:00+00:00,2026-02-23T18:30:00-05:00,1472,24.5,Dinner,4,Mon,Sun,18,278278,wisely
2026-02-22T01:51:39+00:00,2026-02-23T18:45:00-05:00,2753,45.9,Dinner,2,Mon,Sat,18,278278,wisely
2026-02-22T22:21:54+00:00,2026-02-23T18:45:00-05:00,1523,25.4,Dinner,4,Mon,Sun,18,278278,wisely
2026-02-22T23:55:33+00:00,2026-02-23T19:15:00-05:00,1459,24.3,Dinner,2,Mon,Sun,19,278278,wisely
2026-02-22T23:43:49+00:00,2026-02-23T19:30:00-05:00,1486,24.8,Dinner,2,Mon,Sun,19,278278,wisely
2026-02-21T19:21:13+00:00,2026-02-23T19:45:00-05:00,3204,53.4,Dinner,2,Mon,Sat,19,278278,wisely
2026-02-21T19:21:13+00:00,2026-02-23T19:45:00-05:00,3204,53.4,Dinner,4,Mon,Sat,19,278278,wisely
2026-02-22T22:21:56+00:00,2026-02-23T20:00:00-05:00,1598,26.6,Dinner,2,Mon,Sun,20,278278,wisely
2026-02-23T15:30:08+00:00,2026-02-23T20:00:00-05:00,570,9.5,Dinner,4,Mon,Mon,20,278278,wisely
2026-02-22T22:21:56+00:00,2026-02-23T20:15:00-05:00,1613,26.9,Dinner,2,Mon,Sun,20,278278,wisely
2026-02-22T21:56:44+00:00,2026-02-24T01:30:00+00:00,1653,27.6,Dinner,2,Mon,Sun,20,278278,wisely
2026-02-22T21:59:33+00:00,2026-02-23T20:30:00-05:00,1650,27.5,Dinner,4,Mon,Sun,20,278278,wisely
2026-02-22T22:22:01+00:00,2026-02-23T20:45:00-05:00,1643,27.4,Dinner,2,Mon,Sun,20,278278,wisely
2026-02-22T22:21:57+00:00,2026-02-23T20:45:00-05:00,1643,27.4,Dinner,4,Mon,Sun,20,278278,wisely
2026-02-22T22:22:02+00:00,2026-02-23T21:00:00-05:00,1658,27.6,Dinner,2,Mon,Sun,21,278278,wisely
2026-02-23T16:29:41+00:00,2026-02-23T21:00:00-05:00,570,9.5,Dinner,4,Mon,Mon,21,278278,wisely
2026-02-22T14:14:16+00:00,2026-02-23T21:15:00-05:00,2161,36.0,Dinner,2,Mon,Sun,21,278278,wisely
2026-02-22T14:14:16+00:00,2026-02-23T21:15:00-05:00,2161,36.0,Dinner,4,Mon,Sun,21,278278,wisely
2026-02-21T06:59:07+00:00,2026-02-23T21:30:00-05:00,4051,67.5,Dinner,2,Mon,Sat,21,278278,wisely
2026-02-21T06:59:08+00:00,2026-02-23T21:30:00-05:00,4051,67.5,Dinner,4,Mon,Sat,21,278278,wisely
2026-02-21T22:53:45+00:00,2026-02-23T21:45:00-05:00,3111,51.9,Dinner,2,Mon,Sat,21,278278,wisely
2026-02-21T22:53:45+00:00,2026-02-23T21:45:00-05:00,3111,51.9,Dinner,4,Mon,Sat,21,278278,wisely
2026-02-22T05:21:45+00:00,2026-02-24T11:30:00-05:00,3548,59.1,Lunch,2,Tue,Sun,11,278278,wisely
2026-02-22T05:21:45+00:00,2026-02-24T11:30:00-05:00,3548,59.1,Lunch,4,Tue,Sun,11,278278,wisely
2026-02-22T05:21:45+00:00,2026-02-24T11:45:00-05:00,3563,59.4,Lunch,2,Tue,Sun,11,278278,wisely
2026-02-22T05:21:46+00:00,2026-02-24T11:45:00-05:00,3563,59.4,Lunch,4,Tue,Sun,11,278278,wisely
2026-02-23T14:38:01+00:00,2026-02-24T12:00:00-05:00,1582,26.4,Lunch,2,Tue,Mon,12,278278,wisely
2026-02-23T14:38:02+00:00,2026-02-24T12:00:00-05:00,1582,26.4,Lunch,4,Tue,Mon,12,278278,wisely
2026-02-23T20:25:43+00:00,2026-02-24T12:15:00-05:00,1249,20.8,Lunch,2,Tue,Mon,12,278278,wisely
2026-02-23T21:31:43+00:00,2026-02-24T12:15:00-05:00,1183,19.7,Lunch,4,Tue,Mon,12,278278,wisely
2026-02-23T20:25:44+00:00,2026-02-24T12:30:00-05:00,1264,21.1,Lunch,2,Tue,Mon,12,278278,wisely
2026-02-23T20:25:44+00:00,2026-02-24T12:30:00-05:00,1264,21.1,Lunch,4,Tue,Mon,12,278278,wisely
2026-02-22T19:36:18+00:00,2026-02-24T12:45:00-05:00,2769,46.1,Lunch,2,Tue,Sun,12,278278,wisely
2026-02-23T22:58:11+00:00,2026-02-24T12:45:00-05:00,1127,18.8,Lunch,4,Tue,Mon,12,278278,wisely
2026-02-23T00:00:13+00:00,2026-02-24T13:00:00-05:00,2520,42.0,Lunch,2,Tue,Sun,13,278278,wisely
2026-02-23T00:00:06+00:00,2026-02-24T13:00:00-05:00,2520,42.0,Lunch,4,Tue,Sun,13,278278,wisely
2026-02-23T14:38:08+00:00,2026-02-24T13:15:00-05:00,1657,27.6,Lunch,2,Tue,Mon,13,278278,wisely
2026-02-23T20:25:46+00:00,2026-02-24T13:15:00-05:00,1309,21.8,Lunch,4,Tue,Mon,13,278278,wisely
2026-02-22T05:21:45+00:00,2026-02-24T13:30:00-05:00,3668,61.1,Lunch,2,Tue,Sun,13,278278,wisely
2026-02-23T17:40:33+00:00,2026-02-24T13:30:00-05:00,1489,24.8,Lunch,4,Tue,Mon,13,278278,wisely
2026-02-22T18:33:52+00:00,2026-02-24T13:45:00-05:00,2891,48.2,Lunch,2,Tue,Sun,13,278278,wisely
2026-02-22T18:33:53+00:00,2026-02-24T13:45:00-05:00,2891,48.2,Lunch,4,Tue,Sun,13,278278,wisely
2026-02-23T14:38:13+00:00,2026-02-24T14:00:00-05:00,1702,28.4,Lunch,2,Tue,Mon,14,278278,wisely
2026-02-23T14:38:11+00:00,2026-02-24T14:00:00-05:00,1702,28.4,Lunch,4,Tue,Mon,14,278278,wisely
2026-02-22T05:21:48+00:00,2026-02-24T14:15:00-05:00,3713,61.9,Lunch,2,Tue,Sun,14,278278,wisely
2026-02-22T05:21:46+00:00,2026-02-24T14:15:00-05:00,3713,61.9,Lunch,4,Tue,Sun,14,278278,wisely
2026-02-22T05:21:49+00:00,2026-02-24T14:30:00-05:00,3728,62.1,Lunch,2,Tue,Sun,14,278278,wisely
2026-02-22T05:21:49+00:00,2026-02-24T14:30:00-05:00,3728,62.1,Lunch,4,Tue,Sun,14,278278,wisely
2026-02-22T14:48:51+00:00,2026-02-24T14:45:00-05:00,3176,52.9,Lunch,2,Tue,Sun,14,278278,wisely
2026-02-22T05:21:49+00:00,2026-02-24T14:45:00-05:00,3743,62.4,Lunch,4,Tue,Sun,14,278278,wisely
2026-02-24T19:32:53+00:00,2026-02-24T15:00:00-05:00,27,0.5,Lunch,2,Tue,Tue,15,278278,wisely
2026-02-24T19:32:53+00:00,2026-02-24T15:00:00-05:00,27,0.5,Lunch,4,Tue,Tue,15,278278,wisely
2026-02-24T19:32:53+00:00,2026-02-24T15:15:00-05:00,42,0.7,Lunch,2,Tue,Tue,15,278278,wisely
2026-02-24T19:32:53+00:00,2026-02-24T15:15:00-05:00,42,0.7,Lunch,4,Tue,Tue,15,278278,wisely
2026-02-24T20:00:24+00:00,2026-02-24T15:30:00-05:00,30,0.5,Lunch,2,Tue,Tue,15,278278,wisely
2026-02-24T20:00:25+00:00,2026-02-24T15:30:00-05:00,30,0.5,Lunch,4,Tue,Tue,15,278278,wisely
2026-02-24T20:00:24+00:00,2026-02-24T15:45:00-05:00,45,0.7,Lunch,2,Tue,Tue,15,278278,wisely
2026-02-24T20:00:25+00:00,2026-02-24T15:45:00-05:00,45,0.7,Lunch,4,Tue,Tue,15,278278,wisely
2026-02-24T20:38:18+00:00,2026-02-24T16:00:00-05:00,22,0.4,Lunch,2,Tue,Tue,16,278278,wisely
2026-02-24T20:38:18+00:00,2026-02-24T16:00:00-05:00,22,0.4,Lunch,4,Tue,Tue,16,278278,wisely
2026-02-23T04:49:55+00:00,2026-02-24T16:30:00-05:00,2440,40.7,Dinner,2,Tue,Sun,16,278278,wisely
2026-02-23T22:57:31+00:00,2026-02-24T16:45:00-05:00,1367,22.8,Dinner,2,Tue,Mon,16,278278,wisely
2026-02-23T22:57:33+00:00,2026-02-24T16:45:00-05:00,1367,22.8,Dinner,4,Tue,Mon,16,278278,wisely
2026-02-23T15:31:01+00:00,2026-02-24T17:00:00-05:00,1829,30.5,Dinner,2,Tue,Mon,17,278278,wisely
2026-02-23T15:31:01+00:00,2026-02-24T17:00:00-05:00,1829,30.5,Dinner,4,Tue,Mon,17,278278,wisely
2026-02-23T23:43:02+00:00,2026-02-24T17:45:00-05:00,1382,23.0,Dinner,2,Tue,Mon,17,278278,wisely
2026-02-23T23:43:03+00:00,2026-02-24T17:45:00-05:00,1382,23.0,Dinner,4,Tue,Mon,17,278278,wisely
2026-02-22T22:58:29+00:00,2026-02-24T18:00:00-05:00,2882,48.0,Dinner,2,Tue,Sun,18,278278,wisely
2026-02-22T22:58:29+00:00,2026-02-24T18:00:00-05:00,2882,48.0,Dinner,4,Tue,Sun,18,278278,wisely
2026-02-22T23:14:04+00:00,2026-02-24T18:15:00-05:00,2881,48.0,Dinner,2,Tue,Sun,18,278278,wisely
2026-02-24T15:11:51+00:00,2026-02-24T18:45:00-05:00,513,8.6,Dinner,2,Tue,Tue,18,278278,wisely
2026-02-23T23:43:03+00:00,2026-02-24T20:00:00-05:00,1517,25.3,Dinner,2,Tue,Mon,20,278278,wisely
2026-02-23T23:43:03+00:00,2026-02-24T20:00:00-05:00,1517,25.3,Dinner,4,Tue,Mon,20,278278,wisely
2026-02-23T22:10:23+00:00,2026-02-24T20:15:00-05:00,1625,27.1,Dinner,2,Tue,Mon,20,278278,wisely
2026-02-23T22:01:24+00:00,2026-02-24T20:30:00-05:00,1649,27.5,Dinner,2,Tue,Mon,20,278278,wisely
2026-02-23T22:01:26+00:00,2026-02-24T20:30:00-05:00,1649,27.5,Dinner,4,Tue,Mon,20,278278,wisely
2026-02-24T02:35:26+00:00,2026-02-24T20:45:00-05:00,1390,23.2,Dinner,2,Tue,Mon,20,278278,wisely
2026-02-24T02:35:27+00:00,2026-02-24T20:45:00-05:00,1390,23.2,Dinner,4,Tue,Mon,20,278278,wisely
2026-02-23T16:30:06+00:00,2026-02-24T21:00:00-05:00,2010,33.5,Dinner,2,Tue,Mon,21,278278,wisely
2026-02-23T16:30:07+00:00,2026-02-24T21:00:00-05:00,2010,33.5,Dinner,4,Tue,Mon,21,278278,wisely
2026-02-23T22:01:25+00:00,2026-02-24T21:15:00-05:00,1694,28.2,Dinner,2,Tue,Mon,21,278278,wisely
2026-02-23T22:01:26+00:00,2026-02-24T21:15:00-05:00,1694,28.2,Dinner,4,Tue,Mon,21,278278,wisely
2026-02-23T22:10:38+00:00,2026-02-24T21:30:00-05:00,1699,28.3,Dinner,2,Tue,Mon,21,278278,wisely
2026-02-23T22:10:24+00:00,2026-02-24T21:30:00-05:00,1700,28.3,Dinner,4,Tue,Mon,21,278278,wisely
2026-02-23T22:10:40+00:00,2026-02-24T21:45:00-05:00,1714,28.6,Dinner,2,Tue,Mon,21,278278,wisely
2026-02-23T22:10:41+00:00,2026-02-24T21:45:00-05:00,1714,28.6,Dinner,4,Tue,Mon,21,278278,wisely
2026-02-24T15:12:56+00:00,2026-02-25T11:30:00-05:00,1517,25.3,Lunch,2,Wed,Tue,11,278278,wisely
2026-02-24T15:12:58+00:00,2026-02-25T11:30:00-05:00,1517,25.3,Lunch,4,Wed,Tue,11,278278,wisely
2026-02-23T14:38:24+00:00,2026-02-25T11:45:00-05:00,3007,50.1,Lunch,2,Wed,Mon,11,278278,wisely
2026-02-23T14:38:25+00:00,2026-02-25T11:45:00-05:00,3007,50.1,Lunch,4,Wed,Mon,11,278278,wisely
2026-02-25T05:14:22+00:00,2026-02-25T12:00:00-05:00,706,11.8,Lunch,2,Wed,Wed,12,278278,wisely
2026-02-25T05:14:23+00:00,2026-02-25T12:00:00-05:00,706,11.8,Lunch,4,Wed,Wed,12,278278,wisely
2026-02-24T15:12:57+00:00,2026-02-25T12:15:00-05:00,1562,26.0,Lunch,2,Wed,Tue,12,278278,wisely
2026-02-24T15:12:58+00:00,2026-02-25T12:15:00-05:00,1562,26.0,Lunch,4,Wed,Tue,12,278278,wisely
2026-02-24T04:32:12+00:00,2026-02-25T12:30:00-05:00,2218,37.0,Lunch,2,Wed,Mon,12,278278,wisely
2026-02-24T14:16:32+00:00,2026-02-25T12:45:00-05:00,1648,27.5,Lunch,2,Wed,Tue,12,278278,wisely
2026-02-24T22:26:22+00:00,2026-02-25T12:45:00-05:00,1159,19.3,Lunch,4,Wed,Tue,12,278278,wisely
2026-02-24T22:26:22+00:00,2026-02-25T13:00:00-05:00,1174,19.6,Lunch,2,Wed,Tue,13,278278,wisely
2026-02-24T16:17:02+00:00,2026-02-25T13:15:00-05:00,1558,26.0,Lunch,2,Wed,Tue,13,278278,wisely
2026-02-24T22:26:23+00:00,2026-02-25T13:15:00-05:00,1189,19.8,Lunch,4,Wed,Tue,13,278278,wisely
2026-02-23T15:31:48+00:00,2026-02-25T13:30:00-05:00,3058,51.0,Lunch,2,Wed,Mon,13,278278,wisely
2026-02-24T16:16:52+00:00,2026-02-25T13:30:00-05:00,1573,26.2,Lunch,4,Wed,Tue,13,278278,wisely
2026-02-23T05:57:40+00:00,2026-02-25T13:45:00-05:00,3647,60.8,Lunch,2,Wed,Mon,13,278278,wisely
2026-02-25T14:40:56+00:00,2026-02-25T13:45:00-05:00,244,4.1,Lunch,4,Wed,Wed,13,278278,wisely
2026-02-23T05:57:40+00:00,2026-02-25T14:00:00-05:00,3662,61.0,Lunch,2,Wed,Mon,14,278278,wisely
2026-02-23T05:57:40+00:00,2026-02-25T14:00:00-05:00,3662,61.0,Lunch,4,Wed,Mon,14,278278,wisely
2026-02-23T05:57:40+00:00,2026-02-25T14:15:00-05:00,3677,61.3,Lunch,2,Wed,Mon,14,278278,wisely
2026-02-23T05:57:41+00:00,2026-02-25T14:15:00-05:00,3677,61.3,Lunch,4,Wed,Mon,14,278278,wisely
2026-02-25T17:46:39+00:00,2026-02-25T14:30:00-05:00,103,1.7,Lunch,2,Wed,Wed,14,278278,wisely
2026-02-23T05:57:41+00:00,2026-02-25T14:30:00-05:00,3692,61.5,Lunch,4,Wed,Mon,14,278278,wisely
2026-02-25T19:42:24+00:00,2026-02-25T15:00:00-05:00,18,0.3,Lunch,2,Wed,Wed,15,278278,wisely
2026-02-25T19:42:24+00:00,2026-02-25T15:00:00-05:00,18,0.3,Lunch,4,Wed,Wed,15,278278,wisely
2026-02-25T19:42:24+00:00,2026-02-25T15:15:00-05:00,33,0.5,Lunch,2,Wed,Wed,15,278278,wisely
2026-02-25T19:42:24+00:00,2026-02-25T15:15:00-05:00,33,0.5,Lunch,4,Wed,Wed,15,278278,wisely
2026-02-25T19:42:24+00:00,2026-02-25T15:30:00-05:00,48,0.8,Lunch,2,Wed,Wed,15,278278,wisely
2026-02-25T19:42:25+00:00,2026-02-25T15:30:00-05:00,48,0.8,Lunch,4,Wed,Wed,15,278278,wisely
2026-02-24T20:38:24+00:00,2026-02-25T16:30:00-05:00,1492,24.9,Dinner,2,Wed,Tue,16,278278,wisely
2026-02-24T20:38:24+00:00,2026-02-25T16:30:00-05:00,1492,24.9,Dinner,4,Wed,Tue,16,278278,wisely
2026-02-24T17:31:17+00:00,2026-02-25T16:45:00-05:00,1694,28.2,Dinner,2,Wed,Tue,16,278278,wisely
2026-02-24T22:26:07+00:00,2026-02-25T16:45:00-05:00,1399,23.3,Dinner,4,Wed,Tue,16,278278,wisely
2026-02-23T15:31:38+00:00,2026-02-25T17:00:00-05:00,3268,54.5,Dinner,2,Wed,Mon,17,278278,wisely
2026-02-24T02:35:58+00:00,2026-02-25T17:00:00-05:00,2604,43.4,Dinner,4,Wed,Mon,17,278278,wisely
2026-02-24T22:26:08+00:00,2026-02-25T17:30:00-05:00,1444,24.1,Dinner,2,Wed,Tue,17,278278,wisely
2026-02-24T22:26:09+00:00,2026-02-25T18:15:00-05:00,1489,24.8,Dinner,2,Wed,Tue,18,278278,wisely
2026-02-24T22:26:11+00:00,2026-02-25T20:30:00-05:00,1624,27.1,Dinner,2,Wed,Tue,20,278278,wisely
2026-02-25T23:30:06+00:00,2026-02-25T20:45:00-05:00,135,2.2,Dinner,2,Wed,Wed,20,278278,wisely
2026-02-25T23:30:07+00:00,2026-02-25T20:45:00-05:00,135,2.2,Dinner,4,Wed,Wed,20,278278,wisely
2026-02-24T21:18:22+00:00,2026-02-26T02:00:00+00:00,1722,28.7,Dinner,2,Wed,Tue,21,278278,wisely
2026-02-24T21:18:22+00:00,2026-02-26T02:00:00+00:00,1722,28.7,Dinner,4,Wed,Tue,21,278278,wisely
2026-02-24T22:26:14+00:00,2026-02-25T21:15:00-05:00,1669,27.8,Dinner,2,Wed,Tue,21,278278,wisely
2026-02-24T22:26:12+00:00,2026-02-25T21:15:00-05:00,1669,27.8,Dinner,4,Wed,Tue,21,278278,wisely
2026-02-22T21:23:07+00:00,2026-02-25T21:30:00-05:00,4627,77.1,Dinner,2,Wed,Sun,21,278278,wisely
2026-02-22T21:23:08+00:00,2026-02-25T21:30:00-05:00,4627,77.1,Dinner,4,Wed,Sun,21,278278,wisely
2026-02-24T23:01:28+00:00,2026-02-26T02:45:00+00:00,1664,27.7,Dinner,2,Wed,Tue,21,278278,wisely
2026-02-24T23:01:28+00:00,2026-02-26T02:45:00+00:00,1664,27.7,Dinner,4,Wed,Tue,21,278278,wisely
2026-02-25T22:16:59+00:00,2026-02-26T11:30:00-05:00,1093,18.2,Lunch,2,Thu,Wed,11,278278,wisely
2026-02-25T22:17:00+00:00,2026-02-26T11:30:00-05:00,1093,18.2,Lunch,4,Thu,Wed,11,278278,wisely
2026-02-24T18:34:02+00:00,2026-02-26T11:45:00-05:00,2771,46.2,Lunch,2,Thu,Tue,11,278278,wisely
2026-02-24T18:34:05+00:00,2026-02-26T11:45:00-05:00,2771,46.2,Lunch,4,Thu,Tue,11,278278,wisely
2026-02-25T13:52:24+00:00,2026-02-26T12:00:00-05:00,1628,27.1,Lunch,2,Thu,Wed,12,278278,wisely
2026-02-25T13:52:25+00:00,2026-02-26T12:00:00-05:00,1628,27.1,Lunch,4,Thu,Wed,12,278278,wisely
2026-02-24T13:12:12+00:00,2026-02-26T12:15:00-05:00,3123,52.0,Lunch,2,Thu,Tue,12,278278,wisely
2026-02-25T22:16:59+00:00,2026-02-26T12:30:00-05:00,1153,19.2,Lunch,2,Thu,Wed,12,278278,wisely
2026-02-25T22:17:00+00:00,2026-02-26T12:30:00-05:00,1153,19.2,Lunch,4,Thu,Wed,12,278278,wisely
2026-02-25T22:17:02+00:00,2026-02-26T12:45:00-05:00,1168,19.5,Lunch,2,Thu,Wed,12,278278,wisely
2026-02-25T22:17:02+00:00,2026-02-26T12:45:00-05:00,1168,19.5,Lunch,4,Thu,Wed,12,278278,wisely
2026-02-24T23:02:04+00:00,2026-02-26T18:00:00+00:00,2578,43.0,Lunch,2,Thu,Tue,13,278278,wisely
2026-02-24T23:02:05+00:00,2026-02-26T18:00:00+00:00,2578,43.0,Lunch,4,Thu,Tue,13,278278,wisely
2026-02-24T17:32:01+00:00,2026-02-26T13:15:00-05:00,2923,48.7,Lunch,2,Thu,Tue,13,278278,wisely
2026-02-24T17:32:02+00:00,2026-02-26T13:15:00-05:00,2923,48.7,Lunch,4,Thu,Tue,13,278278,wisely
2026-02-24T18:34:03+00:00,2026-02-26T13:30:00-05:00,2876,47.9,Lunch,2,Thu,Tue,13,278278,wisely
2026-02-25T22:17:05+00:00,2026-02-26T13:45:00-05:00,1228,20.5,Lunch,2,Thu,Wed,13,278278,wisely
2026-02-25T22:17:04+00:00,2026-02-26T13:45:00-05:00,1228,20.5,Lunch,4,Thu,Wed,13,278278,wisely
2026-02-25T12:31:59+00:00,2026-02-26T14:00:00-05:00,1828,30.5,Lunch,2,Thu,Wed,14,278278,wisely
2026-02-25T12:31:59+00:00,2026-02-26T14:00:00-05:00,1828,30.5,Lunch,4,Thu,Wed,14,278278,wisely
2026-02-24T05:43:46+00:00,2026-02-26T14:15:00-05:00,3691,61.5,Lunch,2,Thu,Tue,14,278278,wisely
2026-02-24T05:43:46+00:00,2026-02-26T14:15:00-05:00,3691,61.5,Lunch,4,Thu,Tue,14,278278,wisely
2026-02-24T05:43:46+00:00,2026-02-26T14:30:00-05:00,3706,61.8,Lunch,2,Thu,Tue,14,278278,wisely
2026-02-24T05:43:46+00:00,2026-02-26T14:30:00-05:00,3706,61.8,Lunch,4,Thu,Tue,14,278278,wisely
2026-02-24T05:43:46+00:00,2026-02-26T14:45:00-05:00,3721,62.0,Lunch,2,Thu,Tue,14,278278,wisely
2026-02-24T05:43:46+00:00,2026-02-26T14:45:00-05:00,3721,62.0,Lunch,4,Thu,Tue,14,278278,wisely
2026-02-24T15:13:37+00:00,2026-02-26T15:00:00-05:00,3166,52.8,Lunch,2,Thu,Tue,15,278278,wisely
2026-02-24T15:13:24+00:00,2026-02-26T15:00:00-05:00,3167,52.8,Lunch,4,Thu,Tue,15,278278,wisely
2026-02-26T19:25:04+00:00,2026-02-26T15:15:00-05:00,50,0.8,Lunch,2,Thu,Thu,15,278278,wisely
2026-02-26T19:25:05+00:00,2026-02-26T15:15:00-05:00,50,0.8,Lunch,4,Thu,Thu,15,278278,wisely
2026-02-26T20:01:27+00:00,2026-02-26T15:30:00-05:00,29,0.5,Lunch,2,Thu,Thu,15,278278,wisely
2026-02-26T20:01:28+00:00,2026-02-26T15:30:00-05:00,29,0.5,Lunch,4,Thu,Thu,15,278278,wisely
2026-02-26T20:01:27+00:00,2026-02-26T15:45:00-05:00,44,0.7,Lunch,2,Thu,Thu,15,278278,wisely
2026-02-26T20:01:28+00:00,2026-02-26T15:45:00-05:00,44,0.7,Lunch,4,Thu,Thu,15,278278,wisely
2026-02-23T22:58:48+00:00,2026-02-26T16:30:00-05:00,4231,70.5,Dinner,2,Thu,Mon,16,278278,wisely
2026-02-25T22:35:52+00:00,2026-02-26T16:45:00-05:00,1389,23.2,Dinner,2,Thu,Wed,16,278278,wisely
2026-02-25T22:35:54+00:00,2026-02-26T16:45:00-05:00,1389,23.2,Dinner,4,Thu,Wed,16,278278,wisely
2026-02-25T18:45:06+00:00,2026-02-26T18:30:00-05:00,1725,28.7,Dinner,2,Thu,Wed,18,278278,wisely
2026-02-25T13:52:08+00:00,2026-02-26T21:00:00-05:00,2168,36.1,Dinner,2,Thu,Wed,21,278278,wisely
2026-02-25T21:23:42+00:00,2026-02-26T21:00:00-05:00,1716,28.6,Dinner,4,Thu,Wed,21,278278,wisely
2026-02-25T05:14:30+00:00,2026-02-26T21:15:00-05:00,2700,45.0,Dinner,2,Thu,Wed,21,278278,wisely
2026-02-25T05:14:30+00:00,2026-02-26T21:15:00-05:00,2700,45.0,Dinner,4,Thu,Wed,21,278278,wisely
2026-02-25T22:16:49+00:00,2026-02-26T21:45:00-05:00,1708,28.5,Dinner,2,Thu,Wed,21,278278,wisely
2026-02-25T22:16:49+00:00,2026-02-26T21:45:00-05:00,1708,28.5,Dinner,4,Thu,Wed,21,278278,wisely
2026-02-26T20:40:54+00:00,2026-02-27T11:30:00-05:00,1189,19.8,Lunch,2,Fri,Thu,11,278278,wisely
2026-02-26T20:40:55+00:00,2026-02-27T11:30:00-05:00,1189,19.8,Lunch,4,Fri,Thu,11,278278,wisely
2026-02-25T05:15:15+00:00,2026-02-27T11:45:00-05:00,3570,59.5,Lunch,2,Fri,Wed,11,278278,wisely
2026-02-25T05:15:15+00:00,2026-02-27T11:45:00-05:00,3570,59.5,Lunch,4,Fri,Wed,11,278278,wisely
2026-02-26T22:24:59+00:00,2026-02-27T12:00:00-05:00,1115,18.6,Lunch,2,Fri,Thu,12,278278,wisely
2026-02-26T22:25:00+00:00,2026-02-27T12:00:00-05:00,1115,18.6,Lunch,4,Fri,Thu,12,278278,wisely
2026-02-27T16:54:02+00:00,2026-02-27T12:15:00-05:00,21,0.3,Lunch,2,Fri,Fri,12,278278,wisely
2026-02-27T02:50:32+00:00,2026-02-27T12:30:00-05:00,879,14.7,Lunch,2,Fri,Thu,12,278278,wisely
2026-02-27T02:50:34+00:00,2026-02-27T12:30:00-05:00,879,14.7,Lunch,4,Fri,Thu,12,278278,wisely
2026-02-26T23:00:33+00:00,2026-02-27T17:45:00+00:00,1124,18.7,Lunch,2,Fri,Thu,12,278278,wisely
2026-02-26T23:00:34+00:00,2026-02-27T17:45:00+00:00,1124,18.7,Lunch,4,Fri,Thu,12,278278,wisely
2026-02-26T22:24:59+00:00,2026-02-27T13:00:00-05:00,1175,19.6,Lunch,2,Fri,Thu,13,278278,wisely
2026-02-26T22:25:00+00:00,2026-02-27T13:00:00-05:00,1175,19.6,Lunch,4,Fri,Thu,13,278278,wisely
2026-02-26T22:24:59+00:00,2026-02-27T13:45:00-05:00,1220,20.3,Lunch,2,Fri,Thu,13,278278,wisely
2026-02-26T22:25:01+00:00,2026-02-27T13:45:00-05:00,1220,20.3,Lunch,4,Fri,Thu,13,278278,wisely
2026-02-26T22:25:10+00:00,2026-02-27T14:00:00-05:00,1235,20.6,Lunch,2,Fri,Thu,14,278278,wisely
2026-02-26T22:25:11+00:00,2026-02-27T14:00:00-05:00,1235,20.6,Lunch,4,Fri,Thu,14,278278,wisely
2026-02-26T22:25:12+00:00,2026-02-27T14:15:00-05:00,1250,20.8,Lunch,2,Fri,Thu,14,278278,wisely
2026-02-26T22:25:13+00:00,2026-02-27T14:15:00-05:00,1250,20.8,Lunch,4,Fri,Thu,14,278278,wisely
2026-02-27T14:07:00+00:00,2026-02-27T14:30:00-05:00,323,5.4,Lunch,2,Fri,Fri,14,278278,wisely
2026-02-27T14:07:01+00:00,2026-02-27T14:30:00-05:00,323,5.4,Lunch,4,Fri,Fri,14,278278,wisely
2026-02-27T04:28:18+00:00,2026-02-27T14:45:00-05:00,917,15.3,Lunch,2,Fri,Thu,14,278278,wisely
2026-02-27T04:28:19+00:00,2026-02-27T14:45:00-05:00,917,15.3,Lunch,4,Fri,Thu,14,278278,wisely
2026-02-25T05:15:15+00:00,2026-02-27T15:00:00-05:00,3765,62.7,Lunch,2,Fri,Wed,15,278278,wisely
2026-02-25T05:15:15+00:00,2026-02-27T15:00:00-05:00,3765,62.7,Lunch,4,Fri,Wed,15,278278,wisely
2026-02-25T14:41:44+00:00,2026-02-27T15:15:00-05:00,3213,53.6,Lunch,2,Fri,Wed,15,278278,wisely
2026-02-25T14:41:45+00:00,2026-02-27T15:15:00-05:00,3213,53.6,Lunch,4,Fri,Wed,15,278278,wisely
2026-02-27T16:54:09+00:00,2026-02-27T15:30:00-05:00,216,3.6,Lunch,2,Fri,Fri,15,278278,wisely
2026-02-27T16:54:04+00:00,2026-02-27T15:30:00-05:00,216,3.6,Lunch,4,Fri,Fri,15,278278,wisely
2026-02-25T21:07:19+00:00,2026-02-27T15:45:00-05:00,2858,47.6,Lunch,2,Fri,Wed,15,278278,wisely
2026-02-25T21:07:20+00:00,2026-02-27T15:45:00-05:00,2858,47.6,Lunch,4,Fri,Wed,15,278278,wisely
2026-02-25T18:45:50+00:00,2026-02-27T16:00:00-05:00,3014,50.2,Lunch,2,Fri,Wed,16,278278,wisely
2026-02-25T18:45:50+00:00,2026-02-27T16:00:00-05:00,3014,50.2,Lunch,4,Fri,Wed,16,278278,wisely
2026-02-26T15:32:55+00:00,2026-02-27T16:15:00-05:00,1782,29.7,Lunch,2,Fri,Thu,16,278278,wisely
2026-02-26T18:28:22+00:00,2026-02-27T16:15:00-05:00,1607,26.8,Lunch,4,Fri,Thu,16,278278,wisely
2026-02-25T17:47:28+00:00,2026-02-27T16:30:00-05:00,3103,51.7,Dinner,2,Fri,Wed,16,278278,wisely
2026-02-25T17:47:29+00:00,2026-02-27T16:30:00-05:00,3103,51.7,Dinner,4,Fri,Wed,16,278278,wisely
2026-02-26T23:39:59+00:00,2026-02-27T21:45:00+00:00,1325,22.1,Dinner,2,Fri,Thu,16,278278,wisely
2026-02-26T23:40:00+00:00,2026-02-27T21:45:00+00:00,1325,22.1,Dinner,4,Fri,Thu,16,278278,wisely
2026-02-26T22:30:18+00:00,2026-02-27T18:15:00-05:00,1485,24.7,Dinner,2,Fri,Thu,18,278278,wisely
2026-02-26T22:30:18+00:00,2026-02-27T18:15:00-05:00,1485,24.7,Dinner,4,Fri,Thu,18,278278,wisely
2026-02-27T16:53:50+00:00,2026-02-27T19:30:00-05:00,456,7.6,Dinner,2,Fri,Fri,19,278278,wisely
2026-02-27T16:53:51+00:00,2026-02-27T19:30:00-05:00,456,7.6,Dinner,4,Fri,Fri,19,278278,wisely
2026-02-26T04:31:48+00:00,2026-02-27T20:15:00-05:00,2683,44.7,Dinner,2,Fri,Wed,20,278278,wisely
2026-02-26T23:00:23+00:00,2026-02-28T01:15:00+00:00,1575,26.2,Dinner,4,Fri,Thu,20,278278,wisely
2026-02-26T22:24:35+00:00,2026-02-27T21:45:00-05:00,1700,28.3,Dinner,2,Fri,Thu,21,278278,wisely
2026-02-27T22:27:40+00:00,2026-02-28T11:30:00-05:00,1082,18.0,Lunch,2,Sat,Fri,11,278278,wisely
2026-02-27T22:27:41+00:00,2026-02-28T11:30:00-05:00,1082,18.0,Lunch,4,Sat,Fri,11,278278,wisely
2026-02-28T04:08:42+00:00,2026-02-28T11:45:00-05:00,756,12.6,Lunch,2,Sat,Fri,11,278278,wisely
2026-02-28T02:38:42+00:00,2026-02-28T12:00:00-05:00,861,14.4,Lunch,2,Sat,Fri,12,278278,wisely
2026-02-28T02:38:43+00:00,2026-02-28T12:00:00-05:00,861,14.4,Lunch,4,Sat,Fri,12,278278,wisely
2026-02-26T18:28:38+00:00,2026-02-28T12:15:00-05:00,2806,46.8,Lunch,2,Sat,Thu,12,278278,wisely
2026-02-26T18:28:38+00:00,2026-02-28T12:15:00-05:00,2806,46.8,Lunch,4,Sat,Thu,12,278278,wisely
2026-02-28T16:12:10+00:00,2026-02-28T13:00:00-05:00,108,1.8,Lunch,2,Sat,Sat,13,278278,wisely
2026-02-28T16:12:11+00:00,2026-02-28T13:00:00-05:00,108,1.8,Lunch,4,Sat,Sat,13,278278,wisely
2026-02-27T22:52:55+00:00,2026-02-28T13:15:00-05:00,1162,19.4,Lunch,2,Sat,Fri,13,278278,wisely
2026-02-27T22:27:40+00:00,2026-02-28T13:30:00-05:00,1202,20.0,Lunch,2,Sat,Fri,13,278278,wisely
2026-02-28T17:48:55+00:00,2026-02-28T14:00:00-05:00,71,1.2,Lunch,2,Sat,Sat,14,278278,wisely
2026-02-28T17:48:57+00:00,2026-02-28T14:00:00-05:00,71,1.2,Lunch,4,Sat,Sat,14,278278,wisely
2026-02-27T02:50:59+00:00,2026-02-28T14:15:00-05:00,2424,40.4,Lunch,2,Sat,Thu,14,278278,wisely
2026-02-26T12:32:30+00:00,2026-02-28T14:30:00-05:00,3297,55.0,Lunch,2,Sat,Thu,14,278278,wisely
2026-02-27T22:27:40+00:00,2026-02-28T14:45:00-05:00,1277,21.3,Lunch,2,Sat,Fri,14,278278,wisely
2026-02-27T22:27:41+00:00,2026-02-28T14:45:00-05:00,1277,21.3,Lunch,4,Sat,Fri,14,278278,wisely
2026-02-26T15:33:11+00:00,2026-02-28T15:00:00-05:00,3147,52.4,Lunch,2,Sat,Thu,15,278278,wisely
2026-02-27T22:27:46+00:00,2026-02-28T15:30:00-05:00,1322,22.0,Lunch,2,Sat,Fri,15,278278,wisely
2026-02-27T22:27:41+00:00,2026-02-28T15:30:00-05:00,1322,22.0,Lunch,4,Sat,Fri,15,278278,wisely
2026-02-27T23:43:05+00:00,2026-02-28T15:45:00-05:00,1262,21.0,Lunch,2,Sat,Fri,15,278278,wisely
2026-02-27T22:27:47+00:00,2026-02-28T15:45:00-05:00,1337,22.3,Lunch,4,Sat,Fri,15,278278,wisely
2026-02-27T16:05:59+00:00,2026-02-28T16:00:00-05:00,1734,28.9,Lunch,2,Sat,Fri,16,278278,wisely
2026-02-27T22:01:49+00:00,2026-02-28T16:00:00-05:00,1378,23.0,Lunch,4,Sat,Fri,16,278278,wisely
2026-02-27T19:00:55+00:00,2026-02-28T16:15:00-05:00,1574,26.2,Lunch,2,Sat,Fri,16,278278,wisely
2026-02-27T22:01:49+00:00,2026-02-28T16:15:00-05:00,1393,23.2,Lunch,4,Sat,Fri,16,278278,wisely
2026-02-26T12:32:20+00:00,2026-02-28T16:30:00-05:00,3418,57.0,Dinner,2,Sat,Thu,16,278278,wisely
2026-02-27T00:01:11+00:00,2026-02-28T17:00:00-05:00,2759,46.0,Dinner,2,Sat,Thu,17,278278,wisely
2026-02-27T00:01:12+00:00,2026-02-28T17:00:00-05:00,2759,46.0,Dinner,4,Sat,Thu,17,278278,wisely
2026-02-27T22:27:22+00:00,2026-02-28T17:15:00-05:00,1428,23.8,Dinner,2,Sat,Fri,17,278278,wisely
2026-02-27T22:27:24+00:00,2026-02-28T17:15:00-05:00,1428,23.8,Dinner,4,Sat,Fri,17,278278,wisely
2026-02-28T12:19:36+00:00,2026-02-28T19:00:00-05:00,700,11.7,Dinner,2,Sat,Sat,19,278278,wisely
2026-02-28T04:08:35+00:00,2026-02-28T19:30:00-05:00,1221,20.4,Dinner,2,Sat,Fri,19,278278,wisely
2026-02-28T04:08:37+00:00,2026-02-28T19:30:00-05:00,1221,20.4,Dinner,4,Sat,Fri,19,278278,wisely
2026-02-27T22:27:23+00:00,2026-02-28T21:15:00-05:00,1668,27.8,Dinner,2,Sat,Fri,21,278278,wisely
2026-02-27T22:27:24+00:00,2026-02-28T21:15:00-05:00,1668,27.8,Dinner,4,Sat,Fri,21,278278,wisely
2026-02-27T14:55:57+00:00,2026-02-28T21:45:00-05:00,2149,35.8,Dinner,2,Sat,Fri,21,278278,wisely
