seen_at_iso,slot_at_iso,lead_minutes,lead_hours,service,party_size,weekday_slot,weekday_seen,hour_slot,merchant_id,source
2026-06-30T16:08:59+00:00,2026-07-01T11:30:00-04:00,1401,23.4,Lunch,2,Wed,Tue,11,278278,wisely
2026-06-30T16:09:00+00:00,2026-07-01T11:30:00-04:00,1401,23.3,Lunch,4,Wed,Tue,11,278278,wisely
2026-06-30T13:31:01+00:00,2026-07-01T11:45:00-04:00,1574,26.2,Lunch,2,Wed,Tue,11,278278,wisely
2026-06-30T13:31:02+00:00,2026-07-01T11:45:00-04:00,1574,26.2,Lunch,4,Wed,Tue,11,278278,wisely
2026-06-30T13:31:02+00:00,2026-07-01T12:00:00-04:00,1589,26.5,Lunch,2,Wed,Tue,12,278278,wisely
2026-06-30T13:31:03+00:00,2026-07-01T12:00:00-04:00,1589,26.5,Lunch,4,Wed,Tue,12,278278,wisely
2026-06-30T16:09:05+00:00,2026-07-01T12:15:00-04:00,1446,24.1,Lunch,2,Wed,Tue,12,278278,wisely
2026-06-30T16:09:10+00:00,2026-07-01T13:15:00-04:00,1506,25.1,Lunch,2,Wed,Tue,13,278278,wisely
2026-06-29T06:56:30+00:00,2026-07-01T13:30:00-04:00,3513,58.6,Lunch,2,Wed,Mon,13,278278,wisely
2026-06-29T06:56:31+00:00,2026-07-01T13:30:00-04:00,3513,58.6,Lunch,4,Wed,Mon,13,278278,wisely
2026-06-29T06:56:30+00:00,2026-07-01T13:45:00-04:00,3528,58.8,Lunch,2,Wed,Mon,13,278278,wisely
2026-06-29T06:56:31+00:00,2026-07-01T13:45:00-04:00,3528,58.8,Lunch,4,Wed,Mon,13,278278,wisely
2026-06-29T06:56:30+00:00,2026-07-01T14:00:00-04:00,3543,59.1,Lunch,2,Wed,Mon,14,278278,wisely
2026-06-29T06:56:31+00:00,2026-07-01T14:00:00-04:00,3543,59.1,Lunch,4,Wed,Mon,14,278278,wisely
2026-06-29T06:56:35+00:00,2026-07-01T14:15:00-04:00,3558,59.3,Lunch,2,Wed,Mon,14,278278,wisely
2026-06-29T06:56:35+00:00,2026-07-01T14:15:00-04:00,3558,59.3,Lunch,4,Wed,Mon,14,278278,wisely
2026-07-01T00:14:13+00:00,2026-07-01T14:30:00-04:00,1096,18.3,Lunch,2,Wed,Tue,14,278278,wisely
2026-07-01T00:14:13+00:00,2026-07-01T14:30:00-04:00,1096,18.3,Lunch,4,Wed,Tue,14,278278,wisely
2026-07-01T16:26:12+00:00,2026-07-01T14:45:00-04:00,139,2.3,Lunch,4,Wed,Wed,14,278278,wisely
2026-07-01T18:25:34+00:00,2026-07-01T15:00:00-04:00,34,0.6,Lunch,2,Wed,Wed,15,278278,wisely
2026-07-01T18:25:36+00:00,2026-07-01T15:00:00-04:00,34,0.6,Lunch,4,Wed,Wed,15,278278,wisely
2026-07-01T18:25:35+00:00,2026-07-01T15:15:00-04:00,49,0.8,Lunch,2,Wed,Wed,15,278278,wisely
2026-07-01T18:25:37+00:00,2026-07-01T15:15:00-04:00,49,0.8,Lunch,4,Wed,Wed,15,278278,wisely
2026-06-30T16:08:50+00:00,2026-07-01T16:30:00-04:00,1701,28.4,Dinner,2,Wed,Tue,16,278278,wisely
2026-06-28T21:04:21+00:00,2026-07-01T16:45:00-04:00,4301,71.7,Dinner,2,Wed,Sun,16,278278,wisely
2026-06-28T21:04:21+00:00,2026-07-01T16:45:00-04:00,4301,71.7,Dinner,4,Wed,Sun,16,278278,wisely
2026-06-28T19:07:24+00:00,2026-07-01T17:00:00-04:00,4433,73.9,Dinner,2,Wed,Sun,17,278278,wisely
2026-06-29T15:41:20+00:00,2026-07-01T17:00:00-04:00,3199,53.3,Dinner,4,Wed,Mon,17,278278,wisely
2026-06-29T02:01:26+00:00,2026-07-01T17:15:00-04:00,4034,67.2,Dinner,2,Wed,Sun,17,278278,wisely
2026-06-29T02:01:27+00:00,2026-07-01T17:15:00-04:00,4034,67.2,Dinner,4,Wed,Sun,17,278278,wisely
2026-06-30T22:59:35+00:00,2026-07-01T17:30:00-04:00,1350,22.5,Dinner,2,Wed,Tue,17,278278,wisely
2026-06-30T22:59:36+00:00,2026-07-01T17:30:00-04:00,1350,22.5,Dinner,4,Wed,Tue,17,278278,wisely
2026-06-29T18:01:00+00:00,2026-07-01T21:15:00-04:00,3314,55.2,Dinner,2,Wed,Mon,21,278278,wisely
2026-06-29T18:01:00+00:00,2026-07-01T21:15:00-04:00,3314,55.2,Dinner,4,Wed,Mon,21,278278,wisely
2026-06-30T16:08:55+00:00,2026-07-01T21:30:00-04:00,2001,33.4,Dinner,2,Wed,Tue,21,278278,wisely
2026-06-30T16:08:52+00:00,2026-07-01T21:30:00-04:00,2001,33.4,Dinner,4,Wed,Tue,21,278278,wisely
2026-06-28T04:55:53+00:00,2026-07-01T21:45:00-04:00,5569,92.8,Dinner,2,Wed,Sun,21,278278,wisely
2026-06-30T16:08:56+00:00,2026-07-01T21:45:00-04:00,2016,33.6,Dinner,4,Wed,Tue,21,278278,wisely
2026-06-30T05:54:48+00:00,2026-07-02T11:30:00-04:00,3455,57.6,Lunch,2,Thu,Tue,11,278278,wisely
2026-06-30T05:54:49+00:00,2026-07-02T11:30:00-04:00,3455,57.6,Lunch,4,Thu,Tue,11,278278,wisely
2026-06-30T05:54:48+00:00,2026-07-02T11:45:00-04:00,3470,57.8,Lunch,2,Thu,Tue,11,278278,wisely
2026-06-30T05:54:49+00:00,2026-07-02T11:45:00-04:00,3470,57.8,Lunch,4,Thu,Tue,11,278278,wisely
2026-06-30T05:54:48+00:00,2026-07-02T12:00:00-04:00,3485,58.1,Lunch,2,Thu,Tue,12,278278,wisely
2026-06-30T05:54:49+00:00,2026-07-02T12:00:00-04:00,3485,58.1,Lunch,4,Thu,Tue,12,278278,wisely
2026-06-30T05:54:50+00:00,2026-07-02T12:15:00-04:00,3500,58.3,Lunch,2,Thu,Tue,12,278278,wisely
2026-06-30T05:54:51+00:00,2026-07-02T12:30:00-04:00,3515,58.6,Lunch,2,Thu,Tue,12,278278,wisely
2026-07-01T20:25:18+00:00,2026-07-02T12:30:00-04:00,1205,20.1,Lunch,4,Thu,Wed,12,278278,wisely
2026-06-30T05:54:51+00:00,2026-07-02T12:45:00-04:00,3530,58.8,Lunch,2,Thu,Tue,12,278278,wisely
2026-06-30T21:40:18+00:00,2026-07-02T12:45:00-04:00,2585,43.1,Lunch,4,Thu,Tue,12,278278,wisely
2026-07-02T15:28:55+00:00,2026-07-02T13:00:00-04:00,91,1.5,Dinner,2,Thu,Thu,13,278278,wisely
2026-06-30T05:54:53+00:00,2026-07-02T13:15:00-04:00,3560,59.3,Lunch,2,Thu,Tue,13,278278,wisely
2026-06-30T05:54:52+00:00,2026-07-02T13:15:00-04:00,3560,59.3,Lunch,4,Thu,Tue,13,278278,wisely
2026-06-30T05:54:54+00:00,2026-07-02T13:30:00-04:00,3575,59.6,Lunch,2,Thu,Tue,13,278278,wisely
2026-06-30T05:54:52+00:00,2026-07-02T13:30:00-04:00,3575,59.6,Lunch,4,Thu,Tue,13,278278,wisely
2026-06-30T05:54:54+00:00,2026-07-02T13:45:00-04:00,3590,59.8,Lunch,2,Thu,Tue,13,278278,wisely
2026-06-30T05:54:53+00:00,2026-07-02T13:45:00-04:00,3590,59.8,Lunch,4,Thu,Tue,13,278278,wisely
2026-06-30T05:54:55+00:00,2026-07-02T14:00:00-04:00,3605,60.1,Lunch,2,Thu,Tue,14,278278,wisely
2026-06-30T05:54:55+00:00,2026-07-02T14:00:00-04:00,3605,60.1,Lunch,4,Thu,Tue,14,278278,wisely
2026-06-30T05:54:56+00:00,2026-07-02T14:15:00-04:00,3620,60.3,Lunch,2,Thu,Tue,14,278278,wisely
2026-06-30T05:54:56+00:00,2026-07-02T14:15:00-04:00,3620,60.3,Lunch,4,Thu,Tue,14,278278,wisely
2026-07-02T15:29:19+00:00,2026-07-02T14:30:00-04:00,181,3.0,Lunch,2,Thu,Thu,14,278278,wisely
2026-07-02T15:29:20+00:00,2026-07-02T14:30:00-04:00,181,3.0,Lunch,4,Thu,Thu,14,278278,wisely
2026-07-02T17:11:40+00:00,2026-07-02T14:45:00-04:00,93,1.6,Lunch,2,Thu,Thu,14,278278,wisely
2026-07-02T17:11:41+00:00,2026-07-02T14:45:00-04:00,93,1.6,Lunch,4,Thu,Thu,14,278278,wisely
2026-07-02T18:50:41+00:00,2026-07-02T15:15:00-04:00,24,0.4,Lunch,2,Thu,Thu,15,278278,wisely
2026-07-02T18:50:44+00:00,2026-07-02T15:15:00-04:00,24,0.4,Lunch,4,Thu,Thu,15,278278,wisely
2026-07-02T18:50:42+00:00,2026-07-02T15:30:00-04:00,39,0.7,Lunch,2,Thu,Thu,15,278278,wisely
2026-07-02T18:50:44+00:00,2026-07-02T15:30:00-04:00,39,0.7,Lunch,4,Thu,Thu,15,278278,wisely
2026-07-02T18:50:43+00:00,2026-07-02T15:45:00-04:00,54,0.9,Lunch,2,Thu,Thu,15,278278,wisely
2026-07-02T18:50:45+00:00,2026-07-02T16:00:00-04:00,69,1.2,Lunch,4,Thu,Thu,16,278278,wisely
2026-06-30T01:38:31+00:00,2026-07-02T16:45:00-04:00,4026,67.1,Dinner,2,Thu,Mon,16,278278,wisely
2026-06-30T01:38:32+00:00,2026-07-02T16:45:00-04:00,4026,67.1,Dinner,4,Thu,Mon,16,278278,wisely
2026-07-01T16:26:34+00:00,2026-07-02T17:00:00-04:00,1713,28.6,Dinner,2,Thu,Wed,17,278278,wisely
2026-07-01T16:26:36+00:00,2026-07-02T17:00:00-04:00,1713,28.6,Dinner,4,Thu,Wed,17,278278,wisely
2026-06-29T20:08:14+00:00,2026-07-02T17:15:00-04:00,4387,73.1,Dinner,2,Thu,Mon,17,278278,wisely
2026-06-29T20:08:14+00:00,2026-07-02T17:15:00-04:00,4387,73.1,Dinner,4,Thu,Mon,17,278278,wisely
2026-07-02T00:01:03+00:00,2026-07-02T18:30:00-04:00,1349,22.5,Dinner,2,Thu,Wed,18,278278,wisely
2026-07-02T00:01:04+00:00,2026-07-02T18:30:00-04:00,1349,22.5,Dinner,4,Thu,Wed,18,278278,wisely
2026-07-01T22:51:40+00:00,2026-07-02T19:00:00-04:00,1448,24.1,Dinner,2,Thu,Wed,19,278278,wisely
2026-07-01T22:51:41+00:00,2026-07-02T19:00:00-04:00,1448,24.1,Dinner,4,Thu,Wed,19,278278,wisely
2026-07-01T00:14:26+00:00,2026-07-02T19:15:00-04:00,2821,47.0,Dinner,2,Thu,Tue,19,278278,wisely
2026-07-01T00:14:27+00:00,2026-07-02T19:15:00-04:00,2821,47.0,Dinner,4,Thu,Tue,19,278278,wisely
2026-07-02T13:10:28+00:00,2026-07-02T20:30:00-04:00,680,11.3,Dinner,2,Thu,Thu,20,278278,wisely
2026-07-02T13:10:29+00:00,2026-07-02T20:30:00-04:00,680,11.3,Dinner,4,Thu,Thu,20,278278,wisely
2026-07-01T16:26:35+00:00,2026-07-02T21:00:00-04:00,1953,32.6,Dinner,2,Thu,Wed,21,278278,wisely
2026-07-01T16:26:36+00:00,2026-07-02T21:00:00-04:00,1953,32.6,Dinner,4,Thu,Wed,21,278278,wisely
2026-07-02T01:35:39+00:00,2026-07-02T21:15:00-04:00,1419,23.7,Dinner,2,Thu,Wed,21,278278,wisely
2026-06-29T15:41:48+00:00,2026-07-02T21:30:00-04:00,4908,81.8,Dinner,2,Thu,Mon,21,278278,wisely
2026-06-29T21:28:40+00:00,2026-07-02T21:45:00-04:00,4576,76.3,Dinner,2,Thu,Mon,21,278278,wisely
2026-06-29T21:28:40+00:00,2026-07-02T21:45:00-04:00,4576,76.3,Dinner,4,Thu,Mon,21,278278,wisely
2026-07-01T04:56:56+00:00,2026-07-03T11:30:00-04:00,3513,58.6,Lunch,2,Fri,Wed,11,278278,wisely
2026-07-01T04:56:57+00:00,2026-07-03T11:30:00-04:00,3513,58.6,Lunch,4,Fri,Wed,11,278278,wisely
2026-07-01T04:56:56+00:00,2026-07-03T11:45:00-04:00,3528,58.8,Lunch,2,Fri,Wed,11,278278,wisely
2026-07-01T04:56:57+00:00,2026-07-03T11:45:00-04:00,3528,58.8,Lunch,4,Fri,Wed,11,278278,wisely
2026-07-01T04:56:56+00:00,2026-07-03T12:00:00-04:00,3543,59.1,Lunch,2,Fri,Wed,12,278278,wisely
2026-07-01T04:56:57+00:00,2026-07-03T12:00:00-04:00,3543,59.1,Lunch,4,Fri,Wed,12,278278,wisely
2026-07-01T04:56:59+00:00,2026-07-03T12:15:00-04:00,3558,59.3,Lunch,2,Fri,Wed,12,278278,wisely
2026-07-01T04:56:59+00:00,2026-07-03T12:15:00-04:00,3558,59.3,Lunch,4,Fri,Wed,12,278278,wisely
2026-07-02T15:29:51+00:00,2026-07-03T12:30:00-04:00,1500,25.0,Lunch,2,Fri,Thu,12,278278,wisely
2026-07-02T15:29:52+00:00,2026-07-03T12:30:00-04:00,1500,25.0,Lunch,4,Fri,Thu,12,278278,wisely
2026-07-02T15:29:53+00:00,2026-07-03T12:45:00-04:00,1515,25.3,Lunch,2,Fri,Thu,12,278278,wisely
2026-07-02T15:29:53+00:00,2026-07-03T12:45:00-04:00,1515,25.3,Lunch,4,Fri,Thu,12,278278,wisely
2026-07-02T15:29:54+00:00,2026-07-03T13:00:00-04:00,1530,25.5,Lunch,2,Fri,Thu,13,278278,wisely
2026-07-02T15:29:54+00:00,2026-07-03T13:00:00-04:00,1530,25.5,Lunch,4,Fri,Thu,13,278278,wisely
2026-07-02T20:12:09+00:00,2026-07-03T13:15:00-04:00,1263,21.0,Lunch,2,Fri,Thu,13,278278,wisely
2026-07-02T22:19:03+00:00,2026-07-03T13:30:00-04:00,1151,19.2,Lunch,2,Fri,Thu,13,278278,wisely
2026-07-01T04:57:01+00:00,2026-07-03T14:00:00-04:00,3663,61.0,Lunch,2,Fri,Wed,14,278278,wisely
2026-07-02T15:29:55+00:00,2026-07-03T14:00:00-04:00,1590,26.5,Lunch,4,Fri,Thu,14,278278,wisely
2026-07-03T15:22:35+00:00,2026-07-03T14:30:00-04:00,187,3.1,Lunch,2,Fri,Fri,14,278278,wisely
2026-07-03T15:22:36+00:00,2026-07-03T14:30:00-04:00,187,3.1,Lunch,4,Fri,Fri,14,278278,wisely
2026-07-01T21:40:07+00:00,2026-07-03T14:45:00-04:00,2705,45.1,Lunch,2,Fri,Wed,14,278278,wisely
2026-07-01T21:40:08+00:00,2026-07-03T14:45:00-04:00,2705,45.1,Lunch,4,Fri,Wed,14,278278,wisely
2026-07-02T22:19:11+00:00,2026-07-03T15:00:00-04:00,1241,20.7,Lunch,2,Fri,Thu,15,278278,wisely
2026-07-02T23:33:45+00:00,2026-07-03T15:15:00-04:00,1181,19.7,Lunch,2,Fri,Thu,15,278278,wisely
2026-07-01T04:57:05+00:00,2026-07-03T15:30:00-04:00,3753,62.5,Lunch,2,Fri,Wed,15,278278,wisely
2026-07-01T04:57:03+00:00,2026-07-03T15:30:00-04:00,3753,62.5,Lunch,4,Fri,Wed,15,278278,wisely
2026-07-01T21:40:12+00:00,2026-07-03T15:45:00-04:00,2765,46.1,Lunch,2,Fri,Wed,15,278278,wisely
2026-07-01T21:40:13+00:00,2026-07-03T15:45:00-04:00,2765,46.1,Lunch,4,Fri,Wed,15,278278,wisely
2026-07-03T05:00:53+00:00,2026-07-03T16:15:00-04:00,914,15.2,Lunch,2,Fri,Fri,16,278278,wisely
2026-07-02T21:30:57+00:00,2026-07-03T16:30:00-04:00,1379,23.0,Dinner,2,Fri,Thu,16,278278,wisely
2026-07-02T21:30:59+00:00,2026-07-03T16:30:00-04:00,1379,23.0,Dinner,4,Fri,Thu,16,278278,wisely
2026-07-02T05:40:55+00:00,2026-07-03T16:45:00-04:00,2344,39.1,Dinner,2,Fri,Thu,16,278278,wisely
2026-07-02T05:40:55+00:00,2026-07-03T16:45:00-04:00,2344,39.1,Dinner,4,Fri,Thu,16,278278,wisely
2026-07-01T22:52:26+00:00,2026-07-03T17:00:00-04:00,2768,46.1,Dinner,2,Fri,Wed,17,278278,wisely
2026-07-01T22:52:27+00:00,2026-07-03T17:00:00-04:00,2768,46.1,Dinner,4,Fri,Wed,17,278278,wisely
2026-06-30T11:47:44+00:00,2026-07-03T17:30:00-04:00,4902,81.7,Dinner,2,Fri,Tue,17,278278,wisely
2026-06-30T11:47:45+00:00,2026-07-03T17:30:00-04:00,4902,81.7,Dinner,4,Fri,Tue,17,278278,wisely
2026-07-01T16:27:15+00:00,2026-07-03T18:30:00-04:00,3243,54.0,Dinner,2,Fri,Wed,18,278278,wisely
2026-07-01T16:27:16+00:00,2026-07-03T18:30:00-04:00,3243,54.0,Dinner,4,Fri,Wed,18,278278,wisely
2026-07-02T13:11:08+00:00,2026-07-03T20:00:00-04:00,2089,34.8,Dinner,2,Fri,Thu,20,278278,wisely
2026-07-02T13:11:09+00:00,2026-07-03T20:00:00-04:00,2089,34.8,Dinner,4,Fri,Thu,20,278278,wisely
2026-07-02T15:29:25+00:00,2026-07-03T20:45:00-04:00,1996,33.3,Dinner,2,Fri,Thu,20,278278,wisely
2026-07-02T15:29:25+00:00,2026-07-03T20:45:00-04:00,1996,33.3,Dinner,4,Fri,Thu,20,278278,wisely
2026-07-02T18:50:50+00:00,2026-07-03T21:00:00-04:00,1809,30.2,Dinner,2,Fri,Thu,21,278278,wisely
2026-06-30T13:31:57+00:00,2026-07-03T21:15:00-04:00,5023,83.7,Dinner,2,Fri,Tue,21,278278,wisely
2026-07-02T13:11:09+00:00,2026-07-03T21:15:00-04:00,2164,36.1,Dinner,4,Fri,Thu,21,278278,wisely
2026-06-30T05:54:57+00:00,2026-07-03T21:30:00-04:00,5495,91.6,Dinner,2,Fri,Tue,21,278278,wisely
2026-07-01T21:39:38+00:00,2026-07-03T21:45:00-04:00,3125,52.1,Dinner,2,Fri,Wed,21,278278,wisely
2026-07-02T15:29:26+00:00,2026-07-03T21:45:00-04:00,2056,34.3,Dinner,4,Fri,Thu,21,278278,wisely
2026-07-02T05:41:17+00:00,2026-07-04T11:30:00-04:00,3469,57.8,Lunch,2,Sat,Thu,11,278278,wisely
2026-07-02T05:41:18+00:00,2026-07-04T11:30:00-04:00,3469,57.8,Lunch,4,Sat,Thu,11,278278,wisely
2026-07-02T05:41:17+00:00,2026-07-04T11:45:00-04:00,3484,58.1,Lunch,2,Sat,Thu,11,278278,wisely
2026-07-04T12:38:24+00:00,2026-07-04T11:45:00-04:00,187,3.1,Lunch,4,Sat,Sat,11,278278,wisely
2026-07-02T05:41:17+00:00,2026-07-04T12:00:00-04:00,3499,58.3,Lunch,2,Sat,Thu,12,278278,wisely
2026-07-02T05:41:18+00:00,2026-07-04T12:00:00-04:00,3499,58.3,Lunch,4,Sat,Thu,12,278278,wisely
2026-07-02T05:41:20+00:00,2026-07-04T12:15:00-04:00,3514,58.6,Lunch,2,Sat,Thu,12,278278,wisely
2026-07-02T05:41:19+00:00,2026-07-04T12:15:00-04:00,3514,58.6,Lunch,4,Sat,Thu,12,278278,wisely
2026-07-02T05:41:21+00:00,2026-07-04T12:30:00-04:00,3529,58.8,Lunch,2,Sat,Thu,12,278278,wisely
2026-07-02T05:41:22+00:00,2026-07-04T12:30:00-04:00,3529,58.8,Lunch,4,Sat,Thu,12,278278,wisely
2026-07-02T05:41:23+00:00,2026-07-04T12:45:00-04:00,3544,59.1,Lunch,2,Sat,Thu,12,278278,wisely
2026-07-02T05:41:23+00:00,2026-07-04T12:45:00-04:00,3544,59.1,Lunch,4,Sat,Thu,12,278278,wisely
2026-07-03T15:23:21+00:00,2026-07-04T13:00:00-04:00,1537,25.6,Lunch,2,Sat,Fri,13,278278,wisely
2026-07-03T15:23:22+00:00,2026-07-04T13:00:00-04:00,1537,25.6,Lunch,4,Sat,Fri,13,278278,wisely
2026-07-03T16:55:06+00:00,2026-07-04T13:15:00-04:00,1460,24.3,Lunch,2,Sat,Fri,13,278278,wisely
2026-07-02T05:41:24+00:00,2026-07-04T13:30:00-04:00,3589,59.8,Lunch,2,Sat,Thu,13,278278,wisely
2026-07-02T05:41:24+00:00,2026-07-04T13:45:00-04:00,3604,60.1,Lunch,2,Sat,Thu,13,278278,wisely
2026-07-02T05:41:25+00:00,2026-07-04T13:45:00-04:00,3604,60.1,Lunch,4,Sat,Thu,13,278278,wisely
2026-07-02T05:41:25+00:00,2026-07-04T14:00:00-04:00,3619,60.3,Lunch,2,Sat,Thu,14,278278,wisely
2026-07-02T05:41:26+00:00,2026-07-04T14:00:00-04:00,3619,60.3,Lunch,4,Sat,Thu,14,278278,wisely
2026-07-02T05:41:27+00:00,2026-07-04T14:15:00-04:00,3634,60.6,Lunch,2,Sat,Thu,14,278278,wisely
2026-07-02T05:41:26+00:00,2026-07-04T14:15:00-04:00,3634,60.6,Lunch,4,Sat,Thu,14,278278,wisely
2026-07-02T21:32:14+00:00,2026-07-04T14:30:00-04:00,2698,45.0,Lunch,4,Sat,Thu,14,278278,wisely
2026-07-02T15:30:33+00:00,2026-07-04T14:45:00-04:00,3074,51.2,Lunch,4,Sat,Thu,14,278278,wisely
2026-07-04T15:35:23+00:00,2026-07-04T15:00:00-04:00,205,3.4,Lunch,2,Sat,Sat,15,278278,wisely
2026-07-02T22:19:13+00:00,2026-07-04T16:30:00-04:00,2771,46.2,Dinner,2,Sat,Thu,16,278278,wisely
2026-07-02T21:31:32+00:00,2026-07-04T17:30:00-04:00,2878,48.0,Dinner,2,Sat,Thu,17,278278,wisely
2026-07-01T16:27:54+00:00,2026-07-04T17:45:00-04:00,4637,77.3,Dinner,2,Sat,Wed,17,278278,wisely
2026-07-03T15:22:48+00:00,2026-07-04T19:00:00-04:00,1897,31.6,Dinner,2,Sat,Fri,19,278278,wisely
2026-07-01T18:27:32+00:00,2026-07-04T20:00:00-04:00,4652,77.5,Dinner,2,Sat,Wed,20,278278,wisely
2026-07-03T15:22:49+00:00,2026-07-04T20:00:00-04:00,1957,32.6,Dinner,4,Sat,Fri,20,278278,wisely
2026-07-03T01:14:10+00:00,2026-07-05T00:15:00+00:00,2821,47.0,Dinner,2,Sat,Thu,20,278278,wisely
2026-07-03T01:14:11+00:00,2026-07-05T00:15:00+00:00,2821,47.0,Dinner,4,Sat,Thu,20,278278,wisely
2026-07-03T15:22:56+00:00,2026-07-04T20:30:00-04:00,1987,33.1,Dinner,2,Sat,Fri,20,278278,wisely
2026-07-03T15:22:49+00:00,2026-07-04T20:30:00-04:00,1987,33.1,Dinner,4,Sat,Fri,20,278278,wisely
2026-07-01T04:57:06+00:00,2026-07-04T21:15:00-04:00,5538,92.3,Dinner,2,Sat,Wed,21,278278,wisely
2026-07-01T04:57:07+00:00,2026-07-04T21:15:00-04:00,5538,92.3,Dinner,4,Sat,Wed,21,278278,wisely
2026-07-01T04:57:06+00:00,2026-07-04T21:30:00-04:00,5553,92.5,Dinner,2,Sat,Wed,21,278278,wisely
2026-07-01T04:57:07+00:00,2026-07-04T21:30:00-04:00,5553,92.5,Dinner,4,Sat,Wed,21,278278,wisely
2026-07-01T04:57:06+00:00,2026-07-04T21:45:00-04:00,5568,92.8,Dinner,2,Sat,Wed,21,278278,wisely
2026-07-01T04:57:07+00:00,2026-07-04T21:45:00-04:00,5568,92.8,Dinner,4,Sat,Wed,21,278278,wisely
2026-07-03T05:01:20+00:00,2026-07-05T11:30:00-04:00,3509,58.5,Lunch,2,Sun,Fri,11,278278,wisely
2026-07-03T05:01:22+00:00,2026-07-05T11:30:00-04:00,3509,58.5,Lunch,4,Sun,Fri,11,278278,wisely
2026-07-03T05:01:21+00:00,2026-07-05T11:45:00-04:00,3524,58.7,Lunch,2,Sun,Fri,11,278278,wisely
2026-07-03T05:01:22+00:00,2026-07-05T11:45:00-04:00,3524,58.7,Lunch,4,Sun,Fri,11,278278,wisely
2026-07-03T05:01:21+00:00,2026-07-05T12:00:00-04:00,3539,59.0,Lunch,2,Sun,Fri,12,278278,wisely
2026-07-03T05:01:23+00:00,2026-07-05T12:00:00-04:00,3539,59.0,Lunch,4,Sun,Fri,12,278278,wisely
2026-07-03T05:01:24+00:00,2026-07-05T12:15:00-04:00,3554,59.2,Lunch,2,Sun,Fri,12,278278,wisely
2026-07-03T05:01:24+00:00,2026-07-05T12:15:00-04:00,3554,59.2,Lunch,4,Sun,Fri,12,278278,wisely
2026-07-03T05:01:25+00:00,2026-07-05T12:30:00-04:00,3569,59.5,Lunch,2,Sun,Fri,12,278278,wisely
2026-07-03T05:01:25+00:00,2026-07-05T12:30:00-04:00,3569,59.5,Lunch,4,Sun,Fri,12,278278,wisely
2026-07-03T05:01:26+00:00,2026-07-05T12:45:00-04:00,3584,59.7,Lunch,2,Sun,Fri,12,278278,wisely
2026-07-03T05:01:27+00:00,2026-07-05T12:45:00-04:00,3584,59.7,Lunch,4,Sun,Fri,12,278278,wisely
2026-07-03T05:01:27+00:00,2026-07-05T13:15:00-04:00,3614,60.2,Lunch,2,Sun,Fri,13,278278,wisely
2026-07-03T05:01:29+00:00,2026-07-05T13:30:00-04:00,3629,60.5,Lunch,2,Sun,Fri,13,278278,wisely
2026-07-03T05:01:28+00:00,2026-07-05T13:30:00-04:00,3629,60.5,Lunch,4,Sun,Fri,13,278278,wisely
2026-07-03T05:01:29+00:00,2026-07-05T13:45:00-04:00,3644,60.7,Lunch,2,Sun,Fri,13,278278,wisely
2026-07-03T05:01:29+00:00,2026-07-05T13:45:00-04:00,3644,60.7,Lunch,4,Sun,Fri,13,278278,wisely
2026-07-03T05:01:30+00:00,2026-07-05T14:00:00-04:00,3658,61.0,Lunch,2,Sun,Fri,14,278278,wisely
2026-07-04T23:42:22+00:00,2026-07-05T14:00:00-04:00,1098,18.3,Lunch,4,Sun,Sat,14,278278,wisely
2026-07-03T05:01:31+00:00,2026-07-05T14:15:00-04:00,3673,61.2,Lunch,2,Sun,Fri,14,278278,wisely
2026-07-03T05:01:30+00:00,2026-07-05T14:15:00-04:00,3673,61.2,Lunch,4,Sun,Fri,14,278278,wisely
2026-07-04T01:12:38+00:00,2026-07-05T14:30:00-04:00,2477,41.3,Lunch,4,Sun,Fri,14,278278,wisely
2026-07-04T16:41:45+00:00,2026-07-05T14:45:00-04:00,1563,26.1,Lunch,4,Sun,Sat,14,278278,wisely
2026-07-05T18:45:31+00:00,2026-07-05T15:00:00-04:00,14,0.2,Lunch,2,Sun,Sun,15,278278,wisely
2026-07-05T16:37:12+00:00,2026-07-05T15:45:00-04:00,188,3.1,Lunch,2,Sun,Sun,15,278278,wisely
2026-07-05T15:33:14+00:00,2026-07-05T15:45:00-04:00,252,4.2,Lunch,4,Sun,Sun,15,278278,wisely
2026-07-03T19:46:34+00:00,2026-07-05T16:45:00-04:00,2938,49.0,Dinner,2,Sun,Fri,16,278278,wisely
2026-07-03T19:46:35+00:00,2026-07-05T16:45:00-04:00,2938,49.0,Dinner,4,Sun,Fri,16,278278,wisely
2026-07-04T14:13:48+00:00,2026-07-05T17:30:00-04:00,1876,31.3,Dinner,2,Sun,Sat,17,278278,wisely
2026-07-04T22:05:52+00:00,2026-07-05T17:30:00-04:00,1404,23.4,Dinner,4,Sun,Sat,17,278278,wisely
2026-07-02T13:13:02+00:00,2026-07-05T17:45:00-04:00,4832,80.5,Dinner,2,Sun,Thu,17,278278,wisely
2026-07-04T17:42:24+00:00,2026-07-05T17:45:00-04:00,1683,28.0,Dinner,4,Sun,Sat,17,278278,wisely
2026-07-04T15:35:25+00:00,2026-07-05T18:00:00-04:00,1825,30.4,Dinner,2,Sun,Sat,18,278278,wisely
2026-07-05T05:39:12+00:00,2026-07-05T18:00:00-04:00,981,16.3,Dinner,4,Sun,Sun,18,278278,wisely
2026-07-05T14:03:27+00:00,2026-07-05T18:15:00-04:00,492,8.2,Dinner,2,Sun,Sun,18,278278,wisely
2026-07-05T14:03:28+00:00,2026-07-05T18:15:00-04:00,492,8.2,Dinner,4,Sun,Sun,18,278278,wisely
2026-07-04T14:13:48+00:00,2026-07-05T19:15:00-04:00,1981,33.0,Dinner,2,Sun,Sat,19,278278,wisely
2026-07-04T14:13:49+00:00,2026-07-05T19:30:00-04:00,1996,33.3,Dinner,2,Sun,Sat,19,278278,wisely
2026-07-04T14:13:49+00:00,2026-07-05T19:30:00-04:00,1996,33.3,Dinner,4,Sun,Sat,19,278278,wisely
2026-07-04T16:40:53+00:00,2026-07-05T19:45:00-04:00,1864,31.1,Dinner,2,Sun,Sat,19,278278,wisely
2026-07-04T16:40:54+00:00,2026-07-05T19:45:00-04:00,1864,31.1,Dinner,4,Sun,Sat,19,278278,wisely
2026-07-03T16:55:12+00:00,2026-07-05T20:00:00-04:00,3305,55.1,Dinner,2,Sun,Fri,20,278278,wisely
2026-07-03T16:55:13+00:00,2026-07-05T20:00:00-04:00,3305,55.1,Dinner,4,Sun,Fri,20,278278,wisely
2026-07-02T18:52:21+00:00,2026-07-05T20:15:00-04:00,4643,77.4,Dinner,2,Sun,Thu,20,278278,wisely
2026-07-02T18:52:22+00:00,2026-07-05T20:15:00-04:00,4643,77.4,Dinner,4,Sun,Thu,20,278278,wisely
2026-07-04T14:13:52+00:00,2026-07-05T20:30:00-04:00,2056,34.3,Dinner,2,Sun,Sat,20,278278,wisely
2026-07-04T15:35:36+00:00,2026-07-05T20:45:00-04:00,1989,33.2,Dinner,2,Sun,Sat,20,278278,wisely
2026-07-05T00:13:09+00:00,2026-07-05T20:45:00-04:00,1472,24.5,Dinner,4,Sun,Sat,20,278278,wisely
2026-07-05T20:02:37+00:00,2026-07-05T21:00:00-04:00,297,5.0,Dinner,2,Sun,Sun,21,278278,wisely
2026-07-05T20:02:38+00:00,2026-07-05T21:00:00-04:00,297,5.0,Dinner,4,Sun,Sun,21,278278,wisely
2026-07-02T05:41:27+00:00,2026-07-05T21:15:00-04:00,5494,91.6,Dinner,2,Sun,Thu,21,278278,wisely
2026-07-02T05:41:28+00:00,2026-07-05T21:15:00-04:00,5494,91.6,Dinner,4,Sun,Thu,21,278278,wisely
2026-07-04T04:58:15+00:00,2026-07-06T11:30:00-04:00,3512,58.5,Lunch,2,Mon,Sat,11,278278,wisely
2026-07-04T04:58:16+00:00,2026-07-06T11:30:00-04:00,3512,58.5,Lunch,4,Mon,Sat,11,278278,wisely
2026-07-04T04:58:15+00:00,2026-07-06T11:45:00-04:00,3527,58.8,Lunch,2,Mon,Sat,11,278278,wisely
2026-07-04T04:58:16+00:00,2026-07-06T11:45:00-04:00,3527,58.8,Lunch,4,Mon,Sat,11,278278,wisely
2026-07-04T04:58:16+00:00,2026-07-06T12:00:00-04:00,3542,59.0,Lunch,2,Mon,Sat,12,278278,wisely
2026-07-04T04:58:17+00:00,2026-07-06T12:00:00-04:00,3542,59.0,Lunch,4,Mon,Sat,12,278278,wisely
2026-07-04T04:58:18+00:00,2026-07-06T12:15:00-04:00,3557,59.3,Lunch,2,Mon,Sat,12,278278,wisely
2026-07-04T04:58:18+00:00,2026-07-06T12:15:00-04:00,3557,59.3,Lunch,4,Mon,Sat,12,278278,wisely
2026-07-04T04:58:19+00:00,2026-07-06T12:30:00-04:00,3572,59.5,Lunch,2,Mon,Sat,12,278278,wisely
2026-07-04T04:58:19+00:00,2026-07-06T12:45:00-04:00,3587,59.8,Lunch,2,Mon,Sat,12,278278,wisely
2026-07-04T04:58:20+00:00,2026-07-06T12:45:00-04:00,3587,59.8,Lunch,4,Mon,Sat,12,278278,wisely
2026-07-04T04:58:20+00:00,2026-07-06T13:00:00-04:00,3602,60.0,Lunch,2,Mon,Sat,13,278278,wisely
2026-07-04T04:58:20+00:00,2026-07-06T13:15:00-04:00,3617,60.3,Lunch,2,Mon,Sat,13,278278,wisely
2026-07-04T04:58:21+00:00,2026-07-06T13:30:00-04:00,3632,60.5,Lunch,2,Mon,Sat,13,278278,wisely
2026-07-04T04:58:21+00:00,2026-07-06T13:30:00-04:00,3632,60.5,Lunch,4,Mon,Sat,13,278278,wisely
2026-07-04T04:58:22+00:00,2026-07-06T13:45:00-04:00,3647,60.8,Lunch,2,Mon,Sat,13,278278,wisely
2026-07-04T04:58:22+00:00,2026-07-06T13:45:00-04:00,3647,60.8,Lunch,4,Mon,Sat,13,278278,wisely
2026-07-04T04:58:23+00:00,2026-07-06T14:00:00-04:00,3662,61.0,Lunch,2,Mon,Sat,14,278278,wisely
2026-07-04T04:58:22+00:00,2026-07-06T14:00:00-04:00,3662,61.0,Lunch,4,Mon,Sat,14,278278,wisely
2026-07-04T04:58:23+00:00,2026-07-06T14:15:00-04:00,3677,61.3,Lunch,2,Mon,Sat,14,278278,wisely
2026-07-04T04:58:24+00:00,2026-07-06T14:15:00-04:00,3677,61.3,Lunch,4,Mon,Sat,14,278278,wisely
2026-07-06T18:30:21+00:00,2026-07-06T14:45:00-04:00,15,0.2,Lunch,2,Mon,Mon,14,278278,wisely
2026-07-06T18:30:23+00:00,2026-07-06T14:45:00-04:00,15,0.2,Lunch,4,Mon,Mon,14,278278,wisely
2026-07-06T18:30:21+00:00,2026-07-06T15:15:00-04:00,45,0.7,Lunch,2,Mon,Mon,15,278278,wisely
2026-07-06T18:30:23+00:00,2026-07-06T15:15:00-04:00,45,0.7,Lunch,4,Mon,Mon,15,278278,wisely
2026-07-06T18:30:22+00:00,2026-07-06T15:30:00-04:00,60,1.0,Lunch,2,Mon,Mon,15,278278,wisely
2026-07-06T18:30:23+00:00,2026-07-06T15:30:00-04:00,60,1.0,Lunch,4,Mon,Mon,15,278278,wisely
2026-07-04T04:58:05+00:00,2026-07-06T16:30:00-04:00,3812,63.5,Dinner,2,Mon,Sat,16,278278,wisely
2026-07-04T04:58:05+00:00,2026-07-06T16:30:00-04:00,3812,63.5,Dinner,4,Mon,Sat,16,278278,wisely
2026-07-05T15:33:31+00:00,2026-07-06T16:45:00-04:00,1751,29.2,Dinner,2,Mon,Sun,16,278278,wisely
2026-07-05T15:33:32+00:00,2026-07-06T16:45:00-04:00,1751,29.2,Dinner,4,Mon,Sun,16,278278,wisely
2026-07-03T19:47:24+00:00,2026-07-06T17:00:00-04:00,4393,73.2,Dinner,2,Mon,Fri,17,278278,wisely
2026-07-03T19:47:25+00:00,2026-07-06T17:00:00-04:00,4393,73.2,Dinner,4,Mon,Fri,17,278278,wisely
2026-07-05T15:33:31+00:00,2026-07-06T17:15:00-04:00,1781,29.7,Dinner,2,Mon,Sun,17,278278,wisely
2026-07-05T15:33:32+00:00,2026-07-06T17:15:00-04:00,1781,29.7,Dinner,4,Mon,Sun,17,278278,wisely
2026-07-05T16:37:22+00:00,2026-07-06T17:45:00-04:00,1748,29.1,Dinner,2,Mon,Sun,17,278278,wisely
2026-07-05T16:37:23+00:00,2026-07-06T17:45:00-04:00,1748,29.1,Dinner,4,Mon,Sun,17,278278,wisely
2026-07-05T14:03:56+00:00,2026-07-06T18:15:00-04:00,1931,32.2,Dinner,2,Mon,Sun,18,278278,wisely
2026-07-05T15:33:35+00:00,2026-07-06T18:30:00-04:00,1856,30.9,Dinner,2,Mon,Sun,18,278278,wisely
2026-07-05T15:33:36+00:00,2026-07-06T18:30:00-04:00,1856,30.9,Dinner,4,Mon,Sun,18,278278,wisely
2026-07-05T14:03:56+00:00,2026-07-06T18:45:00-04:00,1961,32.7,Dinner,2,Mon,Sun,18,278278,wisely
2026-07-05T14:03:56+00:00,2026-07-06T18:45:00-04:00,1961,32.7,Dinner,4,Mon,Sun,18,278278,wisely
2026-07-03T18:09:10+00:00,2026-07-06T19:30:00-04:00,4641,77.3,Dinner,2,Mon,Fri,19,278278,wisely
2026-07-05T14:03:59+00:00,2026-07-06T19:45:00-04:00,2021,33.7,Dinner,2,Mon,Sun,19,278278,wisely
2026-07-05T14:03:57+00:00,2026-07-06T19:45:00-04:00,2021,33.7,Dinner,4,Mon,Sun,19,278278,wisely
2026-07-05T14:04:01+00:00,2026-07-06T20:00:00-04:00,2036,33.9,Dinner,2,Mon,Sun,20,278278,wisely
2026-07-05T14:04:00+00:00,2026-07-06T20:00:00-04:00,2036,33.9,Dinner,4,Mon,Sun,20,278278,wisely
2026-07-05T15:33:44+00:00,2026-07-06T20:30:00-04:00,1976,32.9,Dinner,2,Mon,Sun,20,278278,wisely
2026-07-05T15:33:42+00:00,2026-07-06T20:30:00-04:00,1976,32.9,Dinner,4,Mon,Sun,20,278278,wisely
2026-07-05T17:43:19+00:00,2026-07-06T20:45:00-04:00,1862,31.0,Dinner,2,Mon,Sun,20,278278,wisely
2026-07-05T17:43:20+00:00,2026-07-06T20:45:00-04:00,1862,31.0,Dinner,4,Mon,Sun,20,278278,wisely
2026-07-03T18:09:10+00:00,2026-07-06T21:00:00-04:00,4731,78.8,Dinner,2,Mon,Fri,21,278278,wisely
2026-07-03T18:09:10+00:00,2026-07-06T21:00:00-04:00,4731,78.8,Dinner,4,Mon,Fri,21,278278,wisely
2026-07-03T05:01:32+00:00,2026-07-06T21:15:00-04:00,5533,92.2,Dinner,2,Mon,Fri,21,278278,wisely
2026-07-03T05:01:33+00:00,2026-07-06T21:15:00-04:00,5533,92.2,Dinner,4,Mon,Fri,21,278278,wisely
2026-07-03T05:01:32+00:00,2026-07-06T21:30:00-04:00,5548,92.5,Dinner,2,Mon,Fri,21,278278,wisely
2026-07-03T05:01:33+00:00,2026-07-06T21:30:00-04:00,5548,92.5,Dinner,4,Mon,Fri,21,278278,wisely
2026-07-03T05:01:32+00:00,2026-07-06T21:45:00-04:00,5563,92.7,Dinner,2,Mon,Fri,21,278278,wisely
2026-07-03T05:01:33+00:00,2026-07-06T21:45:00-04:00,5563,92.7,Dinner,4,Mon,Fri,21,278278,wisely
2026-07-05T05:40:10+00:00,2026-07-07T11:30:00-04:00,3470,57.8,Lunch,2,Tue,Sun,11,278278,wisely
2026-07-05T05:40:11+00:00,2026-07-07T11:30:00-04:00,3470,57.8,Lunch,4,Tue,Sun,11,278278,wisely
2026-07-05T05:40:10+00:00,2026-07-07T11:45:00-04:00,3485,58.1,Lunch,2,Tue,Sun,11,278278,wisely
2026-07-05T05:40:12+00:00,2026-07-07T11:45:00-04:00,3485,58.1,Lunch,4,Tue,Sun,11,278278,wisely
2026-07-07T13:25:58+00:00,2026-07-07T12:45:00-04:00,199,3.3,Lunch,2,Tue,Tue,12,278278,wisely
2026-07-07T13:25:59+00:00,2026-07-07T12:45:00-04:00,199,3.3,Lunch,4,Tue,Tue,12,278278,wisely
2026-07-05T05:40:11+00:00,2026-07-07T13:15:00-04:00,3575,59.6,Lunch,2,Tue,Sun,13,278278,wisely
2026-07-05T05:40:12+00:00,2026-07-07T13:15:00-04:00,3575,59.6,Lunch,4,Tue,Sun,13,278278,wisely
2026-07-05T05:40:15+00:00,2026-07-07T13:30:00-04:00,3590,59.8,Lunch,2,Tue,Sun,13,278278,wisely
2026-07-05T05:40:16+00:00,2026-07-07T13:30:00-04:00,3590,59.8,Lunch,4,Tue,Sun,13,278278,wisely
2026-07-05T05:40:16+00:00,2026-07-07T13:45:00-04:00,3605,60.1,Lunch,2,Tue,Sun,13,278278,wisely
2026-07-05T05:40:17+00:00,2026-07-07T13:45:00-04:00,3605,60.1,Lunch,4,Tue,Sun,13,278278,wisely
2026-07-05T05:40:19+00:00,2026-07-07T14:00:00-04:00,3620,60.3,Lunch,2,Tue,Sun,14,278278,wisely
2026-07-05T05:40:19+00:00,2026-07-07T14:00:00-04:00,3620,60.3,Lunch,4,Tue,Sun,14,278278,wisely
2026-07-05T05:40:20+00:00,2026-07-07T14:15:00-04:00,3635,60.6,Lunch,2,Tue,Sun,14,278278,wisely
2026-07-05T05:40:20+00:00,2026-07-07T14:15:00-04:00,3635,60.6,Lunch,4,Tue,Sun,14,278278,wisely
2026-07-07T18:14:49+00:00,2026-07-07T14:30:00-04:00,15,0.3,Lunch,2,Tue,Tue,14,278278,wisely
2026-07-07T18:14:50+00:00,2026-07-07T14:30:00-04:00,15,0.3,Lunch,4,Tue,Tue,14,278278,wisely
2026-07-07T18:14:50+00:00,2026-07-07T14:45:00-04:00,30,0.5,Lunch,2,Tue,Tue,14,278278,wisely
2026-07-07T18:14:50+00:00,2026-07-07T14:45:00-04:00,30,0.5,Lunch,4,Tue,Tue,14,278278,wisely
2026-07-07T18:14:50+00:00,2026-07-07T15:00:00-04:00,45,0.8,Lunch,2,Tue,Tue,15,278278,wisely
2026-07-07T18:14:51+00:00,2026-07-07T15:00:00-04:00,45,0.8,Lunch,4,Tue,Tue,15,278278,wisely
2026-07-04T23:12:12+00:00,2026-07-07T16:30:00-04:00,4158,69.3,Dinner,2,Tue,Sat,16,278278,wisely
2026-07-04T23:12:13+00:00,2026-07-07T16:30:00-04:00,4158,69.3,Dinner,4,Tue,Sat,16,278278,wisely
2026-07-04T16:43:08+00:00,2026-07-07T16:45:00-04:00,4562,76.0,Dinner,2,Tue,Sat,16,278278,wisely
2026-07-04T16:43:09+00:00,2026-07-07T16:45:00-04:00,4562,76.0,Dinner,4,Tue,Sat,16,278278,wisely
2026-07-06T16:37:54+00:00,2026-07-07T17:00:00-04:00,1702,28.4,Dinner,2,Tue,Mon,17,278278,wisely
2026-07-05T17:43:58+00:00,2026-07-07T17:15:00-04:00,3091,51.5,Dinner,2,Tue,Sun,17,278278,wisely
2026-07-06T23:03:03+00:00,2026-07-07T17:15:00-04:00,1332,22.2,Dinner,4,Tue,Mon,17,278278,wisely
2026-07-06T23:51:17+00:00,2026-07-07T19:00:00-04:00,1389,23.1,Dinner,2,Tue,Mon,19,278278,wisely
2026-07-07T11:09:15+00:00,2026-07-07T20:30:00-04:00,801,13.3,Dinner,2,Tue,Tue,20,278278,wisely
2026-07-07T11:09:16+00:00,2026-07-07T20:30:00-04:00,801,13.3,Dinner,4,Tue,Tue,20,278278,wisely
2026-07-06T13:28:51+00:00,2026-07-07T20:45:00-04:00,2116,35.3,Dinner,2,Tue,Mon,20,278278,wisely
2026-07-06T16:37:55+00:00,2026-07-07T20:45:00-04:00,1927,32.1,Dinner,4,Tue,Mon,20,278278,wisely
2026-07-04T17:43:50+00:00,2026-07-07T21:00:00-04:00,4756,79.3,Dinner,2,Tue,Sat,21,278278,wisely
2026-07-04T17:43:51+00:00,2026-07-07T21:00:00-04:00,4756,79.3,Dinner,4,Tue,Sat,21,278278,wisely
2026-07-05T22:11:10+00:00,2026-07-07T21:15:00-04:00,3064,51.1,Dinner,2,Tue,Sun,21,278278,wisely
2026-07-05T22:11:11+00:00,2026-07-07T21:15:00-04:00,3064,51.1,Dinner,4,Tue,Sun,21,278278,wisely
2026-07-04T04:58:24+00:00,2026-07-07T21:30:00-04:00,5552,92.5,Dinner,2,Tue,Sat,21,278278,wisely
2026-07-04T04:58:25+00:00,2026-07-07T21:30:00-04:00,5552,92.5,Dinner,4,Tue,Sat,21,278278,wisely
2026-07-04T04:58:24+00:00,2026-07-07T21:45:00-04:00,5567,92.8,Dinner,2,Tue,Sat,21,278278,wisely
2026-07-04T04:58:25+00:00,2026-07-07T21:45:00-04:00,5567,92.8,Dinner,4,Tue,Sat,21,278278,wisely
2026-07-06T05:39:42+00:00,2026-07-08T11:30:00-04:00,3470,57.8,Lunch,2,Wed,Mon,11,278278,wisely
2026-07-06T05:39:44+00:00,2026-07-08T11:30:00-04:00,3470,57.8,Lunch,4,Wed,Mon,11,278278,wisely
2026-07-06T05:39:43+00:00,2026-07-08T11:45:00-04:00,3485,58.1,Lunch,2,Wed,Mon,11,278278,wisely
2026-07-06T05:39:44+00:00,2026-07-08T11:45:00-04:00,3485,58.1,Lunch,4,Wed,Mon,11,278278,wisely
2026-07-07T20:17:53+00:00,2026-07-08T12:00:00-04:00,1182,19.7,Lunch,2,Wed,Tue,12,278278,wisely
2026-07-07T20:17:55+00:00,2026-07-08T12:00:00-04:00,1182,19.7,Lunch,4,Wed,Tue,12,278278,wisely
2026-07-08T01:08:17+00:00,2026-07-08T16:45:00+00:00,937,15.6,Lunch,2,Wed,Tue,12,278278,wisely
2026-07-08T01:08:18+00:00,2026-07-08T16:45:00+00:00,937,15.6,Lunch,4,Wed,Tue,12,278278,wisely
2026-07-06T05:39:43+00:00,2026-07-08T13:15:00-04:00,3575,59.6,Lunch,2,Wed,Mon,13,278278,wisely
2026-07-06T05:39:44+00:00,2026-07-08T13:15:00-04:00,3575,59.6,Lunch,4,Wed,Mon,13,278278,wisely
2026-07-06T05:39:47+00:00,2026-07-08T13:45:00-04:00,3605,60.1,Lunch,2,Wed,Mon,13,278278,wisely
2026-07-06T05:39:47+00:00,2026-07-08T13:45:00-04:00,3605,60.1,Lunch,4,Wed,Mon,13,278278,wisely
2026-07-06T05:39:48+00:00,2026-07-08T14:00:00-04:00,3620,60.3,Lunch,2,Wed,Mon,14,278278,wisely
2026-07-06T05:39:49+00:00,2026-07-08T14:00:00-04:00,3620,60.3,Lunch,4,Wed,Mon,14,278278,wisely
2026-07-06T05:39:50+00:00,2026-07-08T14:15:00-04:00,3635,60.6,Lunch,2,Wed,Mon,14,278278,wisely
2026-07-06T05:39:51+00:00,2026-07-08T14:15:00-04:00,3635,60.6,Lunch,4,Wed,Mon,14,278278,wisely
2026-07-07T16:03:06+00:00,2026-07-08T14:30:00-04:00,1587,26.4,Lunch,2,Wed,Tue,14,278278,wisely
2026-07-07T16:03:07+00:00,2026-07-08T14:30:00-04:00,1587,26.4,Lunch,4,Wed,Tue,14,278278,wisely
2026-07-07T18:15:21+00:00,2026-07-08T14:45:00-04:00,1470,24.5,Lunch,2,Wed,Tue,14,278278,wisely
2026-07-07T18:15:22+00:00,2026-07-08T14:45:00-04:00,1470,24.5,Lunch,4,Wed,Tue,14,278278,wisely
2026-07-08T15:30:52+00:00,2026-07-08T15:00:00-04:00,209,3.5,Lunch,2,Wed,Wed,15,278278,wisely
2026-07-08T15:30:54+00:00,2026-07-08T15:00:00-04:00,209,3.5,Lunch,4,Wed,Wed,15,278278,wisely
2026-07-08T18:23:09+00:00,2026-07-08T15:15:00-04:00,52,0.9,Lunch,2,Wed,Wed,15,278278,wisely
2026-07-08T18:23:10+00:00,2026-07-08T15:15:00-04:00,52,0.9,Lunch,4,Wed,Wed,15,278278,wisely
2026-07-08T13:06:08+00:00,2026-07-08T16:30:00-04:00,444,7.4,Dinner,2,Wed,Wed,16,278278,wisely
2026-07-08T13:06:09+00:00,2026-07-08T16:30:00-04:00,444,7.4,Dinner,4,Wed,Wed,16,278278,wisely
2026-07-05T05:40:21+00:00,2026-07-08T16:45:00-04:00,5225,87.1,Dinner,2,Wed,Sun,16,278278,wisely
2026-07-05T05:40:22+00:00,2026-07-08T16:45:00-04:00,5225,87.1,Dinner,4,Wed,Sun,16,278278,wisely
2026-07-06T01:13:09+00:00,2026-07-08T17:30:00-04:00,4097,68.3,Dinner,2,Wed,Sun,17,278278,wisely
2026-07-06T01:13:09+00:00,2026-07-08T21:00:00-04:00,4307,71.8,Dinner,2,Wed,Sun,21,278278,wisely
2026-07-06T01:13:10+00:00,2026-07-08T21:00:00-04:00,4307,71.8,Dinner,4,Wed,Sun,21,278278,wisely
2026-07-06T16:38:35+00:00,2026-07-08T21:15:00-04:00,3396,56.6,Dinner,2,Wed,Mon,21,278278,wisely
2026-07-06T16:38:36+00:00,2026-07-08T21:15:00-04:00,3396,56.6,Dinner,4,Wed,Mon,21,278278,wisely
2026-07-05T05:40:21+00:00,2026-07-08T21:30:00-04:00,5510,91.8,Dinner,2,Wed,Sun,21,278278,wisely
2026-07-05T05:40:22+00:00,2026-07-08T21:30:00-04:00,5510,91.8,Dinner,4,Wed,Sun,21,278278,wisely
2026-07-05T05:40:21+00:00,2026-07-08T21:45:00-04:00,5525,92.1,Dinner,2,Wed,Sun,21,278278,wisely
2026-07-05T05:40:23+00:00,2026-07-08T21:45:00-04:00,5525,92.1,Dinner,4,Wed,Sun,21,278278,wisely
2026-07-07T04:27:44+00:00,2026-07-09T11:30:00-04:00,3542,59.0,Lunch,2,Thu,Tue,11,278278,wisely
2026-07-07T04:27:45+00:00,2026-07-09T11:30:00-04:00,3542,59.0,Lunch,4,Thu,Tue,11,278278,wisely
2026-07-07T04:27:44+00:00,2026-07-09T11:45:00-04:00,3557,59.3,Lunch,2,Thu,Tue,11,278278,wisely
2026-07-07T04:27:45+00:00,2026-07-09T11:45:00-04:00,3557,59.3,Lunch,4,Thu,Tue,11,278278,wisely
2026-07-07T04:27:44+00:00,2026-07-09T12:00:00-04:00,3572,59.5,Lunch,2,Thu,Tue,12,278278,wisely
2026-07-07T04:27:45+00:00,2026-07-09T12:00:00-04:00,3572,59.5,Lunch,4,Thu,Tue,12,278278,wisely
2026-07-07T20:18:49+00:00,2026-07-09T13:00:00-04:00,2681,44.7,Lunch,2,Thu,Tue,13,278278,wisely
2026-07-07T20:18:50+00:00,2026-07-09T13:00:00-04:00,2681,44.7,Lunch,4,Thu,Tue,13,278278,wisely
2026-07-07T04:27:47+00:00,2026-07-09T13:15:00-04:00,3647,60.8,Lunch,2,Thu,Tue,13,278278,wisely
2026-07-07T04:27:48+00:00,2026-07-09T13:15:00-04:00,3647,60.8,Lunch,4,Thu,Tue,13,278278,wisely
2026-07-07T04:27:48+00:00,2026-07-09T13:30:00-04:00,3662,61.0,Lunch,2,Thu,Tue,13,278278,wisely
2026-07-07T04:27:48+00:00,2026-07-09T13:30:00-04:00,3662,61.0,Lunch,4,Thu,Tue,13,278278,wisely
2026-07-07T04:27:49+00:00,2026-07-09T13:45:00-04:00,3677,61.3,Lunch,2,Thu,Tue,13,278278,wisely
2026-07-07T04:27:49+00:00,2026-07-09T13:45:00-04:00,3677,61.3,Lunch,4,Thu,Tue,13,278278,wisely
2026-07-07T04:27:51+00:00,2026-07-09T14:00:00-04:00,3692,61.5,Lunch,2,Thu,Tue,14,278278,wisely
2026-07-07T04:27:51+00:00,2026-07-09T14:00:00-04:00,3692,61.5,Lunch,4,Thu,Tue,14,278278,wisely
2026-07-07T04:27:51+00:00,2026-07-09T14:15:00-04:00,3707,61.8,Lunch,2,Thu,Tue,14,278278,wisely
2026-07-07T04:27:52+00:00,2026-07-09T14:15:00-04:00,3707,61.8,Lunch,4,Thu,Tue,14,278278,wisely
2026-07-09T18:43:26+00:00,2026-07-09T15:00:00-04:00,17,0.3,Lunch,2,Thu,Thu,15,278278,wisely
2026-07-09T18:43:28+00:00,2026-07-09T15:00:00-04:00,17,0.3,Lunch,4,Thu,Thu,15,278278,wisely
2026-07-09T18:43:27+00:00,2026-07-09T15:15:00-04:00,32,0.5,Lunch,2,Thu,Thu,15,278278,wisely
2026-07-09T18:43:29+00:00,2026-07-09T15:15:00-04:00,32,0.5,Lunch,4,Thu,Thu,15,278278,wisely
2026-07-09T18:43:27+00:00,2026-07-09T15:30:00-04:00,47,0.8,Lunch,2,Thu,Thu,15,278278,wisely
2026-07-09T18:43:29+00:00,2026-07-09T15:30:00-04:00,47,0.8,Lunch,4,Thu,Thu,15,278278,wisely
2026-07-08T23:33:57+00:00,2026-07-09T20:30:00+00:00,1256,20.9,Dinner,2,Thu,Wed,16,278278,wisely
2026-07-08T23:33:57+00:00,2026-07-09T20:30:00+00:00,1256,20.9,Dinner,4,Thu,Wed,16,278278,wisely
2026-07-06T05:39:51+00:00,2026-07-09T16:45:00-04:00,5225,87.1,Dinner,2,Thu,Mon,16,278278,wisely
2026-07-06T05:39:52+00:00,2026-07-09T16:45:00-04:00,5225,87.1,Dinner,4,Thu,Mon,16,278278,wisely
2026-07-08T21:20:36+00:00,2026-07-09T17:30:00-04:00,1449,24.2,Dinner,2,Thu,Wed,17,278278,wisely
2026-07-08T21:20:37+00:00,2026-07-09T17:30:00-04:00,1449,24.2,Dinner,4,Thu,Wed,17,278278,wisely
2026-07-09T23:15:59+00:00,2026-07-09T21:00:00-04:00,104,1.7,Dinner,2,Thu,Thu,21,278278,wisely
2026-07-08T13:06:36+00:00,2026-07-09T21:15:00-04:00,2168,36.1,Dinner,2,Thu,Wed,21,278278,wisely
2026-07-06T05:39:52+00:00,2026-07-09T21:45:00-04:00,5525,92.1,Dinner,2,Thu,Mon,21,278278,wisely
2026-07-06T05:39:52+00:00,2026-07-09T21:45:00-04:00,5525,92.1,Dinner,4,Thu,Mon,21,278278,wisely
2026-07-08T04:30:59+00:00,2026-07-10T11:30:00-04:00,3539,59.0,Lunch,2,Fri,Wed,11,278278,wisely
2026-07-08T04:30:59+00:00,2026-07-10T11:30:00-04:00,3539,59.0,Lunch,4,Fri,Wed,11,278278,wisely
2026-07-08T04:30:59+00:00,2026-07-10T11:45:00-04:00,3554,59.2,Lunch,2,Fri,Wed,11,278278,wisely
2026-07-08T04:30:59+00:00,2026-07-10T11:45:00-04:00,3554,59.2,Lunch,4,Fri,Wed,11,278278,wisely
2026-07-08T04:30:59+00:00,2026-07-10T12:00:00-04:00,3569,59.5,Lunch,2,Fri,Wed,12,278278,wisely
2026-07-08T04:31:00+00:00,2026-07-10T12:00:00-04:00,3569,59.5,Lunch,4,Fri,Wed,12,278278,wisely
2026-07-08T04:31:01+00:00,2026-07-10T12:15:00-04:00,3584,59.7,Lunch,2,Fri,Wed,12,278278,wisely
2026-07-08T04:31:01+00:00,2026-07-10T12:15:00-04:00,3584,59.7,Lunch,4,Fri,Wed,12,278278,wisely
2026-07-08T04:31:02+00:00,2026-07-10T12:30:00-04:00,3599,60.0,Lunch,2,Fri,Wed,12,278278,wisely
2026-07-08T04:31:02+00:00,2026-07-10T12:30:00-04:00,3599,60.0,Lunch,4,Fri,Wed,12,278278,wisely
2026-07-08T04:31:02+00:00,2026-07-10T12:45:00-04:00,3614,60.2,Lunch,2,Fri,Wed,12,278278,wisely
2026-07-09T14:15:08+00:00,2026-07-10T12:45:00-04:00,1590,26.5,Lunch,4,Fri,Thu,12,278278,wisely
2026-07-08T22:17:06+00:00,2026-07-10T13:00:00-04:00,2563,42.7,Lunch,2,Fri,Wed,13,278278,wisely
2026-07-08T04:31:03+00:00,2026-07-10T13:30:00-04:00,3659,61.0,Lunch,2,Fri,Wed,13,278278,wisely
2026-07-08T04:31:04+00:00,2026-07-10T13:30:00-04:00,3659,61.0,Lunch,4,Fri,Wed,13,278278,wisely
2026-07-08T04:31:05+00:00,2026-07-10T13:45:00-04:00,3674,61.2,Lunch,2,Fri,Wed,13,278278,wisely
2026-07-08T04:31:05+00:00,2026-07-10T13:45:00-04:00,3674,61.2,Lunch,4,Fri,Wed,13,278278,wisely
2026-07-08T04:31:06+00:00,2026-07-10T14:15:00-04:00,3704,61.7,Lunch,2,Fri,Wed,14,278278,wisely
2026-07-08T04:31:06+00:00,2026-07-10T14:15:00-04:00,3704,61.7,Lunch,4,Fri,Wed,14,278278,wisely
2026-07-10T03:18:28+00:00,2026-07-10T14:30:00-04:00,912,15.2,Lunch,2,Fri,Thu,14,278278,wisely
2026-07-08T22:17:14+00:00,2026-07-10T14:30:00-04:00,2653,44.2,Lunch,4,Fri,Wed,14,278278,wisely
2026-07-09T23:16:40+00:00,2026-07-10T14:45:00-04:00,1168,19.5,Lunch,2,Fri,Thu,14,278278,wisely
2026-07-09T23:16:41+00:00,2026-07-10T14:45:00-04:00,1168,19.5,Lunch,4,Fri,Thu,14,278278,wisely
2026-07-10T01:02:49+00:00,2026-07-10T15:00:00-04:00,1077,18.0,Lunch,2,Fri,Thu,15,278278,wisely
2026-07-10T01:02:51+00:00,2026-07-10T15:00:00-04:00,1077,18.0,Lunch,4,Fri,Thu,15,278278,wisely
2026-07-10T15:56:23+00:00,2026-07-10T15:15:00-04:00,199,3.3,Lunch,2,Fri,Fri,15,278278,wisely
2026-07-07T04:27:52+00:00,2026-07-10T16:30:00-04:00,5282,88.0,Dinner,2,Fri,Tue,16,278278,wisely
2026-07-07T04:27:53+00:00,2026-07-10T16:30:00-04:00,5282,88.0,Dinner,4,Fri,Tue,16,278278,wisely
2026-07-08T20:04:37+00:00,2026-07-10T16:45:00-04:00,2920,48.7,Dinner,2,Fri,Wed,16,278278,wisely
2026-07-09T14:14:36+00:00,2026-07-10T16:45:00-04:00,1830,30.5,Dinner,4,Fri,Thu,16,278278,wisely
2026-07-09T11:35:16+00:00,2026-07-10T17:00:00-04:00,2005,33.4,Dinner,2,Fri,Thu,17,278278,wisely
2026-07-07T04:27:53+00:00,2026-07-10T17:15:00-04:00,5327,88.8,Dinner,2,Fri,Tue,17,278278,wisely
2026-07-07T04:27:53+00:00,2026-07-10T17:15:00-04:00,5327,88.8,Dinner,4,Fri,Tue,17,278278,wisely
2026-07-09T14:14:36+00:00,2026-07-10T21:15:00-04:00,2100,35.0,Dinner,2,Fri,Thu,21,278278,wisely
2026-07-09T14:14:36+00:00,2026-07-10T21:15:00-04:00,2100,35.0,Dinner,4,Fri,Thu,21,278278,wisely
2026-07-07T18:16:05+00:00,2026-07-10T21:45:00-04:00,4769,79.5,Dinner,2,Fri,Tue,21,278278,wisely
2026-07-09T23:54:54+00:00,2026-07-10T21:45:00-04:00,1550,25.8,Dinner,4,Fri,Thu,21,278278,wisely
2026-07-09T05:10:31+00:00,2026-07-11T11:30:00-04:00,3499,58.3,Lunch,2,Sat,Thu,11,278278,wisely
2026-07-09T05:10:31+00:00,2026-07-11T11:45:00-04:00,3514,58.6,Lunch,2,Sat,Thu,11,278278,wisely
2026-07-09T05:10:32+00:00,2026-07-11T11:45:00-04:00,3514,58.6,Lunch,4,Sat,Thu,11,278278,wisely
2026-07-09T05:10:32+00:00,2026-07-11T12:00:00-04:00,3529,58.8,Lunch,2,Sat,Thu,12,278278,wisely
2026-07-09T05:10:33+00:00,2026-07-11T12:00:00-04:00,3529,58.8,Lunch,4,Sat,Thu,12,278278,wisely
2026-07-09T05:10:34+00:00,2026-07-11T12:15:00-04:00,3544,59.1,Lunch,2,Sat,Thu,12,278278,wisely
2026-07-11T08:26:03+00:00,2026-07-11T13:00:00-04:00,514,8.6,Lunch,2,Sat,Sat,13,278278,wisely
2026-07-11T08:26:01+00:00,2026-07-11T13:00:00-04:00,514,8.6,Lunch,4,Sat,Sat,13,278278,wisely
2026-07-11T04:23:51+00:00,2026-07-11T13:30:00-04:00,786,13.1,Lunch,2,Sat,Sat,13,278278,wisely
2026-07-11T04:23:52+00:00,2026-07-11T13:30:00-04:00,786,13.1,Lunch,4,Sat,Sat,13,278278,wisely
2026-07-09T18:44:25+00:00,2026-07-11T13:45:00-04:00,2821,47.0,Lunch,2,Sat,Thu,13,278278,wisely
2026-07-09T18:44:26+00:00,2026-07-11T13:45:00-04:00,2821,47.0,Lunch,4,Sat,Thu,13,278278,wisely
2026-07-10T15:57:03+00:00,2026-07-11T14:00:00-04:00,1563,26.0,Lunch,2,Sat,Fri,14,278278,wisely
2026-07-09T05:10:36+00:00,2026-07-11T14:15:00-04:00,3664,61.1,Lunch,2,Sat,Thu,14,278278,wisely
2026-07-09T05:10:33+00:00,2026-07-11T14:15:00-04:00,3664,61.1,Lunch,4,Sat,Thu,14,278278,wisely
2026-07-10T15:57:07+00:00,2026-07-11T15:00:00-04:00,1623,27.0,Lunch,2,Sat,Fri,15,278278,wisely
2026-07-10T15:56:51+00:00,2026-07-11T15:00:00-04:00,1623,27.1,Lunch,4,Sat,Fri,15,278278,wisely
2026-07-10T17:46:09+00:00,2026-07-11T15:15:00-04:00,1529,25.5,Lunch,2,Sat,Fri,15,278278,wisely
2026-07-10T17:45:56+00:00,2026-07-11T15:15:00-04:00,1529,25.5,Lunch,4,Sat,Fri,15,278278,wisely
2026-07-10T17:46:10+00:00,2026-07-11T15:30:00-04:00,1544,25.7,Lunch,2,Sat,Fri,15,278278,wisely
2026-07-10T15:56:51+00:00,2026-07-11T15:30:00-04:00,1653,27.6,Lunch,4,Sat,Fri,15,278278,wisely
2026-07-10T20:41:22+00:00,2026-07-11T15:45:00-04:00,1384,23.1,Lunch,2,Sat,Fri,15,278278,wisely
2026-07-10T19:10:55+00:00,2026-07-11T16:00:00-04:00,1489,24.8,Lunch,2,Sat,Fri,16,278278,wisely
2026-07-10T15:56:52+00:00,2026-07-11T16:15:00-04:00,1698,28.3,Lunch,4,Sat,Fri,16,278278,wisely
2026-07-10T15:56:38+00:00,2026-07-11T16:45:00-04:00,1728,28.8,Dinner,2,Sat,Fri,16,278278,wisely
2026-07-10T15:56:40+00:00,2026-07-11T16:45:00-04:00,1728,28.8,Dinner,4,Sat,Fri,16,278278,wisely
2026-07-10T15:56:39+00:00,2026-07-11T17:00:00-04:00,1743,29.1,Dinner,2,Sat,Fri,17,278278,wisely
2026-07-10T15:56:39+00:00,2026-07-11T17:15:00-04:00,1758,29.3,Dinner,2,Sat,Fri,17,278278,wisely
2026-07-11T19:50:04+00:00,2026-07-11T18:00:00-04:00,130,2.2,Dinner,2,Sat,Sat,18,278278,wisely
2026-07-11T19:50:05+00:00,2026-07-11T18:00:00-04:00,130,2.2,Dinner,4,Sat,Sat,18,278278,wisely
2026-07-10T17:45:36+00:00,2026-07-11T21:00:00-04:00,1874,31.2,Dinner,2,Sat,Fri,21,278278,wisely
2026-07-10T17:45:36+00:00,2026-07-11T21:00:00-04:00,1874,31.2,Dinner,4,Sat,Fri,21,278278,wisely
2026-07-08T13:07:28+00:00,2026-07-11T21:15:00-04:00,5048,84.1,Dinner,2,Sat,Wed,21,278278,wisely
2026-07-08T13:07:29+00:00,2026-07-11T21:15:00-04:00,5048,84.1,Dinner,4,Sat,Wed,21,278278,wisely
2026-07-09T08:43:23+00:00,2026-07-11T21:45:00-04:00,3902,65.0,Dinner,2,Sat,Thu,21,278278,wisely
2026-07-09T08:43:23+00:00,2026-07-11T21:45:00-04:00,3902,65.0,Dinner,4,Sat,Thu,21,278278,wisely
2026-07-10T05:04:46+00:00,2026-07-12T11:30:00-04:00,3505,58.4,Lunch,2,Sun,Fri,11,278278,wisely
2026-07-10T05:04:47+00:00,2026-07-12T11:30:00-04:00,3505,58.4,Lunch,4,Sun,Fri,11,278278,wisely
2026-07-10T05:04:46+00:00,2026-07-12T11:45:00-04:00,3520,58.7,Lunch,2,Sun,Fri,11,278278,wisely
2026-07-10T05:04:48+00:00,2026-07-12T11:45:00-04:00,3520,58.7,Lunch,4,Sun,Fri,11,278278,wisely
2026-07-10T05:04:47+00:00,2026-07-12T12:00:00-04:00,3535,58.9,Lunch,2,Sun,Fri,12,278278,wisely
2026-07-10T05:04:48+00:00,2026-07-12T12:00:00-04:00,3535,58.9,Lunch,4,Sun,Fri,12,278278,wisely
2026-07-11T14:41:47+00:00,2026-07-12T12:15:00-04:00,1533,25.6,Lunch,2,Sun,Sat,12,278278,wisely
2026-07-10T05:04:50+00:00,2026-07-12T12:30:00-04:00,3565,59.4,Lunch,2,Sun,Fri,12,278278,wisely
2026-07-10T05:04:50+00:00,2026-07-12T12:30:00-04:00,3565,59.4,Lunch,4,Sun,Fri,12,278278,wisely
2026-07-11T06:36:34+00:00,2026-07-12T13:00:00-04:00,2063,34.4,Lunch,2,Sun,Sat,13,278278,wisely
2026-07-11T06:36:35+00:00,2026-07-12T13:00:00-04:00,2063,34.4,Lunch,4,Sun,Sat,13,278278,wisely
2026-07-10T05:04:51+00:00,2026-07-12T13:15:00-04:00,3610,60.2,Lunch,2,Sun,Fri,13,278278,wisely
2026-07-11T17:33:33+00:00,2026-07-12T13:15:00-04:00,1421,23.7,Lunch,4,Sun,Sat,13,278278,wisely
2026-07-11T22:26:29+00:00,2026-07-12T17:45:00+00:00,1159,19.3,Lunch,2,Sun,Sat,13,278278,wisely
2026-07-11T18:33:41+00:00,2026-07-12T14:00:00-04:00,1406,23.4,Lunch,2,Sun,Sat,14,278278,wisely
2026-07-11T18:33:41+00:00,2026-07-12T14:00:00-04:00,1406,23.4,Lunch,4,Sun,Sat,14,278278,wisely
2026-07-12T10:46:46+00:00,2026-07-12T14:45:00-04:00,478,8.0,Lunch,2,Sun,Sun,14,278278,wisely
2026-07-10T05:04:53+00:00,2026-07-12T15:00:00-04:00,3715,61.9,Lunch,2,Sun,Fri,15,278278,wisely
2026-07-10T05:04:54+00:00,2026-07-12T15:15:00-04:00,3730,62.2,Lunch,2,Sun,Fri,15,278278,wisely
2026-07-11T15:37:14+00:00,2026-07-12T15:30:00-04:00,1673,27.9,Lunch,2,Sun,Sat,15,278278,wisely
2026-07-11T15:37:15+00:00,2026-07-12T15:30:00-04:00,1673,27.9,Lunch,4,Sun,Sat,15,278278,wisely
2026-07-11T15:37:14+00:00,2026-07-12T15:45:00-04:00,1688,28.1,Lunch,2,Sun,Sat,15,278278,wisely
2026-07-11T15:37:15+00:00,2026-07-12T15:45:00-04:00,1688,28.1,Lunch,4,Sun,Sat,15,278278,wisely
2026-07-11T19:50:33+00:00,2026-07-12T16:15:00-04:00,1464,24.4,Lunch,2,Sun,Sat,16,278278,wisely
2026-07-11T19:50:34+00:00,2026-07-12T16:15:00-04:00,1464,24.4,Lunch,4,Sun,Sat,16,278278,wisely
2026-07-09T14:15:49+00:00,2026-07-12T16:30:00-04:00,4694,78.2,Dinner,2,Sun,Thu,16,278278,wisely
2026-07-09T14:15:50+00:00,2026-07-12T16:30:00-04:00,4694,78.2,Dinner,4,Sun,Thu,16,278278,wisely
2026-07-11T18:33:32+00:00,2026-07-12T16:45:00-04:00,1571,26.2,Dinner,2,Sun,Sat,16,278278,wisely
2026-07-11T18:33:33+00:00,2026-07-12T16:45:00-04:00,1571,26.2,Dinner,4,Sun,Sat,16,278278,wisely
2026-07-10T01:03:14+00:00,2026-07-12T19:30:00-04:00,4227,70.4,Dinner,2,Sun,Thu,19,278278,wisely
2026-07-11T15:36:49+00:00,2026-07-12T19:45:00-04:00,1928,32.1,Dinner,2,Sun,Sat,19,278278,wisely
2026-07-11T15:36:51+00:00,2026-07-12T19:45:00-04:00,1928,32.1,Dinner,4,Sun,Sat,19,278278,wisely
2026-07-10T20:41:34+00:00,2026-07-12T20:00:00-04:00,3078,51.3,Dinner,2,Sun,Fri,20,278278,wisely
2026-07-11T15:36:51+00:00,2026-07-12T20:00:00-04:00,1943,32.4,Dinner,4,Sun,Sat,20,278278,wisely
2026-07-11T15:36:50+00:00,2026-07-12T20:15:00-04:00,1958,32.6,Dinner,2,Sun,Sat,20,278278,wisely
2026-07-11T15:36:52+00:00,2026-07-12T20:15:00-04:00,1958,32.6,Dinner,4,Sun,Sat,20,278278,wisely
2026-07-10T11:32:23+00:00,2026-07-12T20:45:00-04:00,3673,61.2,Dinner,2,Sun,Fri,20,278278,wisely
2026-07-10T11:32:23+00:00,2026-07-12T20:45:00-04:00,3673,61.2,Dinner,4,Sun,Fri,20,278278,wisely
2026-07-10T08:35:01+00:00,2026-07-12T21:15:00-04:00,3880,64.7,Dinner,2,Sun,Fri,21,278278,wisely
2026-07-10T08:35:01+00:00,2026-07-12T21:15:00-04:00,3880,64.7,Dinner,4,Sun,Fri,21,278278,wisely
2026-07-11T04:24:17+00:00,2026-07-13T11:30:00-04:00,3546,59.1,Lunch,2,Mon,Sat,11,278278,wisely
2026-07-11T04:24:19+00:00,2026-07-13T11:30:00-04:00,3546,59.1,Lunch,4,Mon,Sat,11,278278,wisely
2026-07-11T04:24:17+00:00,2026-07-13T11:45:00-04:00,3561,59.3,Lunch,2,Mon,Sat,11,278278,wisely
2026-07-11T04:24:19+00:00,2026-07-13T11:45:00-04:00,3561,59.3,Lunch,4,Mon,Sat,11,278278,wisely
2026-07-12T16:28:38+00:00,2026-07-13T12:00:00-04:00,1411,23.5,Lunch,2,Mon,Sun,12,278278,wisely
2026-07-12T16:28:39+00:00,2026-07-13T12:00:00-04:00,1411,23.5,Lunch,4,Mon,Sun,12,278278,wisely
2026-07-11T19:50:54+00:00,2026-07-13T12:30:00-04:00,2679,44.7,Lunch,2,Mon,Sat,12,278278,wisely
2026-07-11T19:50:54+00:00,2026-07-13T12:30:00-04:00,2679,44.7,Lunch,4,Mon,Sat,12,278278,wisely
2026-07-12T15:28:05+00:00,2026-07-13T12:45:00-04:00,1517,25.3,Lunch,2,Mon,Sun,12,278278,wisely
2026-07-12T15:28:06+00:00,2026-07-13T12:45:00-04:00,1517,25.3,Lunch,4,Mon,Sun,12,278278,wisely
2026-07-12T14:15:29+00:00,2026-07-13T13:00:00-04:00,1605,26.7,Lunch,2,Mon,Sun,13,278278,wisely
2026-07-11T04:24:18+00:00,2026-07-13T13:15:00-04:00,3651,60.8,Lunch,2,Mon,Sat,13,278278,wisely
2026-07-11T04:24:20+00:00,2026-07-13T13:15:00-04:00,3651,60.8,Lunch,4,Mon,Sat,13,278278,wisely
2026-07-11T04:24:22+00:00,2026-07-13T13:30:00-04:00,3666,61.1,Lunch,2,Mon,Sat,13,278278,wisely
2026-07-11T04:24:23+00:00,2026-07-13T13:30:00-04:00,3666,61.1,Lunch,4,Mon,Sat,13,278278,wisely
2026-07-11T04:24:24+00:00,2026-07-13T13:45:00-04:00,3681,61.3,Lunch,2,Mon,Sat,13,278278,wisely
2026-07-11T04:24:24+00:00,2026-07-13T13:45:00-04:00,3681,61.3,Lunch,4,Mon,Sat,13,278278,wisely
2026-07-11T04:24:25+00:00,2026-07-13T14:00:00-04:00,3696,61.6,Lunch,2,Mon,Sat,14,278278,wisely
2026-07-11T04:24:26+00:00,2026-07-13T14:00:00-04:00,3696,61.6,Lunch,4,Mon,Sat,14,278278,wisely
2026-07-11T04:24:26+00:00,2026-07-13T14:15:00-04:00,3711,61.8,Lunch,2,Mon,Sat,14,278278,wisely
2026-07-11T04:24:27+00:00,2026-07-13T14:15:00-04:00,3711,61.8,Lunch,4,Mon,Sat,14,278278,wisely
2026-07-13T13:09:51+00:00,2026-07-13T14:30:00-04:00,320,5.3,Lunch,2,Mon,Mon,14,278278,wisely
2026-07-12T01:06:13+00:00,2026-07-13T18:30:00+00:00,2484,41.4,Lunch,4,Mon,Sat,14,278278,wisely
2026-07-13T17:45:57+00:00,2026-07-13T14:45:00-04:00,59,1.0,Lunch,2,Mon,Mon,14,278278,wisely
2026-07-13T13:09:55+00:00,2026-07-13T14:45:00-04:00,335,5.6,Lunch,4,Mon,Mon,14,278278,wisely
2026-07-13T15:50:12+00:00,2026-07-13T15:00:00-04:00,190,3.2,Lunch,4,Mon,Mon,15,278278,wisely
2026-07-13T19:05:45+00:00,2026-07-13T15:30:00-04:00,24,0.4,Lunch,2,Mon,Mon,15,278278,wisely
2026-07-13T19:05:47+00:00,2026-07-13T15:30:00-04:00,24,0.4,Lunch,4,Mon,Mon,15,278278,wisely
2026-07-13T19:05:46+00:00,2026-07-13T15:45:00-04:00,39,0.7,Lunch,2,Mon,Mon,15,278278,wisely
2026-07-13T19:05:46+00:00,2026-07-13T16:00:00-04:00,54,0.9,Lunch,2,Mon,Mon,16,278278,wisely
2026-07-13T19:05:47+00:00,2026-07-13T16:00:00-04:00,54,0.9,Lunch,4,Mon,Mon,16,278278,wisely
2026-07-13T19:05:48+00:00,2026-07-13T16:15:00-04:00,69,1.2,Lunch,4,Mon,Mon,16,278278,wisely
2026-07-11T22:29:37+00:00,2026-07-13T16:45:00-04:00,2775,46.3,Dinner,2,Mon,Sat,16,278278,wisely
2026-07-11T22:29:39+00:00,2026-07-13T16:45:00-04:00,2775,46.3,Dinner,4,Mon,Sat,16,278278,wisely
2026-07-12T11:47:34+00:00,2026-07-13T17:30:00-04:00,2022,33.7,Dinner,2,Mon,Sun,17,278278,wisely
2026-07-12T11:47:37+00:00,2026-07-13T17:30:00-04:00,2022,33.7,Dinner,4,Mon,Sun,17,278278,wisely
2026-07-13T10:44:53+00:00,2026-07-13T18:30:00-04:00,705,11.8,Dinner,2,Mon,Mon,18,278278,wisely
2026-07-13T07:52:08+00:00,2026-07-13T18:45:00-04:00,893,14.9,Dinner,2,Mon,Mon,18,278278,wisely
2026-07-12T14:15:07+00:00,2026-07-13T20:15:00-04:00,2040,34.0,Dinner,2,Mon,Sun,20,278278,wisely
2026-07-12T21:37:48+00:00,2026-07-13T20:30:00-04:00,1612,26.9,Dinner,2,Mon,Sun,20,278278,wisely
2026-07-12T14:15:07+00:00,2026-07-13T21:00:00-04:00,2085,34.7,Dinner,2,Mon,Sun,21,278278,wisely
2026-07-12T14:15:08+00:00,2026-07-13T21:00:00-04:00,2085,34.7,Dinner,4,Mon,Sun,21,278278,wisely
2026-07-10T05:04:54+00:00,2026-07-13T21:30:00-04:00,5545,92.4,Dinner,2,Mon,Fri,21,278278,wisely
2026-07-10T05:04:56+00:00,2026-07-13T21:30:00-04:00,5545,92.4,Dinner,4,Mon,Fri,21,278278,wisely
2026-07-10T05:04:55+00:00,2026-07-13T21:45:00-04:00,5560,92.7,Dinner,2,Mon,Fri,21,278278,wisely
2026-07-10T05:04:56+00:00,2026-07-13T21:45:00-04:00,5560,92.7,Dinner,4,Mon,Fri,21,278278,wisely
2026-07-12T04:34:38+00:00,2026-07-14T11:30:00-04:00,3535,58.9,Lunch,2,Tue,Sun,11,278278,wisely
2026-07-12T04:34:39+00:00,2026-07-14T11:30:00-04:00,3535,58.9,Lunch,4,Tue,Sun,11,278278,wisely
2026-07-12T04:34:38+00:00,2026-07-14T11:45:00-04:00,3550,59.2,Lunch,2,Tue,Sun,11,278278,wisely
2026-07-12T04:34:40+00:00,2026-07-14T11:45:00-04:00,3550,59.2,Lunch,4,Tue,Sun,11,278278,wisely
2026-07-13T15:51:38+00:00,2026-07-14T12:00:00-04:00,1448,24.1,Lunch,2,Tue,Mon,12,278278,wisely
2026-07-13T15:51:39+00:00,2026-07-14T12:00:00-04:00,1448,24.1,Lunch,4,Tue,Mon,12,278278,wisely
2026-07-13T15:51:38+00:00,2026-07-14T12:45:00-04:00,1493,24.9,Lunch,2,Tue,Mon,12,278278,wisely
2026-07-13T15:51:39+00:00,2026-07-14T12:45:00-04:00,1493,24.9,Lunch,4,Tue,Mon,12,278278,wisely
2026-07-13T15:51:45+00:00,2026-07-14T13:00:00-04:00,1508,25.1,Lunch,2,Tue,Mon,13,278278,wisely
2026-07-13T15:51:45+00:00,2026-07-14T13:00:00-04:00,1508,25.1,Lunch,4,Tue,Mon,13,278278,wisely
2026-07-12T04:34:39+00:00,2026-07-14T13:15:00-04:00,3640,60.7,Lunch,2,Tue,Sun,13,278278,wisely
2026-07-12T04:34:40+00:00,2026-07-14T13:15:00-04:00,3640,60.7,Lunch,4,Tue,Sun,13,278278,wisely
2026-07-12T04:34:43+00:00,2026-07-14T13:30:00-04:00,3655,60.9,Lunch,2,Tue,Sun,13,278278,wisely
2026-07-12T04:34:43+00:00,2026-07-14T13:30:00-04:00,3655,60.9,Lunch,4,Tue,Sun,13,278278,wisely
2026-07-12T04:34:44+00:00,2026-07-14T13:45:00-04:00,3670,61.2,Lunch,2,Tue,Sun,13,278278,wisely
2026-07-12T04:34:45+00:00,2026-07-14T13:45:00-04:00,3670,61.2,Lunch,4,Tue,Sun,13,278278,wisely
2026-07-12T04:34:46+00:00,2026-07-14T14:00:00-04:00,3685,61.4,Lunch,2,Tue,Sun,14,278278,wisely
2026-07-12T04:34:46+00:00,2026-07-14T14:00:00-04:00,3685,61.4,Lunch,4,Tue,Sun,14,278278,wisely
2026-07-12T04:34:47+00:00,2026-07-14T14:15:00-04:00,3700,61.7,Lunch,2,Tue,Sun,14,278278,wisely
2026-07-12T04:34:48+00:00,2026-07-14T14:15:00-04:00,3700,61.7,Lunch,4,Tue,Sun,14,278278,wisely
2026-07-14T17:31:57+00:00,2026-07-14T14:30:00-04:00,58,1.0,Lunch,2,Tue,Tue,14,278278,wisely
2026-07-14T14:44:42+00:00,2026-07-14T14:30:00-04:00,225,3.8,Lunch,4,Tue,Tue,14,278278,wisely
2026-07-14T17:31:58+00:00,2026-07-14T14:45:00-04:00,73,1.2,Lunch,4,Tue,Tue,14,278278,wisely
2026-07-14T18:42:36+00:00,2026-07-14T15:00:00-04:00,17,0.3,Lunch,2,Tue,Tue,15,278278,wisely
2026-07-14T18:42:38+00:00,2026-07-14T15:00:00-04:00,17,0.3,Lunch,4,Tue,Tue,15,278278,wisely
2026-07-14T18:42:37+00:00,2026-07-14T15:15:00-04:00,32,0.5,Lunch,2,Tue,Tue,15,278278,wisely
2026-07-14T18:42:38+00:00,2026-07-14T15:15:00-04:00,32,0.5,Lunch,4,Tue,Tue,15,278278,wisely
2026-07-14T18:42:37+00:00,2026-07-14T15:30:00-04:00,47,0.8,Lunch,2,Tue,Tue,15,278278,wisely
2026-07-14T18:42:39+00:00,2026-07-14T15:30:00-04:00,47,0.8,Lunch,4,Tue,Tue,15,278278,wisely
2026-07-13T21:29:01+00:00,2026-07-14T16:30:00-04:00,1381,23.0,Dinner,2,Tue,Mon,16,278278,wisely
2026-07-13T21:29:04+00:00,2026-07-14T16:30:00-04:00,1381,23.0,Dinner,4,Tue,Mon,16,278278,wisely
2026-07-13T22:01:00+00:00,2026-07-14T17:00:00-04:00,1379,23.0,Dinner,2,Tue,Mon,17,278278,wisely
2026-07-13T22:01:02+00:00,2026-07-14T17:00:00-04:00,1379,23.0,Dinner,4,Tue,Mon,17,278278,wisely
2026-07-13T10:45:59+00:00,2026-07-14T17:15:00-04:00,2069,34.5,Dinner,2,Tue,Mon,17,278278,wisely
2026-07-13T10:46:00+00:00,2026-07-14T17:15:00-04:00,2069,34.5,Dinner,4,Tue,Mon,17,278278,wisely
2026-07-12T15:28:14+00:00,2026-07-14T18:00:00-04:00,3272,54.5,Dinner,2,Tue,Sun,18,278278,wisely
2026-07-13T22:01:01+00:00,2026-07-14T18:15:00-04:00,1454,24.2,Dinner,2,Tue,Mon,18,278278,wisely
2026-07-13T22:01:02+00:00,2026-07-14T18:15:00-04:00,1454,24.2,Dinner,4,Tue,Mon,18,278278,wisely
2026-07-12T20:27:00+00:00,2026-07-14T20:45:00-04:00,3138,52.3,Dinner,2,Tue,Sun,20,278278,wisely
2026-07-12T20:27:00+00:00,2026-07-14T20:45:00-04:00,3138,52.3,Dinner,4,Tue,Sun,20,278278,wisely
2026-07-12T16:29:06+00:00,2026-07-14T21:15:00-04:00,3406,56.8,Dinner,2,Tue,Sun,21,278278,wisely
2026-07-12T16:29:07+00:00,2026-07-14T21:15:00-04:00,3406,56.8,Dinner,4,Tue,Sun,21,278278,wisely
2026-07-11T04:24:28+00:00,2026-07-14T21:30:00-04:00,5586,93.1,Dinner,2,Tue,Sat,21,278278,wisely
2026-07-11T04:24:29+00:00,2026-07-14T21:30:00-04:00,5586,93.1,Dinner,4,Tue,Sat,21,278278,wisely
2026-07-11T04:24:28+00:00,2026-07-14T21:45:00-04:00,5601,93.3,Dinner,2,Tue,Sat,21,278278,wisely
2026-07-11T04:24:29+00:00,2026-07-14T21:45:00-04:00,5601,93.3,Dinner,4,Tue,Sat,21,278278,wisely
2026-07-13T04:40:25+00:00,2026-07-15T11:30:00-04:00,3530,58.8,Lunch,2,Wed,Mon,11,278278,wisely
2026-07-13T04:40:26+00:00,2026-07-15T11:30:00-04:00,3530,58.8,Lunch,4,Wed,Mon,11,278278,wisely
2026-07-13T04:40:25+00:00,2026-07-15T11:45:00-04:00,3545,59.1,Lunch,2,Wed,Mon,11,278278,wisely
2026-07-14T17:32:42+00:00,2026-07-15T12:15:00-04:00,1362,22.7,Lunch,2,Wed,Tue,12,278278,wisely
2026-07-14T16:05:33+00:00,2026-07-15T12:30:00-04:00,1464,24.4,Lunch,2,Wed,Tue,12,278278,wisely
2026-07-14T16:05:35+00:00,2026-07-15T12:30:00-04:00,1464,24.4,Lunch,4,Wed,Tue,12,278278,wisely
2026-07-13T04:40:26+00:00,2026-07-15T13:15:00-04:00,3635,60.6,Lunch,2,Wed,Mon,13,278278,wisely
2026-07-13T04:40:27+00:00,2026-07-15T13:15:00-04:00,3635,60.6,Lunch,4,Wed,Mon,13,278278,wisely
2026-07-14T17:32:42+00:00,2026-07-15T13:30:00-04:00,1437,24.0,Lunch,2,Wed,Tue,13,278278,wisely
2026-07-14T17:32:42+00:00,2026-07-15T13:30:00-04:00,1437,24.0,Lunch,4,Wed,Tue,13,278278,wisely
2026-07-13T04:40:30+00:00,2026-07-15T13:45:00-04:00,3664,61.1,Lunch,2,Wed,Mon,13,278278,wisely
2026-07-13T04:40:28+00:00,2026-07-15T13:45:00-04:00,3665,61.1,Lunch,4,Wed,Mon,13,278278,wisely
2026-07-13T04:40:30+00:00,2026-07-15T14:00:00-04:00,3679,61.3,Lunch,2,Wed,Mon,14,278278,wisely
2026-07-13T04:40:31+00:00,2026-07-15T14:00:00-04:00,3679,61.3,Lunch,4,Wed,Mon,14,278278,wisely
2026-07-13T04:40:32+00:00,2026-07-15T14:15:00-04:00,3694,61.6,Lunch,2,Wed,Mon,14,278278,wisely
2026-07-13T04:40:33+00:00,2026-07-15T14:15:00-04:00,3694,61.6,Lunch,4,Wed,Mon,14,278278,wisely
2026-07-14T22:08:43+00:00,2026-07-15T14:30:00-04:00,1221,20.4,Lunch,2,Wed,Tue,14,278278,wisely
2026-07-14T22:08:43+00:00,2026-07-15T14:30:00-04:00,1221,20.4,Lunch,4,Wed,Tue,14,278278,wisely
2026-07-15T18:11:18+00:00,2026-07-15T14:45:00-04:00,34,0.6,Lunch,2,Wed,Wed,14,278278,wisely
2026-07-15T18:11:20+00:00,2026-07-15T14:45:00-04:00,34,0.6,Lunch,4,Wed,Wed,14,278278,wisely
2026-07-15T18:11:19+00:00,2026-07-15T15:00:00-04:00,49,0.8,Lunch,2,Wed,Wed,15,278278,wisely
2026-07-15T18:11:20+00:00,2026-07-15T15:00:00-04:00,49,0.8,Lunch,4,Wed,Wed,15,278278,wisely
2026-07-14T14:45:16+00:00,2026-07-15T16:45:00-04:00,1800,30.0,Dinner,2,Wed,Tue,16,278278,wisely
2026-07-14T14:45:18+00:00,2026-07-15T16:45:00-04:00,1800,30.0,Dinner,4,Wed,Tue,16,278278,wisely
2026-07-14T14:45:17+00:00,2026-07-15T21:00:00-04:00,2055,34.2,Dinner,2,Wed,Tue,21,278278,wisely
2026-07-14T14:45:18+00:00,2026-07-15T21:00:00-04:00,2055,34.2,Dinner,4,Wed,Tue,21,278278,wisely
2026-07-12T22:26:54+00:00,2026-07-15T21:15:00-04:00,4488,74.8,Dinner,2,Wed,Sun,21,278278,wisely
2026-07-12T22:26:54+00:00,2026-07-15T21:15:00-04:00,4488,74.8,Dinner,4,Wed,Sun,21,278278,wisely
2026-07-14T16:05:00+00:00,2026-07-15T21:30:00-04:00,2005,33.4,Dinner,2,Wed,Tue,21,278278,wisely
2026-07-14T16:05:01+00:00,2026-07-15T21:30:00-04:00,2005,33.4,Dinner,4,Wed,Tue,21,278278,wisely
2026-07-14T14:45:17+00:00,2026-07-15T21:45:00-04:00,2100,35.0,Dinner,2,Wed,Tue,21,278278,wisely
2026-07-14T14:45:18+00:00,2026-07-15T21:45:00-04:00,2100,35.0,Dinner,4,Wed,Tue,21,278278,wisely
2026-07-14T06:01:13+00:00,2026-07-16T11:30:00-04:00,3449,57.5,Lunch,2,Thu,Tue,11,278278,wisely
2026-07-14T06:01:14+00:00,2026-07-16T11:30:00-04:00,3449,57.5,Lunch,4,Thu,Tue,11,278278,wisely
2026-07-14T06:01:13+00:00,2026-07-16T11:45:00-04:00,3464,57.7,Lunch,2,Thu,Tue,11,278278,wisely
2026-07-14T06:01:14+00:00,2026-07-16T11:45:00-04:00,3464,57.7,Lunch,4,Thu,Tue,11,278278,wisely
2026-07-14T16:06:08+00:00,2026-07-16T12:15:00-04:00,2889,48.1,Lunch,2,Thu,Tue,12,278278,wisely
2026-07-14T16:06:09+00:00,2026-07-16T12:15:00-04:00,2889,48.1,Lunch,4,Thu,Tue,12,278278,wisely
2026-07-14T19:55:59+00:00,2026-07-16T13:00:00-04:00,2704,45.1,Lunch,2,Thu,Tue,13,278278,wisely
2026-07-14T19:56:00+00:00,2026-07-16T13:00:00-04:00,2704,45.1,Lunch,4,Thu,Tue,13,278278,wisely
2026-07-14T06:01:13+00:00,2026-07-16T13:45:00-04:00,3584,59.7,Lunch,2,Thu,Tue,13,278278,wisely
2026-07-14T14:46:13+00:00,2026-07-16T13:45:00-04:00,3059,51.0,Lunch,4,Thu,Tue,13,278278,wisely
2026-07-14T06:01:17+00:00,2026-07-16T14:00:00-04:00,3599,60.0,Lunch,2,Thu,Tue,14,278278,wisely
2026-07-14T06:01:17+00:00,2026-07-16T14:15:00-04:00,3614,60.2,Lunch,2,Thu,Tue,14,278278,wisely
2026-07-14T06:01:14+00:00,2026-07-16T14:15:00-04:00,3614,60.2,Lunch,4,Thu,Tue,14,278278,wisely
2026-07-15T19:35:38+00:00,2026-07-16T14:30:00-04:00,1374,22.9,Lunch,2,Thu,Wed,14,278278,wisely
2026-07-14T06:01:18+00:00,2026-07-16T14:30:00-04:00,3629,60.5,Lunch,4,Thu,Tue,14,278278,wisely
2026-07-16T16:05:36+00:00,2026-07-16T14:45:00-04:00,159,2.7,Lunch,2,Thu,Thu,14,278278,wisely
2026-07-14T06:01:18+00:00,2026-07-16T14:45:00-04:00,3644,60.7,Lunch,4,Thu,Tue,14,278278,wisely
2026-07-16T17:36:52+00:00,2026-07-16T15:00:00-04:00,83,1.4,Lunch,2,Thu,Thu,15,278278,wisely
2026-07-15T15:45:54+00:00,2026-07-16T15:00:00-04:00,1634,27.2,Lunch,4,Thu,Wed,15,278278,wisely
2026-07-16T18:45:49+00:00,2026-07-16T15:15:00-04:00,29,0.5,Lunch,2,Thu,Thu,15,278278,wisely
2026-07-16T14:49:24+00:00,2026-07-16T15:15:00-04:00,266,4.4,Lunch,4,Thu,Thu,15,278278,wisely
2026-07-16T01:06:12+00:00,2026-07-16T15:30:00-04:00,1104,18.4,Lunch,4,Thu,Wed,15,278278,wisely
2026-07-15T22:38:39+00:00,2026-07-16T15:45:00-04:00,1266,21.1,Lunch,4,Thu,Wed,15,278278,wisely
2026-07-16T04:20:39+00:00,2026-07-16T16:30:00-04:00,969,16.2,Dinner,2,Thu,Thu,16,278278,wisely
2026-07-16T04:20:40+00:00,2026-07-16T16:30:00-04:00,969,16.2,Dinner,4,Thu,Thu,16,278278,wisely
2026-07-15T14:05:26+00:00,2026-07-16T17:00:00-04:00,1855,30.9,Dinner,2,Thu,Wed,17,278278,wisely
2026-07-15T23:12:10+00:00,2026-07-16T17:15:00-04:00,1323,22.0,Dinner,2,Thu,Wed,17,278278,wisely
2026-07-15T14:05:26+00:00,2026-07-16T18:00:00-04:00,1915,31.9,Dinner,2,Thu,Wed,18,278278,wisely
2026-07-15T14:05:27+00:00,2026-07-16T18:00:00-04:00,1915,31.9,Dinner,4,Thu,Wed,18,278278,wisely
2026-07-15T14:05:26+00:00,2026-07-16T18:30:00-04:00,1945,32.4,Dinner,2,Thu,Wed,18,278278,wisely
2026-07-15T14:05:27+00:00,2026-07-16T18:30:00-04:00,1945,32.4,Dinner,4,Thu,Wed,18,278278,wisely
2026-07-14T23:35:22+00:00,2026-07-16T19:30:00-04:00,2875,47.9,Dinner,2,Thu,Tue,19,278278,wisely
2026-07-14T23:35:23+00:00,2026-07-16T19:30:00-04:00,2875,47.9,Dinner,4,Thu,Tue,19,278278,wisely
2026-07-15T14:06:05+00:00,2026-07-16T20:45:00-04:00,2079,34.6,Dinner,2,Thu,Wed,20,278278,wisely
2026-07-15T14:05:27+00:00,2026-07-16T20:45:00-04:00,2080,34.7,Dinner,4,Thu,Wed,20,278278,wisely
2026-07-13T20:23:58+00:00,2026-07-16T21:00:00-04:00,4596,76.6,Dinner,2,Thu,Mon,21,278278,wisely
2026-07-13T20:23:59+00:00,2026-07-16T21:15:00-04:00,4611,76.9,Dinner,2,Thu,Mon,21,278278,wisely
2026-07-13T20:23:59+00:00,2026-07-16T21:15:00-04:00,4611,76.9,Dinner,4,Thu,Mon,21,278278,wisely
2026-07-15T20:40:36+00:00,2026-07-16T21:30:00-04:00,1729,28.8,Dinner,2,Thu,Wed,21,278278,wisely
2026-07-15T20:40:36+00:00,2026-07-16T21:30:00-04:00,1729,28.8,Dinner,4,Thu,Wed,21,278278,wisely
2026-07-15T14:06:08+00:00,2026-07-16T21:45:00-04:00,2139,35.6,Dinner,2,Thu,Wed,21,278278,wisely
2026-07-15T14:06:09+00:00,2026-07-16T21:45:00-04:00,2139,35.6,Dinner,4,Thu,Wed,21,278278,wisely
2026-07-15T04:07:05+00:00,2026-07-17T11:30:00-04:00,3563,59.4,Lunch,2,Fri,Wed,11,278278,wisely
2026-07-15T04:07:06+00:00,2026-07-17T11:30:00-04:00,3563,59.4,Lunch,4,Fri,Wed,11,278278,wisely
2026-07-15T04:07:06+00:00,2026-07-17T11:45:00-04:00,3578,59.6,Lunch,2,Fri,Wed,11,278278,wisely
2026-07-15T04:07:06+00:00,2026-07-17T11:45:00-04:00,3578,59.6,Lunch,4,Fri,Wed,11,278278,wisely
2026-07-15T04:07:06+00:00,2026-07-17T12:00:00-04:00,3593,59.9,Lunch,2,Fri,Wed,12,278278,wisely
2026-07-15T04:07:06+00:00,2026-07-17T12:00:00-04:00,3593,59.9,Lunch,4,Fri,Wed,12,278278,wisely
2026-07-15T04:07:08+00:00,2026-07-17T12:15:00-04:00,3608,60.1,Lunch,2,Fri,Wed,12,278278,wisely
2026-07-15T04:07:08+00:00,2026-07-17T12:15:00-04:00,3608,60.1,Lunch,4,Fri,Wed,12,278278,wisely
2026-07-15T18:12:26+00:00,2026-07-17T12:30:00-04:00,2778,46.3,Lunch,2,Fri,Wed,12,278278,wisely
2026-07-15T18:12:27+00:00,2026-07-17T12:30:00-04:00,2778,46.3,Lunch,4,Fri,Wed,12,278278,wisely
2026-07-15T04:07:09+00:00,2026-07-17T12:45:00-04:00,3638,60.6,Lunch,2,Fri,Wed,12,278278,wisely
2026-07-15T04:07:09+00:00,2026-07-17T12:45:00-04:00,3638,60.6,Lunch,4,Fri,Wed,12,278278,wisely
2026-07-17T11:57:15+00:00,2026-07-17T13:00:00-04:00,303,5.0,Lunch,2,Fri,Fri,13,278278,wisely
2026-07-17T11:57:16+00:00,2026-07-17T13:00:00-04:00,303,5.0,Lunch,4,Fri,Fri,13,278278,wisely
2026-07-15T04:07:10+00:00,2026-07-17T13:30:00-04:00,3683,61.4,Lunch,2,Fri,Wed,13,278278,wisely
2026-07-16T23:11:17+00:00,2026-07-17T13:30:00-04:00,1099,18.3,Lunch,4,Fri,Thu,13,278278,wisely
2026-07-15T04:07:11+00:00,2026-07-17T13:45:00-04:00,3698,61.6,Lunch,2,Fri,Wed,13,278278,wisely
2026-07-16T01:06:51+00:00,2026-07-17T13:45:00-04:00,2438,40.6,Lunch,4,Fri,Wed,13,278278,wisely
2026-07-15T04:07:12+00:00,2026-07-17T14:00:00-04:00,3713,61.9,Lunch,2,Fri,Wed,14,278278,wisely
2026-07-15T04:07:11+00:00,2026-07-17T14:00:00-04:00,3713,61.9,Lunch,4,Fri,Wed,14,278278,wisely
2026-07-15T04:07:13+00:00,2026-07-17T14:15:00-04:00,3728,62.1,Lunch,2,Fri,Wed,14,278278,wisely
2026-07-15T04:07:12+00:00,2026-07-17T14:15:00-04:00,3728,62.1,Lunch,4,Fri,Wed,14,278278,wisely
2026-07-17T13:23:21+00:00,2026-07-17T14:45:00-04:00,322,5.4,Lunch,2,Fri,Fri,14,278278,wisely
2026-07-15T04:07:13+00:00,2026-07-17T14:45:00-04:00,3758,62.6,Lunch,4,Fri,Wed,14,278278,wisely
2026-07-17T13:23:33+00:00,2026-07-17T15:00:00-04:00,336,5.6,Lunch,2,Fri,Fri,15,278278,wisely
2026-07-16T11:04:55+00:00,2026-07-17T16:30:00-04:00,2005,33.4,Dinner,2,Fri,Thu,16,278278,wisely
2026-07-16T14:49:55+00:00,2026-07-17T16:30:00-04:00,1780,29.7,Dinner,4,Fri,Thu,16,278278,wisely
2026-07-15T14:06:38+00:00,2026-07-17T17:00:00-04:00,3293,54.9,Dinner,2,Fri,Wed,17,278278,wisely
2026-07-17T13:23:10+00:00,2026-07-17T18:00:00-04:00,517,8.6,Dinner,2,Fri,Fri,18,278278,wisely
2026-07-17T18:37:03+00:00,2026-07-17T21:00:00-04:00,383,6.4,Dinner,2,Fri,Fri,21,278278,wisely
2026-07-17T18:37:04+00:00,2026-07-17T21:00:00-04:00,383,6.4,Dinner,4,Fri,Fri,21,278278,wisely
2026-07-16T11:04:56+00:00,2026-07-17T21:45:00-04:00,2320,38.7,Dinner,2,Fri,Thu,21,278278,wisely
2026-07-16T04:21:22+00:00,2026-07-18T11:30:00-04:00,3549,59.1,Lunch,2,Sat,Thu,11,278278,wisely
2026-07-16T04:21:23+00:00,2026-07-18T11:30:00-04:00,3549,59.1,Lunch,4,Sat,Thu,11,278278,wisely
2026-07-16T04:21:22+00:00,2026-07-18T11:45:00-04:00,3564,59.4,Lunch,2,Sat,Thu,11,278278,wisely
2026-07-16T04:21:24+00:00,2026-07-18T11:45:00-04:00,3564,59.4,Lunch,4,Sat,Thu,11,278278,wisely
2026-07-16T11:05:31+00:00,2026-07-18T12:00:00-04:00,3174,52.9,Lunch,2,Sat,Thu,12,278278,wisely
2026-07-16T11:05:32+00:00,2026-07-18T12:00:00-04:00,3174,52.9,Lunch,4,Sat,Thu,12,278278,wisely
2026-07-16T04:21:23+00:00,2026-07-18T12:15:00-04:00,3594,59.9,Lunch,2,Sat,Thu,12,278278,wisely
2026-07-16T04:21:24+00:00,2026-07-18T12:15:00-04:00,3594,59.9,Lunch,4,Sat,Thu,12,278278,wisely
2026-07-16T04:21:26+00:00,2026-07-18T12:30:00-04:00,3609,60.1,Lunch,2,Sat,Thu,12,278278,wisely
2026-07-16T04:21:26+00:00,2026-07-18T12:30:00-04:00,3609,60.1,Lunch,4,Sat,Thu,12,278278,wisely
2026-07-16T04:21:27+00:00,2026-07-18T12:45:00-04:00,3624,60.4,Lunch,2,Sat,Thu,12,278278,wisely
2026-07-16T04:21:27+00:00,2026-07-18T12:45:00-04:00,3624,60.4,Lunch,4,Sat,Thu,12,278278,wisely
2026-07-17T14:58:09+00:00,2026-07-18T13:30:00-04:00,1592,26.5,Lunch,2,Sat,Fri,13,278278,wisely
2026-07-16T04:21:28+00:00,2026-07-18T13:45:00-04:00,3684,61.4,Lunch,2,Sat,Thu,13,278278,wisely
2026-07-16T04:21:29+00:00,2026-07-18T13:45:00-04:00,3684,61.4,Lunch,4,Sat,Thu,13,278278,wisely
2026-07-16T04:21:29+00:00,2026-07-18T14:00:00-04:00,3699,61.6,Lunch,2,Sat,Thu,14,278278,wisely
2026-07-17T20:38:36+00:00,2026-07-18T14:00:00-04:00,1281,21.4,Lunch,4,Sat,Fri,14,278278,wisely
2026-07-16T04:21:30+00:00,2026-07-18T14:15:00-04:00,3713,61.9,Lunch,2,Sat,Thu,14,278278,wisely
2026-07-16T04:21:30+00:00,2026-07-18T14:15:00-04:00,3713,61.9,Lunch,4,Sat,Thu,14,278278,wisely
2026-07-16T21:01:20+00:00,2026-07-18T14:30:00-04:00,2729,45.5,Lunch,2,Sat,Thu,14,278278,wisely
2026-07-16T21:01:21+00:00,2026-07-18T14:30:00-04:00,2729,45.5,Lunch,4,Sat,Thu,14,278278,wisely
2026-07-16T17:38:58+00:00,2026-07-18T14:45:00-04:00,2946,49.1,Lunch,2,Sat,Thu,14,278278,wisely
2026-07-16T04:21:31+00:00,2026-07-18T14:45:00-04:00,3743,62.4,Lunch,4,Sat,Thu,14,278278,wisely
2026-07-17T04:23:25+00:00,2026-07-18T15:00:00-04:00,2317,38.6,Lunch,2,Sat,Fri,15,278278,wisely
2026-07-17T10:40:53+00:00,2026-07-18T15:00:00-04:00,1939,32.3,Lunch,4,Sat,Fri,15,278278,wisely
2026-07-17T14:58:14+00:00,2026-07-18T15:30:00-04:00,1712,28.5,Lunch,4,Sat,Fri,15,278278,wisely
2026-07-17T22:55:03+00:00,2026-07-18T16:30:00-04:00,1295,21.6,Dinner,2,Sat,Fri,16,278278,wisely
2026-07-17T22:55:04+00:00,2026-07-18T16:30:00-04:00,1295,21.6,Dinner,4,Sat,Fri,16,278278,wisely
2026-07-17T01:11:00+00:00,2026-07-18T16:45:00-04:00,2614,43.6,Dinner,2,Sat,Thu,16,278278,wisely
2026-07-17T01:11:01+00:00,2026-07-18T16:45:00-04:00,2614,43.6,Dinner,4,Sat,Thu,16,278278,wisely
2026-07-17T00:13:32+00:00,2026-07-18T17:15:00-04:00,2701,45.0,Dinner,2,Sat,Thu,17,278278,wisely
2026-07-17T18:37:20+00:00,2026-07-18T17:15:00-04:00,1598,26.6,Dinner,4,Sat,Fri,17,278278,wisely
2026-07-17T14:57:50+00:00,2026-07-18T18:45:00-04:00,1907,31.8,Dinner,2,Sat,Fri,18,278278,wisely
2026-07-17T14:57:51+00:00,2026-07-18T18:45:00-04:00,1907,31.8,Dinner,4,Sat,Fri,18,278278,wisely
2026-07-16T14:50:44+00:00,2026-07-18T20:30:00-04:00,3459,57.7,Dinner,2,Sat,Thu,20,278278,wisely
2026-07-18T20:21:14+00:00,2026-07-18T21:00:00-04:00,279,4.6,Dinner,2,Sat,Sat,21,278278,wisely
2026-07-18T20:21:15+00:00,2026-07-18T21:00:00-04:00,279,4.6,Dinner,4,Sat,Sat,21,278278,wisely
2026-07-17T16:15:30+00:00,2026-07-18T21:15:00-04:00,1979,33.0,Dinner,2,Sat,Fri,21,278278,wisely
2026-07-17T16:15:33+00:00,2026-07-18T21:15:00-04:00,1979,33.0,Dinner,4,Sat,Fri,21,278278,wisely
2026-07-17T14:57:51+00:00,2026-07-18T21:30:00-04:00,2072,34.5,Dinner,2,Sat,Fri,21,278278,wisely
2026-07-17T16:15:33+00:00,2026-07-18T21:30:00-04:00,1994,33.2,Dinner,4,Sat,Fri,21,278278,wisely
2026-07-17T14:57:51+00:00,2026-07-18T21:45:00-04:00,2087,34.8,Dinner,2,Sat,Fri,21,278278,wisely
2026-07-17T04:23:36+00:00,2026-07-19T11:30:00-04:00,3546,59.1,Lunch,2,Sun,Fri,11,278278,wisely
2026-07-17T04:23:37+00:00,2026-07-19T11:45:00-04:00,3561,59.4,Lunch,2,Sun,Fri,11,278278,wisely
2026-07-17T04:23:38+00:00,2026-07-19T11:45:00-04:00,3561,59.4,Lunch,4,Sun,Fri,11,278278,wisely
2026-07-17T04:23:38+00:00,2026-07-19T12:00:00-04:00,3576,59.6,Lunch,2,Sun,Fri,12,278278,wisely
2026-07-17T04:23:39+00:00,2026-07-19T12:00:00-04:00,3576,59.6,Lunch,4,Sun,Fri,12,278278,wisely
2026-07-17T04:23:41+00:00,2026-07-19T12:15:00-04:00,3591,59.9,Lunch,2,Sun,Fri,12,278278,wisely
2026-07-17T04:23:39+00:00,2026-07-19T12:15:00-04:00,3591,59.9,Lunch,4,Sun,Fri,12,278278,wisely
2026-07-18T20:21:46+00:00,2026-07-19T12:30:00-04:00,1208,20.1,Lunch,2,Sun,Sat,12,278278,wisely
2026-07-18T20:21:39+00:00,2026-07-19T12:30:00-04:00,1208,20.1,Lunch,4,Sun,Sat,12,278278,wisely
2026-07-17T04:23:42+00:00,2026-07-19T12:45:00-04:00,3621,60.4,Lunch,2,Sun,Fri,12,278278,wisely
2026-07-17T04:23:43+00:00,2026-07-19T12:45:00-04:00,3621,60.4,Lunch,4,Sun,Fri,12,278278,wisely
2026-07-17T18:38:05+00:00,2026-07-19T13:00:00-04:00,2782,46.4,Lunch,2,Sun,Fri,13,278278,wisely
2026-07-17T18:38:06+00:00,2026-07-19T13:00:00-04:00,2782,46.4,Lunch,4,Sun,Fri,13,278278,wisely
2026-07-17T04:23:43+00:00,2026-07-19T13:15:00-04:00,3651,60.9,Lunch,2,Sun,Fri,13,278278,wisely
2026-07-17T04:23:44+00:00,2026-07-19T13:15:00-04:00,3651,60.9,Lunch,4,Sun,Fri,13,278278,wisely
2026-07-17T04:23:44+00:00,2026-07-19T13:30:00-04:00,3666,61.1,Lunch,2,Sun,Fri,13,278278,wisely
2026-07-17T04:23:46+00:00,2026-07-19T13:45:00-04:00,3681,61.4,Lunch,2,Sun,Fri,13,278278,wisely
2026-07-17T04:23:46+00:00,2026-07-19T13:45:00-04:00,3681,61.4,Lunch,4,Sun,Fri,13,278278,wisely
2026-07-17T04:23:47+00:00,2026-07-19T14:00:00-04:00,3696,61.6,Lunch,2,Sun,Fri,14,278278,wisely
2026-07-18T01:52:49+00:00,2026-07-19T14:00:00-04:00,2407,40.1,Lunch,4,Sun,Fri,14,278278,wisely
2026-07-17T04:23:48+00:00,2026-07-19T14:15:00-04:00,3711,61.9,Lunch,2,Sun,Fri,14,278278,wisely
2026-07-17T04:23:47+00:00,2026-07-19T14:15:00-04:00,3711,61.9,Lunch,4,Sun,Fri,14,278278,wisely
2026-07-19T14:03:55+00:00,2026-07-19T14:30:00-04:00,266,4.4,Lunch,2,Sun,Sun,14,278278,wisely
2026-07-17T22:26:34+00:00,2026-07-19T14:30:00-04:00,2643,44.1,Lunch,4,Sun,Fri,14,278278,wisely
2026-07-19T16:08:29+00:00,2026-07-19T14:45:00-04:00,157,2.6,Lunch,2,Sun,Sun,14,278278,wisely
2026-07-17T17:35:10+00:00,2026-07-19T14:45:00-04:00,2950,49.2,Lunch,4,Sun,Fri,14,278278,wisely
2026-07-19T17:12:28+00:00,2026-07-19T15:00:00-04:00,108,1.8,Lunch,2,Sun,Sun,15,278278,wisely
2026-07-19T18:10:59+00:00,2026-07-19T15:15:00-04:00,64,1.1,Lunch,2,Sun,Sun,15,278278,wisely
2026-07-19T18:10:59+00:00,2026-07-19T15:30:00-04:00,79,1.3,Lunch,2,Sun,Sun,15,278278,wisely
2026-07-19T17:12:29+00:00,2026-07-19T15:30:00-04:00,138,2.3,Lunch,4,Sun,Sun,15,278278,wisely
2026-07-19T18:10:59+00:00,2026-07-19T16:00:00-04:00,109,1.8,Lunch,4,Sun,Sun,16,278278,wisely
2026-07-18T15:09:57+00:00,2026-07-19T16:30:00-04:00,1760,29.3,Dinner,2,Sun,Sat,16,278278,wisely
2026-07-18T15:09:58+00:00,2026-07-19T16:30:00-04:00,1760,29.3,Dinner,4,Sun,Sat,16,278278,wisely
2026-07-18T23:05:29+00:00,2026-07-19T16:45:00-04:00,1300,21.7,Dinner,2,Sun,Sat,16,278278,wisely
2026-07-17T11:57:59+00:00,2026-07-19T17:00:00-04:00,3422,57.0,Dinner,2,Sun,Fri,17,278278,wisely
2026-07-17T11:57:59+00:00,2026-07-19T17:00:00-04:00,3422,57.0,Dinner,4,Sun,Fri,17,278278,wisely
2026-07-17T19:45:21+00:00,2026-07-19T17:15:00-04:00,2970,49.5,Dinner,2,Sun,Fri,17,278278,wisely
2026-07-17T19:45:21+00:00,2026-07-19T17:15:00-04:00,2970,49.5,Dinner,4,Sun,Fri,17,278278,wisely
2026-07-19T18:10:47+00:00,2026-07-19T17:30:00-04:00,199,3.3,Dinner,2,Sun,Sun,17,278278,wisely
2026-07-19T18:10:48+00:00,2026-07-19T17:30:00-04:00,199,3.3,Dinner,4,Sun,Sun,17,278278,wisely
2026-07-17T21:30:53+00:00,2026-07-19T17:45:00-04:00,2894,48.2,Dinner,2,Sun,Fri,17,278278,wisely
2026-07-17T21:30:54+00:00,2026-07-19T17:45:00-04:00,2894,48.2,Dinner,4,Sun,Fri,17,278278,wisely
2026-07-18T14:06:43+00:00,2026-07-19T18:00:00-04:00,1913,31.9,Dinner,2,Sun,Sat,18,278278,wisely
2026-07-18T14:06:45+00:00,2026-07-19T18:00:00-04:00,1913,31.9,Dinner,4,Sun,Sat,18,278278,wisely
2026-07-18T15:09:57+00:00,2026-07-19T18:15:00-04:00,1865,31.1,Dinner,2,Sun,Sat,18,278278,wisely
2026-07-18T22:31:45+00:00,2026-07-19T18:15:00-04:00,1423,23.7,Dinner,4,Sun,Sat,18,278278,wisely
2026-07-18T14:06:44+00:00,2026-07-19T18:30:00-04:00,1943,32.4,Dinner,2,Sun,Sat,18,278278,wisely
2026-07-18T14:06:45+00:00,2026-07-19T18:30:00-04:00,1943,32.4,Dinner,4,Sun,Sat,18,278278,wisely
2026-07-18T14:06:44+00:00,2026-07-19T19:00:00-04:00,1973,32.9,Dinner,2,Sun,Sat,19,278278,wisely
2026-07-18T19:29:24+00:00,2026-07-19T19:15:00-04:00,1666,27.8,Dinner,2,Sun,Sat,19,278278,wisely
2026-07-18T14:06:48+00:00,2026-07-19T19:45:00-04:00,2018,33.6,Dinner,2,Sun,Sat,19,278278,wisely
2026-07-18T14:06:46+00:00,2026-07-19T19:45:00-04:00,2018,33.6,Dinner,4,Sun,Sat,19,278278,wisely
2026-07-19T18:10:48+00:00,2026-07-19T20:00:00-04:00,349,5.8,Dinner,2,Sun,Sun,20,278278,wisely
2026-07-19T18:10:49+00:00,2026-07-19T20:00:00-04:00,349,5.8,Dinner,4,Sun,Sun,20,278278,wisely
2026-07-18T21:37:56+00:00,2026-07-19T20:15:00-04:00,1597,26.6,Dinner,2,Sun,Sat,20,278278,wisely
2026-07-18T21:37:57+00:00,2026-07-19T20:15:00-04:00,1597,26.6,Dinner,4,Sun,Sat,20,278278,wisely
2026-07-17T14:58:15+00:00,2026-07-19T20:45:00-04:00,3467,57.8,Dinner,2,Sun,Fri,20,278278,wisely
2026-07-17T14:58:15+00:00,2026-07-19T20:45:00-04:00,3467,57.8,Dinner,4,Sun,Fri,20,278278,wisely
2026-07-19T14:03:17+00:00,2026-07-19T21:00:00-04:00,657,10.9,Dinner,2,Sun,Sun,21,278278,wisely
2026-07-19T14:03:18+00:00,2026-07-19T21:00:00-04:00,657,10.9,Dinner,4,Sun,Sun,21,278278,wisely
2026-07-18T15:10:15+00:00,2026-07-19T21:15:00-04:00,2045,34.1,Dinner,2,Sun,Sat,21,278278,wisely
2026-07-18T15:10:11+00:00,2026-07-19T21:15:00-04:00,2045,34.1,Dinner,4,Sun,Sat,21,278278,wisely
2026-07-18T05:55:18+00:00,2026-07-20T11:30:00-04:00,3455,57.6,Lunch,2,Mon,Sat,11,278278,wisely
2026-07-18T05:55:20+00:00,2026-07-20T11:30:00-04:00,3455,57.6,Lunch,4,Mon,Sat,11,278278,wisely
2026-07-18T05:55:19+00:00,2026-07-20T11:45:00-04:00,3470,57.8,Lunch,2,Mon,Sat,11,278278,wisely
2026-07-18T05:55:20+00:00,2026-07-20T11:45:00-04:00,3470,57.8,Lunch,4,Mon,Sat,11,278278,wisely
2026-07-19T01:07:28+00:00,2026-07-20T12:00:00-04:00,2333,38.9,Lunch,2,Mon,Sat,12,278278,wisely
2026-07-19T01:07:29+00:00,2026-07-20T12:00:00-04:00,2333,38.9,Lunch,4,Mon,Sat,12,278278,wisely
2026-07-20T01:06:34+00:00,2026-07-20T12:15:00-04:00,908,15.1,Lunch,2,Mon,Sun,12,278278,wisely
2026-07-20T01:06:35+00:00,2026-07-20T12:15:00-04:00,908,15.1,Lunch,4,Mon,Sun,12,278278,wisely
2026-07-18T14:07:52+00:00,2026-07-20T12:30:00-04:00,3022,50.4,Lunch,2,Mon,Sat,12,278278,wisely
2026-07-20T12:54:38+00:00,2026-07-20T12:45:00-04:00,230,3.8,Lunch,2,Mon,Mon,12,278278,wisely
2026-07-20T12:54:40+00:00,2026-07-20T12:45:00-04:00,230,3.8,Lunch,4,Mon,Mon,12,278278,wisely
2026-07-19T15:11:17+00:00,2026-07-20T13:15:00-04:00,1564,26.1,Lunch,2,Mon,Sun,13,278278,wisely
2026-07-19T15:11:18+00:00,2026-07-20T13:15:00-04:00,1564,26.1,Lunch,4,Mon,Sun,13,278278,wisely
2026-07-18T05:55:19+00:00,2026-07-20T13:45:00-04:00,3590,59.8,Lunch,2,Mon,Sat,13,278278,wisely
2026-07-18T05:55:21+00:00,2026-07-20T13:45:00-04:00,3590,59.8,Lunch,4,Mon,Sat,13,278278,wisely
2026-07-18T05:55:23+00:00,2026-07-20T14:00:00-04:00,3605,60.1,Lunch,2,Mon,Sat,14,278278,wisely
2026-07-18T05:55:24+00:00,2026-07-20T14:00:00-04:00,3605,60.1,Lunch,4,Mon,Sat,14,278278,wisely
2026-07-18T05:55:24+00:00,2026-07-20T14:15:00-04:00,3620,60.3,Lunch,2,Mon,Sat,14,278278,wisely
2026-07-18T05:55:25+00:00,2026-07-20T14:15:00-04:00,3620,60.3,Lunch,4,Mon,Sat,14,278278,wisely
2026-07-18T18:12:26+00:00,2026-07-20T14:30:00-04:00,2898,48.3,Lunch,4,Mon,Sat,14,278278,wisely
2026-07-20T18:32:33+00:00,2026-07-20T14:45:00-04:00,12,0.2,Lunch,2,Mon,Mon,14,278278,wisely
2026-07-20T18:32:35+00:00,2026-07-20T14:45:00-04:00,12,0.2,Lunch,4,Mon,Mon,14,278278,wisely
2026-07-20T18:32:34+00:00,2026-07-20T15:00:00-04:00,27,0.5,Lunch,2,Mon,Mon,15,278278,wisely
2026-07-20T18:32:35+00:00,2026-07-20T15:00:00-04:00,27,0.5,Lunch,4,Mon,Mon,15,278278,wisely
2026-07-20T18:32:34+00:00,2026-07-20T15:15:00-04:00,42,0.7,Lunch,2,Mon,Mon,15,278278,wisely
2026-07-20T18:32:36+00:00,2026-07-20T15:15:00-04:00,42,0.7,Lunch,4,Mon,Mon,15,278278,wisely
2026-07-18T01:52:52+00:00,2026-07-20T16:45:00-04:00,4012,66.9,Dinner,2,Mon,Fri,16,278278,wisely
2026-07-18T01:52:53+00:00,2026-07-20T16:45:00-04:00,4012,66.9,Dinner,4,Mon,Fri,16,278278,wisely
2026-07-20T01:06:06+00:00,2026-07-20T18:00:00-04:00,1254,20.9,Dinner,2,Mon,Sun,18,278278,wisely
2026-07-19T14:04:01+00:00,2026-07-20T19:00:00-04:00,1976,32.9,Dinner,2,Mon,Sun,19,278278,wisely
2026-07-19T14:04:03+00:00,2026-07-20T19:00:00-04:00,1976,32.9,Dinner,4,Mon,Sun,19,278278,wisely
2026-07-19T16:08:45+00:00,2026-07-20T20:00:00-04:00,1911,31.9,Dinner,2,Mon,Sun,20,278278,wisely
2026-07-19T16:08:45+00:00,2026-07-20T20:00:00-04:00,1911,31.9,Dinner,4,Mon,Sun,20,278278,wisely
2026-07-20T10:34:51+00:00,2026-07-20T20:15:00-04:00,820,13.7,Dinner,2,Mon,Mon,20,278278,wisely
2026-07-20T10:34:52+00:00,2026-07-20T20:15:00-04:00,820,13.7,Dinner,4,Mon,Mon,20,278278,wisely
2026-07-19T15:10:43+00:00,2026-07-20T20:30:00-04:00,1999,33.3,Dinner,2,Mon,Sun,20,278278,wisely
2026-07-19T15:10:44+00:00,2026-07-20T20:30:00-04:00,1999,33.3,Dinner,4,Mon,Sun,20,278278,wisely
2026-07-19T15:10:43+00:00,2026-07-20T20:45:00-04:00,2014,33.6,Dinner,2,Mon,Sun,20,278278,wisely
2026-07-19T15:10:44+00:00,2026-07-20T20:45:00-04:00,2014,33.6,Dinner,4,Mon,Sun,20,278278,wisely
2026-07-17T04:23:49+00:00,2026-07-20T21:00:00-04:00,5556,92.6,Dinner,2,Mon,Fri,21,278278,wisely
2026-07-17T04:23:50+00:00,2026-07-20T21:00:00-04:00,5556,92.6,Dinner,4,Mon,Fri,21,278278,wisely
2026-07-17T04:23:49+00:00,2026-07-20T21:15:00-04:00,5571,92.9,Dinner,2,Mon,Fri,21,278278,wisely
2026-07-17T04:23:51+00:00,2026-07-20T21:15:00-04:00,5571,92.9,Dinner,4,Mon,Fri,21,278278,wisely
2026-07-17T04:23:50+00:00,2026-07-20T21:30:00-04:00,5586,93.1,Dinner,2,Mon,Fri,21,278278,wisely
2026-07-17T04:23:51+00:00,2026-07-20T21:30:00-04:00,5586,93.1,Dinner,4,Mon,Fri,21,278278,wisely
2026-07-17T04:23:57+00:00,2026-07-20T21:45:00-04:00,5601,93.4,Dinner,2,Mon,Fri,21,278278,wisely
2026-07-17T04:23:57+00:00,2026-07-20T21:45:00-04:00,5601,93.4,Dinner,4,Mon,Fri,21,278278,wisely
2026-07-20T01:13:21+00:00,2026-07-21T11:30:00-04:00,2297,38.3,Lunch,2,Tue,Sun,11,278278,wisely
2026-07-20T01:13:22+00:00,2026-07-21T11:30:00-04:00,2297,38.3,Lunch,4,Tue,Sun,11,278278,wisely
2026-07-20T15:03:21+00:00,2026-07-21T11:45:00-04:00,1482,24.7,Lunch,2,Tue,Mon,11,278278,wisely
2026-07-20T15:03:22+00:00,2026-07-21T11:45:00-04:00,1482,24.7,Lunch,4,Tue,Mon,11,278278,wisely
2026-07-21T04:26:39+00:00,2026-07-21T12:00:00-04:00,693,11.6,Lunch,2,Tue,Tue,12,278278,wisely
2026-07-21T04:26:40+00:00,2026-07-21T12:00:00-04:00,693,11.6,Lunch,4,Tue,Tue,12,278278,wisely
2026-07-20T18:33:06+00:00,2026-07-21T13:00:00-04:00,1347,22.4,Lunch,2,Tue,Mon,13,278278,wisely
2026-07-20T18:33:07+00:00,2026-07-21T13:00:00-04:00,1347,22.4,Lunch,4,Tue,Mon,13,278278,wisely
2026-07-19T06:19:41+00:00,2026-07-21T13:30:00-04:00,3550,59.2,Lunch,2,Tue,Sun,13,278278,wisely
2026-07-21T01:02:26+00:00,2026-07-21T13:30:00-04:00,988,16.5,Lunch,4,Tue,Mon,13,278278,wisely
2026-07-19T06:19:41+00:00,2026-07-21T13:45:00-04:00,3565,59.4,Lunch,2,Tue,Sun,13,278278,wisely
2026-07-19T06:19:42+00:00,2026-07-21T13:45:00-04:00,3565,59.4,Lunch,4,Tue,Sun,13,278278,wisely
2026-07-19T06:19:42+00:00,2026-07-21T14:00:00-04:00,3580,59.7,Lunch,2,Tue,Sun,14,278278,wisely
2026-07-19T06:19:42+00:00,2026-07-21T14:00:00-04:00,3580,59.7,Lunch,4,Tue,Sun,14,278278,wisely
2026-07-19T06:19:47+00:00,2026-07-21T14:15:00-04:00,3595,59.9,Lunch,2,Tue,Sun,14,278278,wisely
2026-07-19T06:19:43+00:00,2026-07-21T14:15:00-04:00,3595,59.9,Lunch,4,Tue,Sun,14,278278,wisely
2026-07-21T04:26:45+00:00,2026-07-21T14:30:00-04:00,843,14.1,Lunch,2,Tue,Tue,14,278278,wisely
2026-07-19T19:31:57+00:00,2026-07-21T14:30:00-04:00,2818,47.0,Lunch,4,Tue,Sun,14,278278,wisely
2026-07-21T17:49:14+00:00,2026-07-21T14:45:00-04:00,56,0.9,Lunch,2,Tue,Tue,14,278278,wisely
2026-07-21T17:49:15+00:00,2026-07-21T14:45:00-04:00,56,0.9,Lunch,4,Tue,Tue,14,278278,wisely
2026-07-21T18:58:16+00:00,2026-07-21T15:15:00-04:00,17,0.3,Lunch,2,Tue,Tue,15,278278,wisely
2026-07-21T18:58:18+00:00,2026-07-21T15:15:00-04:00,17,0.3,Lunch,4,Tue,Tue,15,278278,wisely
2026-07-21T18:58:17+00:00,2026-07-21T15:30:00-04:00,32,0.5,Lunch,2,Tue,Tue,15,278278,wisely
2026-07-21T18:58:19+00:00,2026-07-21T15:30:00-04:00,32,0.5,Lunch,4,Tue,Tue,15,278278,wisely
2026-07-21T18:58:17+00:00,2026-07-21T15:45:00-04:00,47,0.8,Lunch,2,Tue,Tue,15,278278,wisely
2026-07-21T18:58:19+00:00,2026-07-21T15:45:00-04:00,47,0.8,Lunch,4,Tue,Tue,15,278278,wisely
2026-07-20T12:55:04+00:00,2026-07-21T16:30:00-04:00,1895,31.6,Dinner,2,Tue,Mon,16,278278,wisely
2026-07-20T12:55:05+00:00,2026-07-21T16:30:00-04:00,1895,31.6,Dinner,4,Tue,Mon,16,278278,wisely
2026-07-20T22:14:29+00:00,2026-07-21T16:45:00-04:00,1351,22.5,Dinner,2,Tue,Mon,16,278278,wisely
2026-07-20T22:14:32+00:00,2026-07-21T16:45:00-04:00,1350,22.5,Dinner,4,Tue,Mon,16,278278,wisely
2026-07-20T16:42:48+00:00,2026-07-21T17:00:00-04:00,1697,28.3,Dinner,2,Tue,Mon,17,278278,wisely
2026-07-20T15:03:06+00:00,2026-07-21T17:30:00-04:00,1827,30.4,Dinner,2,Tue,Mon,17,278278,wisely
2026-07-20T15:03:07+00:00,2026-07-21T17:30:00-04:00,1827,30.4,Dinner,4,Tue,Mon,17,278278,wisely
2026-07-20T12:55:05+00:00,2026-07-21T18:15:00-04:00,2000,33.3,Dinner,2,Tue,Mon,18,278278,wisely
2026-07-20T12:55:06+00:00,2026-07-21T18:15:00-04:00,2000,33.3,Dinner,4,Tue,Mon,18,278278,wisely
2026-07-21T11:27:29+00:00,2026-07-21T19:15:00-04:00,708,11.8,Dinner,2,Tue,Tue,19,278278,wisely
2026-07-21T12:54:11+00:00,2026-07-21T20:45:00-04:00,711,11.8,Dinner,2,Tue,Tue,20,278278,wisely
2026-07-21T12:54:12+00:00,2026-07-21T20:45:00-04:00,711,11.8,Dinner,4,Tue,Tue,20,278278,wisely
2026-07-19T21:27:35+00:00,2026-07-21T21:00:00-04:00,3092,51.5,Dinner,2,Tue,Sun,21,278278,wisely
2026-07-19T21:27:36+00:00,2026-07-21T21:00:00-04:00,3092,51.5,Dinner,4,Tue,Sun,21,278278,wisely
2026-07-20T15:03:07+00:00,2026-07-21T21:15:00-04:00,2052,34.2,Dinner,2,Tue,Mon,21,278278,wisely
2026-07-20T15:03:08+00:00,2026-07-21T21:15:00-04:00,2052,34.2,Dinner,4,Tue,Mon,21,278278,wisely
2026-07-18T05:55:26+00:00,2026-07-21T21:30:00-04:00,5495,91.6,Dinner,2,Tue,Sat,21,278278,wisely
2026-07-18T05:55:27+00:00,2026-07-21T21:30:00-04:00,5495,91.6,Dinner,4,Tue,Sat,21,278278,wisely
2026-07-18T05:55:27+00:00,2026-07-21T21:45:00-04:00,5510,91.8,Dinner,2,Tue,Sat,21,278278,wisely
2026-07-18T05:55:28+00:00,2026-07-21T21:45:00-04:00,5510,91.8,Dinner,4,Tue,Sat,21,278278,wisely
2026-07-20T04:48:55+00:00,2026-07-22T11:30:00-04:00,3521,58.7,Lunch,2,Wed,Mon,11,278278,wisely
2026-07-20T04:48:55+00:00,2026-07-22T11:30:00-04:00,3521,58.7,Lunch,4,Wed,Mon,11,278278,wisely
2026-07-20T04:48:55+00:00,2026-07-22T11:45:00-04:00,3536,58.9,Lunch,2,Wed,Mon,11,278278,wisely
2026-07-20T04:48:56+00:00,2026-07-22T11:45:00-04:00,3536,58.9,Lunch,4,Wed,Mon,11,278278,wisely
2026-07-20T04:48:55+00:00,2026-07-22T13:00:00-04:00,3611,60.2,Lunch,2,Wed,Mon,13,278278,wisely
2026-07-20T04:48:56+00:00,2026-07-22T13:00:00-04:00,3611,60.2,Lunch,4,Wed,Mon,13,278278,wisely
2026-07-20T04:48:58+00:00,2026-07-22T13:15:00-04:00,3626,60.4,Lunch,2,Wed,Mon,13,278278,wisely
2026-07-20T04:48:59+00:00,2026-07-22T13:15:00-04:00,3626,60.4,Lunch,4,Wed,Mon,13,278278,wisely
2026-07-20T04:48:59+00:00,2026-07-22T13:30:00-04:00,3641,60.7,Lunch,2,Wed,Mon,13,278278,wisely
2026-07-20T04:48:59+00:00,2026-07-22T13:30:00-04:00,3641,60.7,Lunch,4,Wed,Mon,13,278278,wisely
2026-07-20T04:49:01+00:00,2026-07-22T13:45:00-04:00,3656,60.9,Lunch,2,Wed,Mon,13,278278,wisely
2026-07-20T04:49:01+00:00,2026-07-22T13:45:00-04:00,3656,60.9,Lunch,4,Wed,Mon,13,278278,wisely
2026-07-20T04:49:02+00:00,2026-07-22T14:00:00-04:00,3671,61.2,Lunch,2,Wed,Mon,14,278278,wisely
2026-07-20T04:49:02+00:00,2026-07-22T14:00:00-04:00,3671,61.2,Lunch,4,Wed,Mon,14,278278,wisely
2026-07-20T04:49:02+00:00,2026-07-22T14:15:00-04:00,3686,61.4,Lunch,2,Wed,Mon,14,278278,wisely
2026-07-20T04:49:03+00:00,2026-07-22T14:15:00-04:00,3686,61.4,Lunch,4,Wed,Mon,14,278278,wisely
2026-07-21T20:19:24+00:00,2026-07-22T14:30:00-04:00,1331,22.2,Lunch,2,Wed,Tue,14,278278,wisely
2026-07-21T20:19:21+00:00,2026-07-22T14:30:00-04:00,1331,22.2,Lunch,4,Wed,Tue,14,278278,wisely
2026-07-22T04:28:57+00:00,2026-07-22T14:45:00-04:00,856,14.3,Lunch,2,Wed,Wed,14,278278,wisely
2026-07-22T04:28:58+00:00,2026-07-22T14:45:00-04:00,856,14.3,Lunch,4,Wed,Wed,14,278278,wisely
2026-07-22T17:57:24+00:00,2026-07-22T15:00:00-04:00,63,1.0,Lunch,2,Wed,Wed,15,278278,wisely
2026-07-22T15:12:39+00:00,2026-07-22T15:00:00-04:00,227,3.8,Lunch,4,Wed,Wed,15,278278,wisely
2026-07-22T19:18:41+00:00,2026-07-22T15:30:00-04:00,11,0.2,Lunch,2,Wed,Wed,15,278278,wisely
2026-07-22T19:18:43+00:00,2026-07-22T15:30:00-04:00,11,0.2,Lunch,4,Wed,Wed,15,278278,wisely
2026-07-22T19:18:42+00:00,2026-07-22T15:45:00-04:00,26,0.4,Lunch,2,Wed,Wed,15,278278,wisely
2026-07-22T19:18:44+00:00,2026-07-22T15:45:00-04:00,26,0.4,Lunch,4,Wed,Wed,15,278278,wisely
2026-07-22T19:18:42+00:00,2026-07-22T16:00:00-04:00,41,0.7,Lunch,2,Wed,Wed,16,278278,wisely
2026-07-22T19:18:45+00:00,2026-07-22T16:00:00-04:00,41,0.7,Lunch,4,Wed,Wed,16,278278,wisely
2026-07-22T04:28:46+00:00,2026-07-22T16:30:00-04:00,961,16.0,Dinner,2,Wed,Wed,16,278278,wisely
2026-07-22T04:28:47+00:00,2026-07-22T16:30:00-04:00,961,16.0,Dinner,4,Wed,Wed,16,278278,wisely
2026-07-20T22:15:24+00:00,2026-07-22T16:45:00-04:00,2790,46.5,Dinner,2,Wed,Mon,16,278278,wisely
2026-07-20T22:15:25+00:00,2026-07-22T16:45:00-04:00,2790,46.5,Dinner,4,Wed,Mon,16,278278,wisely
2026-07-20T18:33:24+00:00,2026-07-22T19:15:00-04:00,3162,52.7,Dinner,2,Wed,Mon,19,278278,wisely
2026-07-21T12:54:38+00:00,2026-07-22T20:15:00-04:00,2120,35.3,Dinner,2,Wed,Tue,20,278278,wisely
2026-07-21T12:54:39+00:00,2026-07-22T20:15:00-04:00,2120,35.3,Dinner,4,Wed,Tue,20,278278,wisely
2026-07-20T04:48:43+00:00,2026-07-22T20:30:00-04:00,4061,67.7,Dinner,2,Wed,Mon,20,278278,wisely
2026-07-20T18:33:24+00:00,2026-07-22T21:00:00-04:00,3267,54.4,Dinner,2,Wed,Mon,21,278278,wisely
2026-07-20T18:33:25+00:00,2026-07-22T21:00:00-04:00,3267,54.4,Dinner,4,Wed,Mon,21,278278,wisely
2026-07-20T18:33:24+00:00,2026-07-22T21:15:00-04:00,3282,54.7,Dinner,2,Wed,Mon,21,278278,wisely
2026-07-20T18:33:25+00:00,2026-07-22T21:15:00-04:00,3282,54.7,Dinner,4,Wed,Mon,21,278278,wisely
2026-07-19T06:19:47+00:00,2026-07-22T21:30:00-04:00,5470,91.2,Dinner,2,Wed,Sun,21,278278,wisely
2026-07-19T06:19:48+00:00,2026-07-22T21:30:00-04:00,5470,91.2,Dinner,4,Wed,Sun,21,278278,wisely
2026-07-19T06:19:48+00:00,2026-07-22T21:45:00-04:00,5485,91.4,Dinner,2,Wed,Sun,21,278278,wisely
2026-07-19T06:19:48+00:00,2026-07-22T21:45:00-04:00,5485,91.4,Dinner,4,Wed,Sun,21,278278,wisely
2026-07-21T04:27:14+00:00,2026-07-23T11:30:00-04:00,3543,59.0,Lunch,2,Thu,Tue,11,278278,wisely
2026-07-21T04:27:15+00:00,2026-07-23T11:30:00-04:00,3543,59.0,Lunch,4,Thu,Tue,11,278278,wisely
2026-07-21T04:27:14+00:00,2026-07-23T11:45:00-04:00,3558,59.3,Lunch,2,Thu,Tue,11,278278,wisely
2026-07-21T04:27:16+00:00,2026-07-23T11:45:00-04:00,3558,59.3,Lunch,4,Thu,Tue,11,278278,wisely
2026-07-21T21:12:16+00:00,2026-07-23T12:00:00-04:00,2568,42.8,Lunch,2,Thu,Tue,12,278278,wisely
2026-07-21T21:12:17+00:00,2026-07-23T12:00:00-04:00,2568,42.8,Lunch,4,Thu,Tue,12,278278,wisely
2026-07-22T13:01:34+00:00,2026-07-23T12:45:00-04:00,1663,27.7,Lunch,2,Thu,Wed,12,278278,wisely
2026-07-22T13:01:36+00:00,2026-07-23T12:45:00-04:00,1663,27.7,Lunch,4,Thu,Wed,12,278278,wisely
2026-07-21T20:19:37+00:00,2026-07-23T13:00:00-04:00,2680,44.7,Lunch,2,Thu,Tue,13,278278,wisely
2026-07-21T04:27:15+00:00,2026-07-23T13:30:00-04:00,3663,61.0,Lunch,2,Thu,Tue,13,278278,wisely
2026-07-21T04:27:18+00:00,2026-07-23T13:45:00-04:00,3678,61.3,Lunch,2,Thu,Tue,13,278278,wisely
2026-07-21T04:27:16+00:00,2026-07-23T13:45:00-04:00,3678,61.3,Lunch,4,Thu,Tue,13,278278,wisely
2026-07-21T04:27:19+00:00,2026-07-23T14:00:00-04:00,3693,61.5,Lunch,2,Thu,Tue,14,278278,wisely
2026-07-21T04:27:20+00:00,2026-07-23T14:00:00-04:00,3693,61.5,Lunch,4,Thu,Tue,14,278278,wisely
2026-07-21T04:27:22+00:00,2026-07-23T14:15:00-04:00,3708,61.8,Lunch,2,Thu,Tue,14,278278,wisely
2026-07-21T04:27:21+00:00,2026-07-23T14:15:00-04:00,3708,61.8,Lunch,4,Thu,Tue,14,278278,wisely
2026-07-23T16:51:05+00:00,2026-07-23T14:30:00-04:00,99,1.6,Lunch,2,Thu,Thu,14,278278,wisely
2026-07-22T16:52:13+00:00,2026-07-23T14:30:00-04:00,1538,25.6,Lunch,4,Thu,Wed,14,278278,wisely
2026-07-23T16:51:06+00:00,2026-07-23T14:45:00-04:00,114,1.9,Lunch,2,Thu,Thu,14,278278,wisely
2026-07-23T16:51:07+00:00,2026-07-23T14:45:00-04:00,114,1.9,Lunch,4,Thu,Thu,14,278278,wisely
2026-07-22T15:12:53+00:00,2026-07-23T16:30:00-04:00,1757,29.3,Dinner,2,Thu,Wed,16,278278,wisely
2026-07-22T15:12:54+00:00,2026-07-23T16:30:00-04:00,1757,29.3,Dinner,4,Thu,Wed,16,278278,wisely
2026-07-20T23:19:07+00:00,2026-07-23T16:45:00-04:00,4166,69.4,Dinner,2,Thu,Mon,16,278278,wisely
2026-07-20T20:11:19+00:00,2026-07-23T17:15:00-04:00,4384,73.1,Dinner,2,Thu,Mon,17,278278,wisely
2026-07-23T07:09:39+00:00,2026-07-23T17:45:00-04:00,875,14.6,Dinner,2,Thu,Thu,17,278278,wisely
2026-07-22T15:12:53+00:00,2026-07-23T18:30:00-04:00,1877,31.3,Dinner,2,Thu,Wed,18,278278,wisely
2026-07-22T15:12:54+00:00,2026-07-23T18:30:00-04:00,1877,31.3,Dinner,4,Thu,Wed,18,278278,wisely
2026-07-21T12:55:05+00:00,2026-07-23T19:00:00-04:00,3485,58.1,Dinner,2,Thu,Tue,19,278278,wisely
2026-07-21T07:10:17+00:00,2026-07-23T19:15:00-04:00,3845,64.1,Dinner,2,Thu,Tue,19,278278,wisely
2026-07-22T19:18:50+00:00,2026-07-23T20:45:00-04:00,1766,29.4,Dinner,2,Thu,Wed,20,278278,wisely
2026-07-21T09:37:26+00:00,2026-07-23T21:00:00-04:00,3803,63.4,Dinner,2,Thu,Tue,21,278278,wisely
2026-07-21T09:37:27+00:00,2026-07-23T21:00:00-04:00,3803,63.4,Dinner,4,Thu,Tue,21,278278,wisely
2026-07-20T04:49:03+00:00,2026-07-23T21:45:00-04:00,5576,92.9,Dinner,2,Thu,Mon,21,278278,wisely
2026-07-20T04:49:04+00:00,2026-07-23T21:45:00-04:00,5576,92.9,Dinner,4,Thu,Mon,21,278278,wisely
2026-07-22T04:29:23+00:00,2026-07-24T11:30:00-04:00,3541,59.0,Lunch,2,Fri,Wed,11,278278,wisely
2026-07-22T04:29:25+00:00,2026-07-24T11:30:00-04:00,3541,59.0,Lunch,4,Fri,Wed,11,278278,wisely
2026-07-22T04:29:24+00:00,2026-07-24T11:45:00-04:00,3556,59.3,Lunch,2,Fri,Wed,11,278278,wisely
2026-07-22T04:29:25+00:00,2026-07-24T11:45:00-04:00,3556,59.3,Lunch,4,Fri,Wed,11,278278,wisely
2026-07-23T01:12:48+00:00,2026-07-24T12:00:00-04:00,2327,38.8,Lunch,2,Fri,Wed,12,278278,wisely
2026-07-23T01:13:00+00:00,2026-07-24T12:00:00-04:00,2327,38.8,Lunch,4,Fri,Wed,12,278278,wisely
2026-07-22T04:29:24+00:00,2026-07-24T12:15:00-04:00,3586,59.8,Lunch,2,Fri,Wed,12,278278,wisely
2026-07-22T04:29:25+00:00,2026-07-24T12:15:00-04:00,3586,59.8,Lunch,4,Fri,Wed,12,278278,wisely
2026-07-24T15:54:48+00:00,2026-07-24T12:30:00-04:00,35,0.6,Dinner,2,Fri,Fri,12,278278,wisely
2026-07-23T16:51:36+00:00,2026-07-24T12:30:00-04:00,1418,23.6,Lunch,2,Fri,Thu,12,278278,wisely
2026-07-23T16:51:36+00:00,2026-07-24T12:30:00-04:00,1418,23.6,Lunch,4,Fri,Thu,12,278278,wisely
2026-07-22T04:29:27+00:00,2026-07-24T12:45:00-04:00,3616,60.3,Lunch,2,Fri,Wed,12,278278,wisely
2026-07-24T15:54:48+00:00,2026-07-24T13:00:00-04:00,65,1.1,Dinner,2,Fri,Fri,13,278278,wisely
2026-07-22T04:29:29+00:00,2026-07-24T13:15:00-04:00,3646,60.8,Lunch,2,Fri,Wed,13,278278,wisely
2026-07-22T04:29:28+00:00,2026-07-24T13:15:00-04:00,3646,60.8,Lunch,4,Fri,Wed,13,278278,wisely
2026-07-24T15:54:49+00:00,2026-07-24T13:30:00-04:00,95,1.6,Dinner,2,Fri,Fri,13,278278,wisely
2026-07-23T21:42:15+00:00,2026-07-24T13:30:00-04:00,1188,19.8,Lunch,2,Fri,Thu,13,278278,wisely
2026-07-23T21:42:16+00:00,2026-07-24T13:30:00-04:00,1188,19.8,Lunch,4,Fri,Thu,13,278278,wisely
2026-07-22T04:29:30+00:00,2026-07-24T13:45:00-04:00,3675,61.3,Lunch,2,Fri,Wed,13,278278,wisely
2026-07-22T04:29:30+00:00,2026-07-24T13:45:00-04:00,3675,61.3,Lunch,4,Fri,Wed,13,278278,wisely
2026-07-22T04:29:31+00:00,2026-07-24T14:00:00-04:00,3690,61.5,Lunch,2,Fri,Wed,14,278278,wisely
2026-07-22T04:29:31+00:00,2026-07-24T14:00:00-04:00,3690,61.5,Lunch,4,Fri,Wed,14,278278,wisely
2026-07-22T04:29:32+00:00,2026-07-24T14:15:00-04:00,3705,61.8,Lunch,2,Fri,Wed,14,278278,wisely
2026-07-22T04:29:33+00:00,2026-07-24T14:15:00-04:00,3705,61.8,Lunch,4,Fri,Wed,14,278278,wisely
2026-07-24T14:28:42+00:00,2026-07-24T14:30:00-04:00,241,4.0,Lunch,2,Fri,Fri,14,278278,wisely
2026-07-24T14:28:43+00:00,2026-07-24T14:30:00-04:00,241,4.0,Lunch,4,Fri,Fri,14,278278,wisely
2026-07-24T14:28:43+00:00,2026-07-24T14:45:00-04:00,256,4.3,Lunch,2,Fri,Fri,14,278278,wisely
2026-07-24T14:28:44+00:00,2026-07-24T14:45:00-04:00,256,4.3,Lunch,4,Fri,Fri,14,278278,wisely
2026-07-23T16:51:19+00:00,2026-07-24T16:45:00-04:00,1674,27.9,Dinner,2,Fri,Thu,16,278278,wisely
2026-07-23T16:51:20+00:00,2026-07-24T16:45:00-04:00,1674,27.9,Dinner,4,Fri,Thu,16,278278,wisely
2026-07-24T01:06:04+00:00,2026-07-24T19:00:00-04:00,1314,21.9,Dinner,2,Fri,Thu,19,278278,wisely
2026-07-22T13:02:06+00:00,2026-07-24T20:00:00-04:00,3538,59.0,Dinner,2,Fri,Wed,20,278278,wisely
2026-07-22T13:02:07+00:00,2026-07-24T20:00:00-04:00,3538,59.0,Dinner,4,Fri,Wed,20,278278,wisely
2026-07-24T12:48:51+00:00,2026-07-24T20:45:00-04:00,716,11.9,Dinner,2,Fri,Fri,20,278278,wisely
2026-07-24T12:48:52+00:00,2026-07-24T20:45:00-04:00,716,11.9,Dinner,4,Fri,Fri,20,278278,wisely
2026-07-23T18:03:33+00:00,2026-07-24T21:00:00-04:00,1856,30.9,Dinner,2,Fri,Thu,21,278278,wisely
2026-07-23T18:03:33+00:00,2026-07-24T21:00:00-04:00,1856,30.9,Dinner,4,Fri,Thu,21,278278,wisely
2026-07-23T04:32:28+00:00,2026-07-25T11:30:00-04:00,3538,59.0,Lunch,2,Sat,Thu,11,278278,wisely
2026-07-24T14:28:57+00:00,2026-07-25T11:30:00-04:00,1501,25.0,Lunch,4,Sat,Fri,11,278278,wisely
2026-07-23T04:32:28+00:00,2026-07-25T11:45:00-04:00,3553,59.2,Lunch,2,Sat,Thu,11,278278,wisely
2026-07-23T04:32:28+00:00,2026-07-25T11:45:00-04:00,3553,59.2,Lunch,4,Sat,Thu,11,278278,wisely
2026-07-23T04:32:28+00:00,2026-07-25T12:00:00-04:00,3568,59.5,Lunch,2,Sat,Thu,12,278278,wisely
2026-07-23T04:32:29+00:00,2026-07-25T12:00:00-04:00,3568,59.5,Lunch,4,Sat,Thu,12,278278,wisely
2026-07-23T04:32:30+00:00,2026-07-25T12:15:00-04:00,3582,59.7,Lunch,2,Sat,Thu,12,278278,wisely
2026-07-23T04:32:29+00:00,2026-07-25T12:15:00-04:00,3583,59.7,Lunch,4,Sat,Thu,12,278278,wisely
2026-07-23T04:32:31+00:00,2026-07-25T12:30:00-04:00,3597,60.0,Lunch,2,Sat,Thu,12,278278,wisely
2026-07-23T04:32:31+00:00,2026-07-25T12:30:00-04:00,3597,60.0,Lunch,4,Sat,Thu,12,278278,wisely
2026-07-23T04:32:31+00:00,2026-07-25T12:45:00-04:00,3612,60.2,Lunch,2,Sat,Thu,12,278278,wisely
2026-07-24T14:29:07+00:00,2026-07-25T13:00:00-04:00,1591,26.5,Lunch,2,Sat,Fri,13,278278,wisely
2026-07-23T04:32:33+00:00,2026-07-25T13:15:00-04:00,3642,60.7,Lunch,2,Sat,Thu,13,278278,wisely
2026-07-25T14:18:04+00:00,2026-07-25T13:30:00-04:00,192,3.2,Dinner,2,Sat,Sat,13,278278,wisely
2026-07-23T04:32:33+00:00,2026-07-25T13:30:00-04:00,3657,61.0,Lunch,2,Sat,Thu,13,278278,wisely
2026-07-23T04:32:34+00:00,2026-07-25T13:45:00-04:00,3672,61.2,Lunch,2,Sat,Thu,13,278278,wisely
2026-07-23T04:32:33+00:00,2026-07-25T13:45:00-04:00,3672,61.2,Lunch,4,Sat,Thu,13,278278,wisely
2026-07-24T17:24:21+00:00,2026-07-25T14:00:00-04:00,1476,24.6,Lunch,2,Sat,Fri,14,278278,wisely
2026-07-24T17:24:20+00:00,2026-07-25T14:00:00-04:00,1476,24.6,Lunch,4,Sat,Fri,14,278278,wisely
2026-07-23T04:32:35+00:00,2026-07-25T14:15:00-04:00,3702,61.7,Lunch,2,Sat,Thu,14,278278,wisely
2026-07-24T14:29:10+00:00,2026-07-25T14:15:00-04:00,1666,27.8,Lunch,4,Sat,Fri,14,278278,wisely
2026-07-24T15:55:24+00:00,2026-07-25T14:30:00-04:00,1595,26.6,Lunch,2,Sat,Fri,14,278278,wisely
2026-07-24T15:55:22+00:00,2026-07-25T14:30:00-04:00,1595,26.6,Lunch,4,Sat,Fri,14,278278,wisely
2026-07-23T22:39:36+00:00,2026-07-25T14:45:00-04:00,2645,44.1,Lunch,2,Sat,Thu,14,278278,wisely
2026-07-23T22:39:33+00:00,2026-07-25T14:45:00-04:00,2645,44.1,Lunch,4,Sat,Thu,14,278278,wisely
2026-07-25T01:03:59+00:00,2026-07-25T19:45:00+00:00,1121,18.7,Lunch,2,Sat,Fri,15,278278,wisely
2026-07-24T14:28:46+00:00,2026-07-25T16:30:00-04:00,1801,30.0,Dinner,2,Sat,Fri,16,278278,wisely
2026-07-24T14:28:46+00:00,2026-07-25T16:45:00-04:00,1816,30.3,Dinner,2,Sat,Fri,16,278278,wisely
2026-07-25T01:03:25+00:00,2026-07-26T00:45:00+00:00,1422,23.7,Dinner,2,Sat,Fri,20,278278,wisely
2026-07-24T14:28:47+00:00,2026-07-25T21:15:00-04:00,2086,34.8,Dinner,2,Sat,Fri,21,278278,wisely
2026-07-24T14:28:47+00:00,2026-07-25T21:15:00-04:00,2086,34.8,Dinner,4,Sat,Fri,21,278278,wisely
2026-07-23T16:51:46+00:00,2026-07-25T21:30:00-04:00,3398,56.6,Dinner,2,Sat,Thu,21,278278,wisely
2026-07-23T16:51:46+00:00,2026-07-25T21:30:00-04:00,3398,56.6,Dinner,4,Sat,Thu,21,278278,wisely
2026-07-23T15:22:06+00:00,2026-07-25T21:45:00-04:00,3503,58.4,Dinner,2,Sat,Thu,21,278278,wisely
2026-07-23T15:22:07+00:00,2026-07-25T21:45:00-04:00,3503,58.4,Dinner,4,Sat,Thu,21,278278,wisely
2026-07-24T04:27:40+00:00,2026-07-26T11:30:00-04:00,3542,59.0,Lunch,2,Sun,Fri,11,278278,wisely
2026-07-26T15:16:19+00:00,2026-07-26T11:30:00-04:00,14,0.2,Lunch,4,Sun,Sun,11,278278,wisely
2026-07-24T04:27:41+00:00,2026-07-26T11:45:00-04:00,3557,59.3,Lunch,2,Sun,Fri,11,278278,wisely
2026-07-24T04:27:42+00:00,2026-07-26T11:45:00-04:00,3557,59.3,Lunch,4,Sun,Fri,11,278278,wisely
2026-07-24T04:27:41+00:00,2026-07-26T12:00:00-04:00,3572,59.5,Lunch,2,Sun,Fri,12,278278,wisely
2026-07-24T04:27:42+00:00,2026-07-26T12:00:00-04:00,3572,59.5,Lunch,4,Sun,Fri,12,278278,wisely
2026-07-24T04:27:44+00:00,2026-07-26T12:15:00-04:00,3587,59.8,Lunch,2,Sun,Fri,12,278278,wisely
2026-07-24T04:27:43+00:00,2026-07-26T12:15:00-04:00,3587,59.8,Lunch,4,Sun,Fri,12,278278,wisely
2026-07-25T14:18:44+00:00,2026-07-26T12:30:00-04:00,1571,26.2,Lunch,2,Sun,Sat,12,278278,wisely
2026-07-24T22:16:24+00:00,2026-07-26T13:00:00-04:00,2564,42.7,Lunch,2,Sun,Fri,13,278278,wisely
2026-07-24T22:16:25+00:00,2026-07-26T13:00:00-04:00,2564,42.7,Lunch,4,Sun,Fri,13,278278,wisely
2026-07-24T04:27:45+00:00,2026-07-26T13:15:00-04:00,3647,60.8,Lunch,2,Sun,Fri,13,278278,wisely
2026-07-24T04:27:46+00:00,2026-07-26T13:15:00-04:00,3647,60.8,Lunch,4,Sun,Fri,13,278278,wisely
2026-07-24T04:27:46+00:00,2026-07-26T13:30:00-04:00,3662,61.0,Lunch,2,Sun,Fri,13,278278,wisely
2026-07-24T04:27:47+00:00,2026-07-26T13:30:00-04:00,3662,61.0,Lunch,4,Sun,Fri,13,278278,wisely
2026-07-24T04:27:47+00:00,2026-07-26T13:45:00-04:00,3677,61.3,Lunch,2,Sun,Fri,13,278278,wisely
2026-07-24T04:27:49+00:00,2026-07-26T14:00:00-04:00,3692,61.5,Lunch,2,Sun,Fri,14,278278,wisely
2026-07-24T04:27:48+00:00,2026-07-26T14:00:00-04:00,3692,61.5,Lunch,4,Sun,Fri,14,278278,wisely
2026-07-24T04:27:50+00:00,2026-07-26T14:15:00-04:00,3707,61.8,Lunch,2,Sun,Fri,14,278278,wisely
2026-07-24T04:27:50+00:00,2026-07-26T14:15:00-04:00,3707,61.8,Lunch,4,Sun,Fri,14,278278,wisely
2026-07-26T01:14:54+00:00,2026-07-26T18:30:00+00:00,1035,17.3,Lunch,2,Sun,Sat,14,278278,wisely
2026-07-25T17:32:35+00:00,2026-07-26T14:30:00-04:00,1497,25.0,Lunch,4,Sun,Sat,14,278278,wisely
2026-07-25T18:30:36+00:00,2026-07-26T14:45:00-04:00,1454,24.2,Lunch,4,Sun,Sat,14,278278,wisely
2026-07-26T15:16:19+00:00,2026-07-26T15:15:00-04:00,239,4.0,Lunch,2,Sun,Sun,15,278278,wisely
2026-07-26T15:16:20+00:00,2026-07-26T15:15:00-04:00,239,4.0,Lunch,4,Sun,Sun,15,278278,wisely
2026-07-26T07:27:51+00:00,2026-07-26T16:00:00-04:00,752,12.5,Lunch,4,Sun,Sun,16,278278,wisely
2026-07-24T07:09:21+00:00,2026-07-26T16:30:00-04:00,3681,61.3,Dinner,2,Sun,Fri,16,278278,wisely
2026-07-24T07:09:22+00:00,2026-07-26T16:30:00-04:00,3681,61.3,Dinner,4,Sun,Fri,16,278278,wisely
2026-07-25T14:18:22+00:00,2026-07-26T16:45:00-04:00,1827,30.4,Dinner,2,Sun,Sat,16,278278,wisely
2026-07-25T14:18:23+00:00,2026-07-26T16:45:00-04:00,1827,30.4,Dinner,4,Sun,Sat,16,278278,wisely
2026-07-25T14:18:22+00:00,2026-07-26T17:15:00-04:00,1857,30.9,Dinner,2,Sun,Sat,17,278278,wisely
2026-07-25T14:18:23+00:00,2026-07-26T17:15:00-04:00,1857,30.9,Dinner,4,Sun,Sat,17,278278,wisely
2026-07-25T14:18:23+00:00,2026-07-26T18:00:00-04:00,1902,31.7,Dinner,2,Sun,Sat,18,278278,wisely
2026-07-24T22:15:56+00:00,2026-07-26T19:15:00-04:00,2939,49.0,Dinner,2,Sun,Fri,19,278278,wisely
2026-07-24T22:15:57+00:00,2026-07-26T19:15:00-04:00,2939,49.0,Dinner,4,Sun,Fri,19,278278,wisely
2026-07-25T14:18:27+00:00,2026-07-26T20:00:00-04:00,2022,33.7,Dinner,2,Sun,Sat,20,278278,wisely
2026-07-26T01:14:24+00:00,2026-07-27T00:45:00+00:00,1411,23.5,Dinner,2,Sun,Sat,20,278278,wisely
2026-07-26T01:14:26+00:00,2026-07-27T00:45:00+00:00,1411,23.5,Dinner,4,Sun,Sat,20,278278,wisely
2026-07-25T14:18:28+00:00,2026-07-26T21:00:00-04:00,2082,34.7,Dinner,2,Sun,Sat,21,278278,wisely
2026-07-25T14:18:24+00:00,2026-07-26T21:00:00-04:00,2082,34.7,Dinner,4,Sun,Sat,21,278278,wisely
2026-07-23T04:32:36+00:00,2026-07-26T21:15:00-04:00,5562,92.7,Dinner,2,Sun,Thu,21,278278,wisely
2026-07-23T04:32:36+00:00,2026-07-26T21:15:00-04:00,5562,92.7,Dinner,4,Sun,Thu,21,278278,wisely
2026-07-25T04:25:43+00:00,2026-07-27T11:30:00-04:00,3544,59.1,Lunch,2,Mon,Sat,11,278278,wisely
2026-07-25T04:25:44+00:00,2026-07-27T11:30:00-04:00,3544,59.1,Lunch,4,Mon,Sat,11,278278,wisely
2026-07-25T04:25:43+00:00,2026-07-27T11:45:00-04:00,3559,59.3,Lunch,2,Mon,Sat,11,278278,wisely
2026-07-25T04:25:44+00:00,2026-07-27T11:45:00-04:00,3559,59.3,Lunch,4,Mon,Sat,11,278278,wisely
2026-07-25T04:25:43+00:00,2026-07-27T12:00:00-04:00,3574,59.6,Lunch,2,Mon,Sat,12,278278,wisely
2026-07-25T04:25:44+00:00,2026-07-27T12:00:00-04:00,3574,59.6,Lunch,4,Mon,Sat,12,278278,wisely
2026-07-25T04:25:46+00:00,2026-07-27T12:15:00-04:00,3589,59.8,Lunch,2,Mon,Sat,12,278278,wisely
2026-07-25T04:25:46+00:00,2026-07-27T12:15:00-04:00,3589,59.8,Lunch,4,Mon,Sat,12,278278,wisely
2026-07-25T04:25:47+00:00,2026-07-27T12:30:00-04:00,3604,60.1,Lunch,2,Mon,Sat,12,278278,wisely
2026-07-25T04:25:47+00:00,2026-07-27T12:30:00-04:00,3604,60.1,Lunch,4,Mon,Sat,12,278278,wisely
2026-07-25T04:25:48+00:00,2026-07-27T12:45:00-04:00,3619,60.3,Lunch,2,Mon,Sat,12,278278,wisely
2026-07-25T04:25:48+00:00,2026-07-27T12:45:00-04:00,3619,60.3,Lunch,4,Mon,Sat,12,278278,wisely
2026-07-26T20:41:06+00:00,2026-07-27T13:00:00-04:00,1219,20.3,Lunch,2,Mon,Sun,13,278278,wisely
2026-07-26T20:41:07+00:00,2026-07-27T13:00:00-04:00,1219,20.3,Lunch,4,Mon,Sun,13,278278,wisely
2026-07-25T04:25:49+00:00,2026-07-27T13:30:00-04:00,3664,61.1,Lunch,2,Mon,Sat,13,278278,wisely
2026-07-25T04:25:50+00:00,2026-07-27T13:30:00-04:00,3664,61.1,Lunch,4,Mon,Sat,13,278278,wisely
2026-07-25T04:25:50+00:00,2026-07-27T13:45:00-04:00,3679,61.3,Lunch,2,Mon,Sat,13,278278,wisely
2026-07-25T04:25:51+00:00,2026-07-27T13:45:00-04:00,3679,61.3,Lunch,4,Mon,Sat,13,278278,wisely
2026-07-25T04:25:51+00:00,2026-07-27T14:00:00-04:00,3694,61.6,Lunch,2,Mon,Sat,14,278278,wisely
2026-07-25T04:25:52+00:00,2026-07-27T14:00:00-04:00,3694,61.6,Lunch,4,Mon,Sat,14,278278,wisely
2026-07-25T04:25:53+00:00,2026-07-27T14:15:00-04:00,3709,61.8,Lunch,2,Mon,Sat,14,278278,wisely
2026-07-25T04:25:53+00:00,2026-07-27T14:15:00-04:00,3709,61.8,Lunch,4,Mon,Sat,14,278278,wisely
2026-07-27T18:08:07+00:00,2026-07-27T14:30:00-04:00,22,0.4,Lunch,2,Mon,Mon,14,278278,wisely
2026-07-27T18:08:08+00:00,2026-07-27T14:30:00-04:00,22,0.4,Lunch,4,Mon,Mon,14,278278,wisely
2026-07-27T18:08:07+00:00,2026-07-27T14:45:00-04:00,37,0.6,Lunch,2,Mon,Mon,14,278278,wisely
2026-07-27T18:08:08+00:00,2026-07-27T14:45:00-04:00,37,0.6,Lunch,4,Mon,Mon,14,278278,wisely
2026-07-27T18:08:07+00:00,2026-07-27T15:00:00-04:00,52,0.9,Lunch,2,Mon,Mon,15,278278,wisely
2026-07-27T18:08:08+00:00,2026-07-27T15:00:00-04:00,52,0.9,Lunch,4,Mon,Mon,15,278278,wisely
2026-07-24T04:27:51+00:00,2026-07-27T16:30:00-04:00,5282,88.0,Dinner,2,Mon,Fri,16,278278,wisely
2026-07-24T04:27:52+00:00,2026-07-27T16:30:00-04:00,5282,88.0,Dinner,4,Mon,Fri,16,278278,wisely
2026-07-25T19:45:53+00:00,2026-07-27T16:45:00-04:00,2939,49.0,Dinner,2,Mon,Sat,16,278278,wisely
2026-07-25T19:45:54+00:00,2026-07-27T16:45:00-04:00,2939,49.0,Dinner,4,Mon,Sat,16,278278,wisely
2026-07-26T15:16:33+00:00,2026-07-27T17:00:00-04:00,1783,29.7,Dinner,2,Mon,Sun,17,278278,wisely
2026-07-26T15:16:34+00:00,2026-07-27T17:00:00-04:00,1783,29.7,Dinner,4,Mon,Sun,17,278278,wisely
2026-07-27T04:55:22+00:00,2026-07-27T17:15:00-04:00,980,16.3,Dinner,2,Mon,Mon,17,278278,wisely
2026-07-27T04:55:24+00:00,2026-07-27T17:15:00-04:00,980,16.3,Dinner,4,Mon,Mon,17,278278,wisely
2026-07-26T14:02:10+00:00,2026-07-27T17:30:00-04:00,1888,31.5,Dinner,2,Mon,Sun,17,278278,wisely
2026-07-26T17:26:49+00:00,2026-07-27T17:30:00-04:00,1683,28.1,Dinner,4,Mon,Sun,17,278278,wisely
2026-07-24T12:51:01+00:00,2026-07-27T17:45:00-04:00,4854,80.9,Dinner,2,Mon,Fri,17,278278,wisely
2026-07-26T23:09:47+00:00,2026-07-27T17:45:00-04:00,1355,22.6,Dinner,4,Mon,Sun,17,278278,wisely
2026-07-26T15:16:35+00:00,2026-07-27T18:00:00-04:00,1843,30.7,Dinner,2,Mon,Sun,18,278278,wisely
2026-07-26T22:39:49+00:00,2026-07-27T18:30:00-04:00,1430,23.8,Dinner,2,Mon,Sun,18,278278,wisely
2026-07-26T23:09:47+00:00,2026-07-27T20:00:00-04:00,1490,24.8,Dinner,2,Mon,Sun,20,278278,wisely
2026-07-26T14:02:10+00:00,2026-07-27T20:15:00-04:00,2053,34.2,Dinner,2,Mon,Sun,20,278278,wisely
2026-07-26T14:02:11+00:00,2026-07-27T20:15:00-04:00,2053,34.2,Dinner,4,Mon,Sun,20,278278,wisely
2026-07-27T11:51:38+00:00,2026-07-27T21:00:00-04:00,788,13.1,Dinner,2,Mon,Mon,21,278278,wisely
2026-07-27T11:51:40+00:00,2026-07-27T21:00:00-04:00,788,13.1,Dinner,4,Mon,Mon,21,278278,wisely
2026-07-26T15:16:39+00:00,2026-07-27T21:15:00-04:00,2038,34.0,Dinner,2,Mon,Sun,21,278278,wisely
2026-07-24T04:27:51+00:00,2026-07-27T21:30:00-04:00,5582,93.0,Dinner,2,Mon,Fri,21,278278,wisely
2026-07-24T04:27:52+00:00,2026-07-27T21:30:00-04:00,5582,93.0,Dinner,4,Mon,Fri,21,278278,wisely
2026-07-24T04:27:51+00:00,2026-07-27T21:45:00-04:00,5597,93.3,Dinner,2,Mon,Fri,21,278278,wisely
2026-07-24T04:27:52+00:00,2026-07-27T21:45:00-04:00,5597,93.3,Dinner,4,Mon,Fri,21,278278,wisely
2026-07-28T01:00:10+00:00,2026-07-28T11:30:00-04:00,870,14.5,Lunch,2,Tue,Mon,11,278278,wisely
2026-07-28T01:00:12+00:00,2026-07-28T11:30:00-04:00,870,14.5,Lunch,4,Tue,Mon,11,278278,wisely
2026-07-28T01:00:11+00:00,2026-07-28T13:00:00-04:00,960,16.0,Lunch,2,Tue,Mon,13,278278,wisely
2026-07-28T01:00:12+00:00,2026-07-28T13:00:00-04:00,960,16.0,Lunch,4,Tue,Mon,13,278278,wisely
2026-07-26T04:47:17+00:00,2026-07-28T13:30:00-04:00,3643,60.7,Lunch,2,Tue,Sun,13,278278,wisely
2026-07-26T04:47:17+00:00,2026-07-28T13:30:00-04:00,3643,60.7,Lunch,4,Tue,Sun,13,278278,wisely
2026-07-26T04:47:17+00:00,2026-07-28T13:45:00-04:00,3658,61.0,Lunch,2,Tue,Sun,13,278278,wisely
2026-07-26T04:47:17+00:00,2026-07-28T13:45:00-04:00,3658,61.0,Lunch,4,Tue,Sun,13,278278,wisely
2026-07-26T04:47:17+00:00,2026-07-28T14:00:00-04:00,3673,61.2,Lunch,2,Tue,Sun,14,278278,wisely
2026-07-26T04:47:18+00:00,2026-07-28T14:00:00-04:00,3673,61.2,Lunch,4,Tue,Sun,14,278278,wisely
2026-07-26T04:47:22+00:00,2026-07-28T14:15:00-04:00,3688,61.5,Lunch,2,Tue,Sun,14,278278,wisely
2026-07-26T04:47:23+00:00,2026-07-28T14:15:00-04:00,3688,61.5,Lunch,4,Tue,Sun,14,278278,wisely
2026-07-27T11:52:24+00:00,2026-07-28T14:30:00-04:00,1838,30.6,Lunch,2,Tue,Mon,14,278278,wisely
2026-07-27T01:17:55+00:00,2026-07-28T14:30:00-04:00,2472,41.2,Lunch,4,Tue,Sun,14,278278,wisely
2026-07-28T03:41:54+00:00,2026-07-28T14:45:00-04:00,903,15.1,Lunch,2,Tue,Mon,14,278278,wisely
2026-07-28T03:41:56+00:00,2026-07-28T14:45:00-04:00,903,15.1,Lunch,4,Tue,Mon,14,278278,wisely
2026-07-28T18:39:45+00:00,2026-07-28T15:15:00-04:00,35,0.6,Lunch,2,Tue,Tue,15,278278,wisely
2026-07-28T18:39:46+00:00,2026-07-28T15:15:00-04:00,35,0.6,Lunch,4,Tue,Tue,15,278278,wisely
2026-07-28T18:39:45+00:00,2026-07-28T15:45:00-04:00,65,1.1,Lunch,2,Tue,Tue,15,278278,wisely
2026-07-28T18:39:47+00:00,2026-07-28T15:45:00-04:00,65,1.1,Lunch,4,Tue,Tue,15,278278,wisely
2026-07-28T18:39:46+00:00,2026-07-28T16:15:00-04:00,95,1.6,Lunch,2,Tue,Tue,16,278278,wisely
2026-07-28T18:39:47+00:00,2026-07-28T16:15:00-04:00,95,1.6,Lunch,4,Tue,Tue,16,278278,wisely
2026-07-27T18:08:14+00:00,2026-07-28T16:45:00-04:00,1597,26.6,Dinner,2,Tue,Mon,16,278278,wisely
2026-07-27T18:08:14+00:00,2026-07-28T16:45:00-04:00,1597,26.6,Dinner,4,Tue,Mon,16,278278,wisely
2026-07-27T16:32:24+00:00,2026-07-28T17:00:00-04:00,1708,28.5,Dinner,2,Tue,Mon,17,278278,wisely
2026-07-26T20:41:14+00:00,2026-07-28T17:15:00-04:00,2914,48.6,Dinner,2,Tue,Sun,17,278278,wisely
2026-07-27T14:02:43+00:00,2026-07-28T18:00:00-04:00,1917,32.0,Dinner,2,Tue,Mon,18,278278,wisely
2026-07-26T22:40:48+00:00,2026-07-28T19:45:00-04:00,2944,49.1,Dinner,2,Tue,Sun,19,278278,wisely
2026-07-27T14:02:43+00:00,2026-07-28T21:00:00-04:00,2097,35.0,Dinner,2,Tue,Mon,21,278278,wisely
2026-07-27T00:12:39+00:00,2026-07-28T21:15:00-04:00,2942,49.0,Dinner,2,Tue,Sun,21,278278,wisely
2026-07-28T18:39:33+00:00,2026-07-28T21:15:00-04:00,395,6.6,Dinner,4,Tue,Tue,21,278278,wisely
2026-07-25T04:25:54+00:00,2026-07-28T21:30:00-04:00,5584,93.1,Dinner,2,Tue,Sat,21,278278,wisely
2026-07-25T04:25:54+00:00,2026-07-28T21:45:00-04:00,5599,93.3,Dinner,2,Tue,Sat,21,278278,wisely
2026-07-25T04:25:55+00:00,2026-07-28T21:45:00-04:00,5599,93.3,Dinner,4,Tue,Sat,21,278278,wisely
2026-07-27T04:56:01+00:00,2026-07-29T11:30:00-04:00,3514,58.6,Lunch,2,Wed,Mon,11,278278,wisely
2026-07-27T04:56:02+00:00,2026-07-29T11:30:00-04:00,3514,58.6,Lunch,4,Wed,Mon,11,278278,wisely
2026-07-28T20:05:29+00:00,2026-07-29T11:45:00-04:00,1180,19.7,Lunch,2,Wed,Tue,11,278278,wisely
2026-07-28T20:05:30+00:00,2026-07-29T11:45:00-04:00,1179,19.7,Lunch,4,Wed,Tue,11,278278,wisely
2026-07-28T01:00:46+00:00,2026-07-29T12:30:00-04:00,2369,39.5,Lunch,2,Wed,Mon,12,278278,wisely
2026-07-28T18:40:28+00:00,2026-07-29T13:00:00-04:00,1340,22.3,Lunch,2,Wed,Tue,13,278278,wisely
2026-07-28T18:40:29+00:00,2026-07-29T13:00:00-04:00,1340,22.3,Lunch,4,Wed,Tue,13,278278,wisely
2026-07-27T04:56:02+00:00,2026-07-29T13:30:00-04:00,3634,60.6,Lunch,2,Wed,Mon,13,278278,wisely
2026-07-27T04:56:02+00:00,2026-07-29T13:45:00-04:00,3649,60.8,Lunch,2,Wed,Mon,13,278278,wisely
2026-07-27T04:56:03+00:00,2026-07-29T13:45:00-04:00,3649,60.8,Lunch,4,Wed,Mon,13,278278,wisely
2026-07-27T04:56:05+00:00,2026-07-29T14:00:00-04:00,3664,61.1,Lunch,2,Wed,Mon,14,278278,wisely
2026-07-27T04:56:03+00:00,2026-07-29T14:00:00-04:00,3664,61.1,Lunch,4,Wed,Mon,14,278278,wisely
2026-07-27T04:56:07+00:00,2026-07-29T14:15:00-04:00,3679,61.3,Lunch,2,Wed,Mon,14,278278,wisely
2026-07-27T04:56:06+00:00,2026-07-29T14:15:00-04:00,3679,61.3,Lunch,4,Wed,Mon,14,278278,wisely
2026-07-28T22:16:35+00:00,2026-07-29T14:30:00-04:00,1213,20.2,Lunch,2,Wed,Tue,14,278278,wisely
2026-07-28T15:32:50+00:00,2026-07-29T14:30:00-04:00,1617,27.0,Lunch,4,Wed,Tue,14,278278,wisely
2026-07-29T16:08:02+00:00,2026-07-29T14:45:00-04:00,157,2.6,Lunch,2,Wed,Wed,14,278278,wisely
2026-07-28T22:16:37+00:00,2026-07-29T14:45:00-04:00,1228,20.5,Lunch,4,Wed,Tue,14,278278,wisely
2026-07-29T17:34:07+00:00,2026-07-29T15:00:00-04:00,86,1.4,Lunch,2,Wed,Wed,15,278278,wisely
2026-07-29T18:39:13+00:00,2026-07-29T15:15:00-04:00,36,0.6,Lunch,2,Wed,Wed,15,278278,wisely
2026-07-29T17:34:08+00:00,2026-07-29T15:15:00-04:00,101,1.7,Lunch,4,Wed,Wed,15,278278,wisely
2026-07-29T18:39:14+00:00,2026-07-29T15:30:00-04:00,51,0.8,Lunch,2,Wed,Wed,15,278278,wisely
2026-07-29T17:34:08+00:00,2026-07-29T15:30:00-04:00,116,1.9,Lunch,4,Wed,Wed,15,278278,wisely
2026-07-29T18:39:15+00:00,2026-07-29T15:45:00-04:00,66,1.1,Lunch,4,Wed,Wed,15,278278,wisely
2026-07-28T15:32:25+00:00,2026-07-29T16:45:00-04:00,1753,29.2,Dinner,2,Wed,Tue,16,278278,wisely
2026-07-28T15:32:25+00:00,2026-07-29T16:45:00-04:00,1753,29.2,Dinner,4,Wed,Tue,16,278278,wisely
2026-07-28T15:32:25+00:00,2026-07-29T17:00:00-04:00,1768,29.5,Dinner,2,Wed,Tue,17,278278,wisely
2026-07-28T15:32:25+00:00,2026-07-29T17:00:00-04:00,1768,29.5,Dinner,4,Wed,Tue,17,278278,wisely
2026-07-26T22:41:45+00:00,2026-07-29T17:15:00-04:00,4233,70.6,Dinner,2,Wed,Sun,17,278278,wisely
2026-07-26T22:41:46+00:00,2026-07-29T17:15:00-04:00,4233,70.6,Dinner,4,Wed,Sun,17,278278,wisely
2026-07-29T00:59:31+00:00,2026-07-30T00:45:00+00:00,1425,23.8,Dinner,2,Wed,Tue,20,278278,wisely
2026-07-29T12:15:02+00:00,2026-07-29T21:00:00-04:00,765,12.7,Dinner,2,Wed,Wed,21,278278,wisely
2026-07-28T15:32:25+00:00,2026-07-29T21:15:00-04:00,2023,33.7,Dinner,2,Wed,Tue,21,278278,wisely
2026-07-28T17:03:14+00:00,2026-07-29T21:30:00-04:00,1947,32.4,Dinner,2,Wed,Tue,21,278278,wisely
2026-07-28T17:03:15+00:00,2026-07-29T21:30:00-04:00,1947,32.4,Dinner,4,Wed,Tue,21,278278,wisely
2026-07-26T04:47:23+00:00,2026-07-29T21:45:00-04:00,5578,93.0,Dinner,2,Wed,Sun,21,278278,wisely
2026-07-26T04:47:23+00:00,2026-07-29T21:45:00-04:00,5578,93.0,Dinner,4,Wed,Sun,21,278278,wisely
2026-07-28T06:14:36+00:00,2026-07-30T11:30:00-04:00,3435,57.3,Lunch,2,Thu,Tue,11,278278,wisely
2026-07-28T06:14:37+00:00,2026-07-30T11:30:00-04:00,3435,57.3,Lunch,4,Thu,Tue,11,278278,wisely
2026-07-28T06:14:36+00:00,2026-07-30T11:45:00-04:00,3450,57.5,Lunch,2,Thu,Tue,11,278278,wisely
2026-07-28T06:14:37+00:00,2026-07-30T11:45:00-04:00,3450,57.5,Lunch,4,Thu,Tue,11,278278,wisely
2026-07-29T14:34:13+00:00,2026-07-30T12:00:00-04:00,1526,25.4,Lunch,2,Thu,Wed,12,278278,wisely
2026-07-29T14:34:14+00:00,2026-07-30T12:00:00-04:00,1526,25.4,Lunch,4,Thu,Wed,12,278278,wisely
2026-07-29T04:26:18+00:00,2026-07-30T12:45:00-04:00,2179,36.3,Lunch,2,Thu,Wed,12,278278,wisely
2026-07-28T06:14:36+00:00,2026-07-30T13:15:00-04:00,3540,59.0,Lunch,2,Thu,Tue,13,278278,wisely
2026-07-28T06:14:39+00:00,2026-07-30T13:30:00-04:00,3555,59.3,Lunch,2,Thu,Tue,13,278278,wisely
2026-07-28T06:14:37+00:00,2026-07-30T13:30:00-04:00,3555,59.3,Lunch,4,Thu,Tue,13,278278,wisely
2026-07-28T06:14:40+00:00,2026-07-30T13:45:00-04:00,3570,59.5,Lunch,2,Thu,Tue,13,278278,wisely
2026-07-28T06:14:40+00:00,2026-07-30T13:45:00-04:00,3570,59.5,Lunch,4,Thu,Tue,13,278278,wisely
2026-07-28T06:14:42+00:00,2026-07-30T14:00:00-04:00,3585,59.8,Lunch,2,Thu,Tue,14,278278,wisely
2026-07-28T06:14:40+00:00,2026-07-30T14:00:00-04:00,3585,59.8,Lunch,4,Thu,Tue,14,278278,wisely
2026-07-28T06:14:42+00:00,2026-07-30T14:15:00-04:00,3600,60.0,Lunch,2,Thu,Tue,14,278278,wisely
2026-07-28T06:14:43+00:00,2026-07-30T14:15:00-04:00,3600,60.0,Lunch,4,Thu,Tue,14,278278,wisely
2026-07-29T19:58:50+00:00,2026-07-30T14:30:00-04:00,1351,22.5,Lunch,2,Thu,Wed,14,278278,wisely
2026-07-30T03:23:52+00:00,2026-07-30T14:45:00-04:00,921,15.4,Lunch,2,Thu,Wed,14,278278,wisely
2026-07-28T15:33:17+00:00,2026-07-30T14:45:00-04:00,3072,51.2,Lunch,4,Thu,Tue,14,278278,wisely
2026-07-30T16:14:00+00:00,2026-07-30T15:00:00-04:00,166,2.8,Lunch,2,Thu,Thu,15,278278,wisely
2026-07-29T22:04:04+00:00,2026-07-30T15:00:00-04:00,1256,20.9,Lunch,4,Thu,Wed,15,278278,wisely
2026-07-30T19:03:22+00:00,2026-07-30T15:15:00-04:00,12,0.2,Lunch,2,Thu,Thu,15,278278,wisely
2026-07-30T16:14:01+00:00,2026-07-30T15:15:00-04:00,181,3.0,Lunch,4,Thu,Thu,15,278278,wisely
2026-07-30T19:03:22+00:00,2026-07-30T15:45:00-04:00,42,0.7,Lunch,2,Thu,Thu,15,278278,wisely
2026-07-30T19:03:24+00:00,2026-07-30T15:45:00-04:00,42,0.7,Lunch,4,Thu,Thu,15,278278,wisely
2026-07-30T19:03:23+00:00,2026-07-30T16:15:00-04:00,72,1.2,Lunch,2,Thu,Thu,16,278278,wisely
2026-07-29T14:34:01+00:00,2026-07-30T16:30:00-04:00,1796,29.9,Dinner,2,Thu,Wed,16,278278,wisely
2026-07-27T20:57:22+00:00,2026-07-30T16:45:00-04:00,4308,71.8,Dinner,2,Thu,Mon,16,278278,wisely
2026-07-27T20:57:22+00:00,2026-07-30T16:45:00-04:00,4308,71.8,Dinner,4,Thu,Mon,16,278278,wisely
2026-07-27T19:51:22+00:00,2026-07-30T17:00:00-04:00,4389,73.1,Dinner,2,Thu,Mon,17,278278,wisely
2026-07-27T20:57:22+00:00,2026-07-30T17:15:00-04:00,4338,72.3,Dinner,2,Thu,Mon,17,278278,wisely
2026-07-29T16:08:15+00:00,2026-07-30T17:15:00-04:00,1747,29.1,Dinner,4,Thu,Wed,17,278278,wisely
2026-07-27T18:08:47+00:00,2026-07-30T18:45:00-04:00,4596,76.6,Dinner,2,Thu,Mon,18,278278,wisely
2026-07-28T01:01:19+00:00,2026-07-30T20:30:00-04:00,4289,71.5,Dinner,2,Thu,Mon,20,278278,wisely
2026-07-28T01:01:19+00:00,2026-07-30T20:30:00-04:00,4289,71.5,Dinner,4,Thu,Mon,20,278278,wisely
2026-07-28T01:01:11+00:00,2026-07-30T20:45:00-04:00,4304,71.7,Dinner,2,Thu,Mon,20,278278,wisely
2026-07-28T01:01:12+00:00,2026-07-30T20:45:00-04:00,4304,71.7,Dinner,4,Thu,Mon,20,278278,wisely
2026-07-29T18:39:35+00:00,2026-07-30T21:00:00-04:00,1820,30.3,Dinner,2,Thu,Wed,21,278278,wisely
2026-07-29T18:39:36+00:00,2026-07-30T21:00:00-04:00,1820,30.3,Dinner,4,Thu,Wed,21,278278,wisely
2026-07-27T16:33:47+00:00,2026-07-30T21:15:00-04:00,4841,80.7,Dinner,2,Thu,Mon,21,278278,wisely
2026-07-27T16:33:47+00:00,2026-07-30T21:15:00-04:00,4841,80.7,Dinner,4,Thu,Mon,21,278278,wisely
2026-07-29T14:34:06+00:00,2026-07-30T21:30:00-04:00,2096,34.9,Dinner,2,Thu,Wed,21,278278,wisely
2026-07-29T16:08:14+00:00,2026-07-30T21:45:00-04:00,2017,33.6,Dinner,2,Thu,Wed,21,278278,wisely
2026-07-29T16:08:15+00:00,2026-07-30T21:45:00-04:00,2017,33.6,Dinner,4,Thu,Wed,21,278278,wisely
2026-07-29T04:26:31+00:00,2026-07-31T11:30:00-04:00,3543,59.1,Lunch,2,Fri,Wed,11,278278,wisely
2026-07-29T04:26:32+00:00,2026-07-31T11:30:00-04:00,3543,59.1,Lunch,4,Fri,Wed,11,278278,wisely
2026-07-29T04:26:31+00:00,2026-07-31T11:45:00-04:00,3558,59.3,Lunch,2,Fri,Wed,11,278278,wisely
2026-07-29T04:26:32+00:00,2026-07-31T11:45:00-04:00,3558,59.3,Lunch,4,Fri,Wed,11,278278,wisely
2026-07-30T14:42:45+00:00,2026-07-31T12:00:00-04:00,1517,25.3,Lunch,2,Fri,Thu,12,278278,wisely
2026-07-30T21:11:16+00:00,2026-07-31T12:00:00-04:00,1129,18.8,Lunch,4,Fri,Thu,12,278278,wisely
2026-07-29T04:26:31+00:00,2026-07-31T12:15:00-04:00,3588,59.8,Lunch,2,Fri,Wed,12,278278,wisely
2026-07-29T04:26:34+00:00,2026-07-31T12:30:00-04:00,3603,60.1,Lunch,2,Fri,Wed,12,278278,wisely
2026-07-29T04:26:33+00:00,2026-07-31T12:30:00-04:00,3603,60.1,Lunch,4,Fri,Wed,12,278278,wisely
2026-07-29T04:26:35+00:00,2026-07-31T12:45:00-04:00,3618,60.3,Lunch,2,Fri,Wed,12,278278,wisely
2026-07-29T04:26:35+00:00,2026-07-31T12:45:00-04:00,3618,60.3,Lunch,4,Fri,Wed,12,278278,wisely
2026-07-29T04:26:37+00:00,2026-07-31T13:30:00-04:00,3663,61.1,Lunch,2,Fri,Wed,13,278278,wisely
2026-07-29T04:26:36+00:00,2026-07-31T13:30:00-04:00,3663,61.1,Lunch,4,Fri,Wed,13,278278,wisely
2026-07-29T04:26:37+00:00,2026-07-31T13:45:00-04:00,3678,61.3,Lunch,2,Fri,Wed,13,278278,wisely
2026-07-29T04:26:38+00:00,2026-07-31T13:45:00-04:00,3678,61.3,Lunch,4,Fri,Wed,13,278278,wisely
2026-07-29T04:26:39+00:00,2026-07-31T14:00:00-04:00,3693,61.6,Lunch,2,Fri,Wed,14,278278,wisely
2026-07-29T04:26:39+00:00,2026-07-31T14:00:00-04:00,3693,61.6,Lunch,4,Fri,Wed,14,278278,wisely
2026-07-29T04:26:40+00:00,2026-07-31T14:15:00-04:00,3708,61.8,Lunch,2,Fri,Wed,14,278278,wisely
2026-07-29T04:26:40+00:00,2026-07-31T14:15:00-04:00,3708,61.8,Lunch,4,Fri,Wed,14,278278,wisely
2026-07-30T22:20:36+00:00,2026-07-31T14:30:00-04:00,1209,20.2,Lunch,2,Fri,Thu,14,278278,wisely
2026-07-29T20:58:13+00:00,2026-07-31T18:30:00+00:00,2732,45.5,Lunch,4,Fri,Wed,14,278278,wisely
2026-07-31T18:04:00+00:00,2026-07-31T14:45:00-04:00,41,0.7,Lunch,2,Fri,Fri,14,278278,wisely
2026-07-31T18:04:01+00:00,2026-07-31T14:45:00-04:00,41,0.7,Lunch,4,Fri,Fri,14,278278,wisely
2026-07-31T01:07:05+00:00,2026-07-31T16:30:00-04:00,1163,19.4,Dinner,2,Fri,Thu,16,278278,wisely
2026-07-31T01:07:08+00:00,2026-07-31T16:30:00-04:00,1163,19.4,Dinner,4,Fri,Thu,16,278278,wisely
2026-07-30T16:14:18+00:00,2026-07-31T17:00:00-04:00,1726,28.8,Dinner,2,Fri,Thu,17,278278,wisely
2026-07-30T22:47:06+00:00,2026-07-31T17:00:00-04:00,1333,22.2,Dinner,4,Fri,Thu,17,278278,wisely
2026-07-30T00:09:13+00:00,2026-07-31T21:30:00+00:00,2721,45.3,Dinner,2,Fri,Wed,17,278278,wisely
2026-07-30T00:09:13+00:00,2026-07-31T21:30:00+00:00,2721,45.3,Dinner,4,Fri,Wed,17,278278,wisely
2026-07-31T04:46:33+00:00,2026-07-31T17:45:00-04:00,1018,17.0,Dinner,2,Fri,Fri,17,278278,wisely
2026-07-31T01:07:07+00:00,2026-07-31T20:00:00-04:00,1373,22.9,Dinner,2,Fri,Thu,20,278278,wisely
2026-07-30T22:19:36+00:00,2026-07-31T21:15:00-04:00,1615,26.9,Dinner,2,Fri,Thu,21,278278,wisely
2026-07-30T14:42:36+00:00,2026-07-31T21:30:00-04:00,2087,34.8,Dinner,2,Fri,Thu,21,278278,wisely
2026-07-30T14:42:37+00:00,2026-07-31T21:30:00-04:00,2087,34.8,Dinner,4,Fri,Thu,21,278278,wisely
2026-07-28T06:14:43+00:00,2026-07-31T21:45:00-04:00,5490,91.5,Dinner,2,Fri,Tue,21,278278,wisely
