seen_at_iso,slot_at_iso,lead_minutes,lead_hours,service,party_size,weekday_slot,weekday_seen,hour_slot,merchant_id,source
2026-02-28T22:31:50+00:00,2026-03-01T16:30:00+00:00,1078,18.0,Lunch,2,Sun,Sat,11,278278,wisely
2026-02-28T22:31:51+00:00,2026-03-01T16:30:00+00:00,1078,18.0,Lunch,4,Sun,Sat,11,278278,wisely
2026-02-28T22:00:46+00:00,2026-03-01T11:45:00-05:00,1124,18.7,Lunch,2,Sun,Sat,11,278278,wisely
2026-02-28T22:00:34+00:00,2026-03-01T17:00:00+00:00,1139,19.0,Lunch,2,Sun,Sat,12,278278,wisely
2026-02-28T22:00:35+00:00,2026-03-01T17:00:00+00:00,1139,19.0,Lunch,4,Sun,Sat,12,278278,wisely
2026-02-28T22:51:04+00:00,2026-03-01T17:30:00+00:00,1119,18.6,Lunch,2,Sun,Sat,12,278278,wisely
2026-02-28T22:51:00+00:00,2026-03-01T17:30:00+00:00,1119,18.6,Lunch,4,Sun,Sat,12,278278,wisely
2026-02-28T22:31:56+00:00,2026-03-01T17:45:00+00:00,1153,19.2,Lunch,2,Sun,Sat,12,278278,wisely
2026-02-28T22:51:05+00:00,2026-03-01T18:00:00+00:00,1149,19.1,Lunch,2,Sun,Sat,13,278278,wisely
2026-02-28T22:51:06+00:00,2026-03-01T18:00:00+00:00,1149,19.1,Lunch,4,Sun,Sat,13,278278,wisely
2026-02-28T22:00:35+00:00,2026-03-01T18:15:00+00:00,1214,20.2,Lunch,2,Sun,Sat,13,278278,wisely
2026-02-28T22:00:35+00:00,2026-03-01T18:15:00+00:00,1214,20.2,Lunch,4,Sun,Sat,13,278278,wisely
2026-02-28T22:31:58+00:00,2026-03-01T18:30:00+00:00,1198,20.0,Lunch,2,Sun,Sat,13,278278,wisely
2026-03-01T02:50:57+00:00,2026-03-01T13:45:00-05:00,954,15.9,Lunch,2,Sun,Sat,13,278278,wisely
2026-02-27T15:35:19+00:00,2026-03-01T14:00:00-05:00,3085,51.4,Lunch,2,Sun,Fri,14,278278,wisely
2026-02-27T15:35:19+00:00,2026-03-01T14:00:00-05:00,3085,51.4,Lunch,4,Sun,Fri,14,278278,wisely
2026-02-28T22:31:59+00:00,2026-03-01T19:15:00+00:00,1243,20.7,Lunch,2,Sun,Sat,14,278278,wisely
2026-02-28T22:31:52+00:00,2026-03-01T19:15:00+00:00,1243,20.7,Lunch,4,Sun,Sat,14,278278,wisely
2026-02-28T22:32:01+00:00,2026-03-01T19:30:00+00:00,1258,21.0,Lunch,2,Sun,Sat,14,278278,wisely
2026-02-28T23:28:53+00:00,2026-03-01T14:45:00-05:00,1216,20.3,Lunch,2,Sun,Sat,14,278278,wisely
2026-02-28T22:00:35+00:00,2026-03-01T20:30:00+00:00,1349,22.5,Lunch,2,Sun,Sat,15,278278,wisely
2026-02-28T22:00:35+00:00,2026-03-01T20:30:00+00:00,1349,22.5,Lunch,4,Sun,Sat,15,278278,wisely
2026-02-28T22:00:42+00:00,2026-03-01T20:45:00+00:00,1364,22.7,Lunch,2,Sun,Sat,15,278278,wisely
2026-02-28T22:00:43+00:00,2026-03-01T20:45:00+00:00,1364,22.7,Lunch,4,Sun,Sat,15,278278,wisely
2026-02-28T23:40:53+00:00,2026-03-01T16:00:00-05:00,1279,21.3,Lunch,4,Sun,Sat,16,278278,wisely
2026-02-28T22:31:29+00:00,2026-03-01T21:30:00+00:00,1379,23.0,Dinner,2,Sun,Sat,16,278278,wisely
2026-02-28T23:40:06+00:00,2026-03-01T16:45:00-05:00,1325,22.1,Dinner,2,Sun,Sat,16,278278,wisely
2026-02-28T23:40:07+00:00,2026-03-01T16:45:00-05:00,1325,22.1,Dinner,4,Sun,Sat,16,278278,wisely
2026-02-26T11:05:55+00:00,2026-03-01T17:00:00-05:00,4974,82.9,Dinner,2,Sun,Thu,17,278278,wisely
2026-02-28T22:00:22+00:00,2026-03-01T17:15:00-05:00,1455,24.2,Dinner,2,Sun,Sat,17,278278,wisely
2026-02-28T22:31:30+00:00,2026-03-01T22:45:00+00:00,1453,24.2,Dinner,2,Sun,Sat,17,278278,wisely
2026-02-28T22:31:31+00:00,2026-03-01T22:45:00+00:00,1453,24.2,Dinner,4,Sun,Sat,17,278278,wisely
2026-02-28T23:59:50+00:00,2026-03-01T18:00:00-05:00,1380,23.0,Dinner,2,Sun,Sat,18,278278,wisely
2026-02-28T12:20:11+00:00,2026-03-01T18:30:00-05:00,2110,35.2,Dinner,2,Sun,Sat,18,278278,wisely
2026-03-01T07:09:13+00:00,2026-03-01T18:30:00-05:00,981,16.3,Dinner,4,Sun,Sun,18,278278,wisely
2026-02-28T22:59:32+00:00,2026-03-01T19:30:00-05:00,1530,25.5,Dinner,2,Sun,Sat,19,278278,wisely
2026-02-28T22:59:33+00:00,2026-03-01T19:30:00-05:00,1530,25.5,Dinner,4,Sun,Sat,19,278278,wisely
2026-02-28T07:29:50+00:00,2026-03-01T19:45:00-05:00,2475,41.3,Dinner,2,Sun,Sat,19,278278,wisely
2026-02-28T07:29:50+00:00,2026-03-01T19:45:00-05:00,2475,41.3,Dinner,4,Sun,Sat,19,278278,wisely
2026-02-28T13:08:52+00:00,2026-03-01T20:30:00-05:00,2181,36.4,Dinner,2,Sun,Sat,20,278278,wisely
2026-02-28T22:31:31+00:00,2026-03-02T01:30:00+00:00,1618,27.0,Dinner,4,Sun,Sat,20,278278,wisely
2026-02-28T22:00:31+00:00,2026-03-02T01:45:00+00:00,1664,27.7,Dinner,2,Sun,Sat,20,278278,wisely
2026-02-28T22:00:38+00:00,2026-03-01T20:45:00-05:00,1664,27.7,Dinner,4,Sun,Sat,20,278278,wisely
2026-02-28T22:31:39+00:00,2026-03-02T02:00:00+00:00,1648,27.5,Dinner,2,Sun,Sat,21,278278,wisely
2026-03-01T23:28:31+00:00,2026-03-01T21:00:00-05:00,151,2.5,Dinner,4,Sun,Sun,21,278278,wisely
2026-02-28T23:28:30+00:00,2026-03-01T21:15:00-05:00,1606,26.8,Dinner,2,Sun,Sat,21,278278,wisely
2026-02-28T23:28:29+00:00,2026-03-01T21:15:00-05:00,1607,26.8,Dinner,4,Sun,Sat,21,278278,wisely
2026-02-28T05:02:30+00:00,2026-03-02T11:30:00-05:00,3567,59.5,Lunch,2,Mon,Sat,11,278278,wisely
2026-02-28T05:02:31+00:00,2026-03-02T11:30:00-05:00,3567,59.5,Lunch,4,Mon,Sat,11,278278,wisely
2026-02-28T05:02:30+00:00,2026-03-02T11:45:00-05:00,3582,59.7,Lunch,2,Mon,Sat,11,278278,wisely
2026-02-28T05:02:31+00:00,2026-03-02T11:45:00-05:00,3582,59.7,Lunch,4,Mon,Sat,11,278278,wisely
2026-03-01T22:12:37+00:00,2026-03-02T12:00:00-05:00,1127,18.8,Lunch,2,Mon,Sun,12,278278,wisely
2026-03-01T22:12:37+00:00,2026-03-02T12:00:00-05:00,1127,18.8,Lunch,4,Mon,Sun,12,278278,wisely
2026-03-01T22:45:14+00:00,2026-03-02T17:15:00+00:00,1110,18.5,Lunch,2,Mon,Sun,12,278278,wisely
2026-03-02T16:34:38+00:00,2026-03-02T12:30:00-05:00,55,0.9,Lunch,2,Mon,Mon,12,278278,wisely
2026-03-02T16:34:39+00:00,2026-03-02T12:30:00-05:00,55,0.9,Lunch,4,Mon,Mon,12,278278,wisely
2026-03-01T21:40:43+00:00,2026-03-02T12:45:00-05:00,1204,20.1,Lunch,2,Mon,Sun,12,278278,wisely
2026-03-02T16:34:40+00:00,2026-03-02T12:45:00-05:00,70,1.2,Lunch,4,Mon,Mon,12,278278,wisely
2026-03-01T16:43:06+00:00,2026-03-02T13:15:00-05:00,1532,25.5,Lunch,2,Mon,Sun,13,278278,wisely
2026-03-01T16:43:06+00:00,2026-03-02T13:15:00-05:00,1532,25.5,Lunch,4,Mon,Sun,13,278278,wisely
2026-02-28T05:02:30+00:00,2026-03-02T13:30:00-05:00,3687,61.5,Lunch,2,Mon,Sat,13,278278,wisely
2026-02-28T05:02:31+00:00,2026-03-02T13:30:00-05:00,3687,61.5,Lunch,4,Mon,Sat,13,278278,wisely
2026-02-28T05:02:34+00:00,2026-03-02T13:45:00-05:00,3702,61.7,Lunch,2,Mon,Sat,13,278278,wisely
2026-02-28T05:02:34+00:00,2026-03-02T13:45:00-05:00,3702,61.7,Lunch,4,Mon,Sat,13,278278,wisely
2026-02-28T05:02:35+00:00,2026-03-02T14:00:00-05:00,3717,62.0,Lunch,2,Mon,Sat,14,278278,wisely
2026-02-28T05:02:35+00:00,2026-03-02T14:00:00-05:00,3717,62.0,Lunch,4,Mon,Sat,14,278278,wisely
2026-02-28T05:02:37+00:00,2026-03-02T14:15:00-05:00,3732,62.2,Lunch,2,Mon,Sat,14,278278,wisely
2026-02-28T05:02:38+00:00,2026-03-02T14:15:00-05:00,3732,62.2,Lunch,4,Mon,Sat,14,278278,wisely
2026-03-02T19:03:23+00:00,2026-03-02T14:30:00-05:00,27,0.4,Lunch,2,Mon,Mon,14,278278,wisely
2026-03-02T19:03:24+00:00,2026-03-02T14:30:00-05:00,27,0.4,Lunch,4,Mon,Mon,14,278278,wisely
2026-03-02T19:03:23+00:00,2026-03-02T14:45:00-05:00,42,0.7,Lunch,2,Mon,Mon,14,278278,wisely
2026-03-02T19:03:24+00:00,2026-03-02T14:45:00-05:00,42,0.7,Lunch,4,Mon,Mon,14,278278,wisely
2026-03-02T19:47:56+00:00,2026-03-02T15:00:00-05:00,12,0.2,Lunch,2,Mon,Mon,15,278278,wisely
2026-03-02T19:47:56+00:00,2026-03-02T15:00:00-05:00,12,0.2,Lunch,4,Mon,Mon,15,278278,wisely
2026-03-02T19:47:56+00:00,2026-03-02T15:15:00-05:00,27,0.5,Lunch,2,Mon,Mon,15,278278,wisely
2026-03-02T19:47:56+00:00,2026-03-02T15:15:00-05:00,27,0.5,Lunch,4,Mon,Mon,15,278278,wisely
2026-03-02T19:47:56+00:00,2026-03-02T15:30:00-05:00,42,0.7,Lunch,2,Mon,Mon,15,278278,wisely
2026-03-02T19:47:57+00:00,2026-03-02T15:30:00-05:00,42,0.7,Lunch,4,Mon,Mon,15,278278,wisely
2026-03-02T19:03:09+00:00,2026-03-02T16:00:00-05:00,117,1.9,Dinner,2,Mon,Mon,16,278278,wisely
2026-03-02T19:03:11+00:00,2026-03-02T16:15:00-05:00,132,2.2,Dinner,2,Mon,Mon,16,278278,wisely
2026-03-01T22:44:26+00:00,2026-03-02T21:30:00+00:00,1366,22.8,Dinner,2,Mon,Sun,16,278278,wisely
2026-03-02T01:44:36+00:00,2026-03-02T16:30:00-05:00,1185,19.8,Dinner,4,Mon,Sun,16,278278,wisely
2026-03-01T22:12:21+00:00,2026-03-02T16:45:00-05:00,1413,23.5,Dinner,2,Mon,Sun,16,278278,wisely
2026-03-01T22:12:22+00:00,2026-03-02T16:45:00-05:00,1413,23.5,Dinner,4,Mon,Sun,16,278278,wisely
2026-03-01T22:12:21+00:00,2026-03-02T17:00:00-05:00,1428,23.8,Dinner,2,Mon,Sun,17,278278,wisely
2026-03-01T22:12:22+00:00,2026-03-02T17:00:00-05:00,1428,23.8,Dinner,4,Mon,Sun,17,278278,wisely
2026-03-01T22:12:22+00:00,2026-03-02T17:15:00-05:00,1443,24.0,Dinner,2,Mon,Sun,17,278278,wisely
2026-03-01T22:12:23+00:00,2026-03-02T17:15:00-05:00,1443,24.0,Dinner,4,Mon,Sun,17,278278,wisely
2026-03-01T22:12:23+00:00,2026-03-02T17:30:00-05:00,1458,24.3,Dinner,2,Mon,Sun,17,278278,wisely
2026-03-01T22:12:24+00:00,2026-03-02T17:30:00-05:00,1458,24.3,Dinner,4,Mon,Sun,17,278278,wisely
2026-03-01T22:44:31+00:00,2026-03-02T22:45:00+00:00,1440,24.0,Dinner,2,Mon,Sun,17,278278,wisely
2026-03-01T22:44:32+00:00,2026-03-02T22:45:00+00:00,1440,24.0,Dinner,4,Mon,Sun,17,278278,wisely
2026-03-01T22:22:50+00:00,2026-03-02T18:00:00-05:00,1477,24.6,Dinner,2,Mon,Sun,18,278278,wisely
2026-03-01T22:22:50+00:00,2026-03-02T18:00:00-05:00,1477,24.6,Dinner,4,Mon,Sun,18,278278,wisely
2026-03-01T22:22:51+00:00,2026-03-02T18:30:00-05:00,1507,25.1,Dinner,2,Mon,Sun,18,278278,wisely
2026-03-01T22:12:25+00:00,2026-03-02T18:45:00-05:00,1533,25.5,Dinner,2,Mon,Sun,18,278278,wisely
2026-03-01T22:12:25+00:00,2026-03-02T18:45:00-05:00,1533,25.5,Dinner,4,Mon,Sun,18,278278,wisely
2026-03-01T05:42:03+00:00,2026-03-02T19:00:00-05:00,2538,42.3,Dinner,2,Mon,Sun,19,278278,wisely
2026-03-01T05:42:03+00:00,2026-03-02T19:00:00-05:00,2538,42.3,Dinner,4,Mon,Sun,19,278278,wisely
2026-03-01T21:16:40+00:00,2026-03-02T19:15:00-05:00,1618,27.0,Dinner,2,Mon,Sun,19,278278,wisely
2026-03-01T21:16:40+00:00,2026-03-02T19:15:00-05:00,1618,27.0,Dinner,4,Mon,Sun,19,278278,wisely
2026-02-28T23:54:32+00:00,2026-03-02T20:15:00-05:00,2960,49.3,Dinner,2,Mon,Sat,20,278278,wisely
2026-02-28T23:54:33+00:00,2026-03-02T20:15:00-05:00,2960,49.3,Dinner,4,Mon,Sat,20,278278,wisely
2026-03-01T22:12:28+00:00,2026-03-02T20:30:00-05:00,1638,27.3,Dinner,2,Mon,Sun,20,278278,wisely
2026-03-01T22:12:28+00:00,2026-03-02T20:30:00-05:00,1638,27.3,Dinner,4,Mon,Sun,20,278278,wisely
2026-03-01T14:12:01+00:00,2026-03-02T20:45:00-05:00,2133,35.5,Dinner,2,Mon,Sun,20,278278,wisely
2026-03-01T14:12:02+00:00,2026-03-02T20:45:00-05:00,2133,35.5,Dinner,4,Mon,Sun,20,278278,wisely
2026-03-01T22:12:32+00:00,2026-03-02T21:15:00-05:00,1682,28.0,Dinner,2,Mon,Sun,21,278278,wisely
2026-03-01T22:12:32+00:00,2026-03-02T21:15:00-05:00,1682,28.0,Dinner,4,Mon,Sun,21,278278,wisely
2026-03-01T14:44:02+00:00,2026-03-02T21:30:00-05:00,2146,35.8,Dinner,2,Mon,Sun,21,278278,wisely
2026-03-01T14:44:04+00:00,2026-03-02T21:30:00-05:00,2146,35.8,Dinner,4,Mon,Sun,21,278278,wisely
2026-03-01T22:12:34+00:00,2026-03-02T21:45:00-05:00,1712,28.5,Dinner,2,Mon,Sun,21,278278,wisely
2026-03-01T22:12:34+00:00,2026-03-02T21:45:00-05:00,1712,28.5,Dinner,4,Mon,Sun,21,278278,wisely
2026-03-02T15:54:59+00:00,2026-03-03T11:30:00-05:00,1475,24.6,Lunch,2,Tue,Mon,11,278278,wisely
2026-03-02T15:55:00+00:00,2026-03-03T11:30:00-05:00,1475,24.6,Lunch,4,Tue,Mon,11,278278,wisely
2026-03-03T16:03:36+00:00,2026-03-03T11:45:00-05:00,41,0.7,Lunch,2,Tue,Tue,11,278278,wisely
2026-03-03T16:03:38+00:00,2026-03-03T11:45:00-05:00,41,0.7,Lunch,4,Tue,Tue,11,278278,wisely
2026-03-02T22:15:50+00:00,2026-03-03T12:00:00-05:00,1124,18.7,Lunch,2,Tue,Mon,12,278278,wisely
2026-03-02T22:15:50+00:00,2026-03-03T12:00:00-05:00,1124,18.7,Lunch,4,Tue,Mon,12,278278,wisely
2026-03-01T20:53:10+00:00,2026-03-03T17:45:00+00:00,2692,44.9,Lunch,2,Tue,Sun,12,278278,wisely
2026-03-02T17:29:08+00:00,2026-03-03T13:00:00-05:00,1471,24.5,Lunch,2,Tue,Mon,13,278278,wisely
2026-03-02T17:29:09+00:00,2026-03-03T13:00:00-05:00,1471,24.5,Lunch,4,Tue,Mon,13,278278,wisely
2026-03-02T18:05:18+00:00,2026-03-03T13:15:00-05:00,1450,24.2,Lunch,2,Tue,Mon,13,278278,wisely
2026-03-02T22:28:52+00:00,2026-03-03T13:15:00-05:00,1186,19.8,Lunch,4,Tue,Mon,13,278278,wisely
2026-03-02T01:45:25+00:00,2026-03-03T13:30:00-05:00,2445,40.7,Lunch,2,Tue,Sun,13,278278,wisely
2026-03-02T01:45:26+00:00,2026-03-03T13:30:00-05:00,2445,40.7,Lunch,4,Tue,Sun,13,278278,wisely
2026-03-02T15:54:59+00:00,2026-03-03T13:45:00-05:00,1610,26.8,Lunch,2,Tue,Mon,13,278278,wisely
2026-03-02T15:55:00+00:00,2026-03-03T13:45:00-05:00,1610,26.8,Lunch,4,Tue,Mon,13,278278,wisely
2026-03-01T05:42:32+00:00,2026-03-03T14:00:00-05:00,3677,61.3,Lunch,2,Tue,Sun,14,278278,wisely
2026-03-01T05:42:33+00:00,2026-03-03T14:00:00-05:00,3677,61.3,Lunch,4,Tue,Sun,14,278278,wisely
2026-03-01T05:42:32+00:00,2026-03-03T14:15:00-05:00,3692,61.5,Lunch,2,Tue,Sun,14,278278,wisely
2026-03-01T05:42:33+00:00,2026-03-03T14:15:00-05:00,3692,61.5,Lunch,4,Tue,Sun,14,278278,wisely
2026-03-01T05:42:32+00:00,2026-03-03T14:30:00-05:00,3707,61.8,Lunch,2,Tue,Sun,14,278278,wisely
2026-03-01T05:42:33+00:00,2026-03-03T14:30:00-05:00,3707,61.8,Lunch,4,Tue,Sun,14,278278,wisely
2026-03-02T21:49:02+00:00,2026-03-03T14:45:00-05:00,1316,21.9,Lunch,2,Tue,Mon,14,278278,wisely
2026-03-02T21:49:02+00:00,2026-03-03T14:45:00-05:00,1316,21.9,Lunch,4,Tue,Mon,14,278278,wisely
2026-03-03T19:30:10+00:00,2026-03-03T15:00:00-05:00,30,0.5,Lunch,2,Tue,Tue,15,278278,wisely
2026-03-03T19:30:12+00:00,2026-03-03T15:00:00-05:00,30,0.5,Lunch,4,Tue,Tue,15,278278,wisely
2026-03-03T19:30:11+00:00,2026-03-03T15:15:00-05:00,45,0.7,Lunch,2,Tue,Tue,15,278278,wisely
2026-03-03T19:30:12+00:00,2026-03-03T15:15:00-05:00,45,0.7,Lunch,4,Tue,Tue,15,278278,wisely
2026-03-03T19:59:13+00:00,2026-03-03T15:30:00-05:00,31,0.5,Lunch,2,Tue,Tue,15,278278,wisely
2026-03-03T19:59:14+00:00,2026-03-03T15:30:00-05:00,31,0.5,Lunch,4,Tue,Tue,15,278278,wisely
2026-03-02T21:48:51+00:00,2026-03-03T16:30:00-05:00,1421,23.7,Dinner,2,Tue,Mon,16,278278,wisely
2026-03-03T19:29:47+00:00,2026-03-03T16:30:00-05:00,120,2.0,Dinner,4,Tue,Tue,16,278278,wisely
2026-03-02T22:15:33+00:00,2026-03-03T16:45:00-05:00,1409,23.5,Dinner,2,Tue,Mon,16,278278,wisely
2026-03-02T22:15:34+00:00,2026-03-03T16:45:00-05:00,1409,23.5,Dinner,4,Tue,Mon,16,278278,wisely
2026-03-02T22:28:23+00:00,2026-03-03T17:00:00-05:00,1412,23.5,Dinner,2,Tue,Mon,17,278278,wisely
2026-03-02T15:08:26+00:00,2026-03-03T17:15:00-05:00,1867,31.1,Dinner,2,Tue,Mon,17,278278,wisely
2026-03-02T15:08:26+00:00,2026-03-03T17:15:00-05:00,1867,31.1,Dinner,4,Tue,Mon,17,278278,wisely
2026-03-01T13:47:32+00:00,2026-03-03T17:30:00-05:00,3402,56.7,Dinner,2,Tue,Sun,17,278278,wisely
2026-03-02T22:50:03+00:00,2026-03-03T17:30:00-05:00,1420,23.7,Dinner,4,Tue,Mon,17,278278,wisely
2026-03-03T05:03:50+00:00,2026-03-03T17:45:00-05:00,1061,17.7,Dinner,2,Tue,Tue,17,278278,wisely
2026-03-03T05:03:51+00:00,2026-03-03T17:45:00-05:00,1061,17.7,Dinner,4,Tue,Tue,17,278278,wisely
2026-03-01T15:47:10+00:00,2026-03-03T19:00:00-05:00,3373,56.2,Dinner,2,Tue,Sun,19,278278,wisely
2026-03-01T15:47:10+00:00,2026-03-03T19:00:00-05:00,3373,56.2,Dinner,4,Tue,Sun,19,278278,wisely
2026-03-03T00:01:58+00:00,2026-03-03T19:30:00-05:00,1468,24.5,Dinner,2,Tue,Mon,19,278278,wisely
2026-03-03T00:01:57+00:00,2026-03-03T19:30:00-05:00,1468,24.5,Dinner,4,Tue,Mon,19,278278,wisely
2026-03-03T05:03:54+00:00,2026-03-03T20:45:00-05:00,1241,20.7,Dinner,2,Tue,Tue,20,278278,wisely
2026-03-03T05:03:55+00:00,2026-03-03T20:45:00-05:00,1241,20.7,Dinner,4,Tue,Tue,20,278278,wisely
2026-03-02T22:15:33+00:00,2026-03-03T21:00:00-05:00,1664,27.7,Dinner,2,Tue,Mon,21,278278,wisely
2026-03-02T22:15:34+00:00,2026-03-03T21:00:00-05:00,1664,27.7,Dinner,4,Tue,Mon,21,278278,wisely
2026-02-28T19:53:48+00:00,2026-03-03T21:15:00-05:00,4701,78.4,Dinner,2,Tue,Sat,21,278278,wisely
2026-03-03T05:03:57+00:00,2026-03-03T21:15:00-05:00,1271,21.2,Dinner,4,Tue,Tue,21,278278,wisely
2026-03-02T22:15:42+00:00,2026-03-03T21:30:00-05:00,1694,28.2,Dinner,2,Tue,Mon,21,278278,wisely
2026-03-02T22:15:34+00:00,2026-03-03T21:30:00-05:00,1694,28.2,Dinner,4,Tue,Mon,21,278278,wisely
2026-03-02T19:03:36+00:00,2026-03-03T21:45:00-05:00,1901,31.7,Dinner,2,Tue,Mon,21,278278,wisely
2026-03-02T19:03:36+00:00,2026-03-03T21:45:00-05:00,1901,31.7,Dinner,4,Tue,Mon,21,278278,wisely
2026-03-02T05:36:20+00:00,2026-03-04T11:30:00-05:00,3534,58.9,Lunch,2,Wed,Mon,11,278278,wisely
2026-03-02T05:36:21+00:00,2026-03-04T11:30:00-05:00,3534,58.9,Lunch,4,Wed,Mon,11,278278,wisely
2026-03-03T22:15:00+00:00,2026-03-04T11:45:00-05:00,1110,18.5,Lunch,2,Wed,Tue,11,278278,wisely
2026-03-03T22:15:02+00:00,2026-03-04T11:45:00-05:00,1110,18.5,Lunch,4,Wed,Tue,11,278278,wisely
2026-03-03T22:03:05+00:00,2026-03-04T12:00:00-05:00,1137,18.9,Lunch,2,Wed,Tue,12,278278,wisely
2026-03-03T22:03:06+00:00,2026-03-04T12:00:00-05:00,1137,18.9,Lunch,4,Wed,Tue,12,278278,wisely
2026-03-03T22:03:06+00:00,2026-03-04T12:30:00-05:00,1167,19.4,Lunch,2,Wed,Tue,12,278278,wisely
2026-03-03T13:40:10+00:00,2026-03-04T12:45:00-05:00,1685,28.1,Lunch,2,Wed,Tue,12,278278,wisely
2026-03-03T13:40:08+00:00,2026-03-04T12:45:00-05:00,1685,28.1,Lunch,4,Wed,Tue,12,278278,wisely
2026-03-04T04:21:56+00:00,2026-03-04T13:00:00-05:00,818,13.6,Lunch,2,Wed,Tue,13,278278,wisely
2026-03-03T19:59:44+00:00,2026-03-04T13:15:00-05:00,1335,22.3,Lunch,2,Wed,Tue,13,278278,wisely
2026-03-03T19:59:45+00:00,2026-03-04T13:15:00-05:00,1335,22.3,Lunch,4,Wed,Tue,13,278278,wisely
2026-03-04T02:32:58+00:00,2026-03-04T18:30:00+00:00,957,16.0,Lunch,2,Wed,Tue,13,278278,wisely
2026-03-04T02:32:59+00:00,2026-03-04T18:30:00+00:00,957,16.0,Lunch,4,Wed,Tue,13,278278,wisely
2026-03-02T05:36:20+00:00,2026-03-04T14:00:00-05:00,3684,61.4,Lunch,2,Wed,Mon,14,278278,wisely
2026-03-02T05:36:21+00:00,2026-03-04T14:00:00-05:00,3684,61.4,Lunch,4,Wed,Mon,14,278278,wisely
2026-03-02T05:36:21+00:00,2026-03-04T14:15:00-05:00,3699,61.6,Lunch,2,Wed,Mon,14,278278,wisely
2026-03-02T05:36:21+00:00,2026-03-04T14:15:00-05:00,3699,61.6,Lunch,4,Wed,Mon,14,278278,wisely
2026-03-04T17:00:03+00:00,2026-03-04T14:30:00-05:00,150,2.5,Dinner,2,Wed,Wed,14,278278,wisely
2026-03-02T05:36:24+00:00,2026-03-04T14:30:00-05:00,3714,61.9,Lunch,2,Wed,Mon,14,278278,wisely
2026-03-04T17:00:06+00:00,2026-03-04T14:30:00-05:00,150,2.5,Dinner,4,Wed,Wed,14,278278,wisely
2026-03-02T05:36:25+00:00,2026-03-04T14:30:00-05:00,3714,61.9,Lunch,4,Wed,Mon,14,278278,wisely
2026-03-02T12:28:08+00:00,2026-03-04T14:45:00-05:00,3317,55.3,Lunch,2,Wed,Mon,14,278278,wisely
2026-03-02T12:28:09+00:00,2026-03-04T14:45:00-05:00,3317,55.3,Lunch,4,Wed,Mon,14,278278,wisely
2026-03-04T15:30:13+00:00,2026-03-04T15:00:00-05:00,270,4.5,Dinner,2,Wed,Wed,15,278278,wisely
2026-03-04T19:21:45+00:00,2026-03-04T15:00:00-05:00,38,0.6,Lunch,2,Wed,Wed,15,278278,wisely
2026-03-04T15:30:15+00:00,2026-03-04T15:00:00-05:00,270,4.5,Dinner,4,Wed,Wed,15,278278,wisely
2026-03-04T19:21:45+00:00,2026-03-04T15:00:00-05:00,38,0.6,Lunch,4,Wed,Wed,15,278278,wisely
2026-03-04T19:21:45+00:00,2026-03-04T15:15:00-05:00,53,0.9,Lunch,2,Wed,Wed,15,278278,wisely
2026-03-04T19:21:46+00:00,2026-03-04T15:15:00-05:00,53,0.9,Lunch,4,Wed,Wed,15,278278,wisely
2026-03-04T14:53:33+00:00,2026-03-04T15:30:00-05:00,336,5.6,Dinner,2,Wed,Wed,15,278278,wisely
2026-03-04T19:53:30+00:00,2026-03-04T15:30:00-05:00,36,0.6,Lunch,2,Wed,Wed,15,278278,wisely
2026-03-04T14:53:35+00:00,2026-03-04T15:30:00-05:00,336,5.6,Dinner,4,Wed,Wed,15,278278,wisely
2026-03-04T19:53:31+00:00,2026-03-04T15:30:00-05:00,36,0.6,Lunch,4,Wed,Wed,15,278278,wisely
2026-03-04T14:53:34+00:00,2026-03-04T16:00:00-05:00,366,6.1,Dinner,2,Wed,Wed,16,278278,wisely
2026-03-04T14:53:35+00:00,2026-03-04T16:00:00-05:00,366,6.1,Dinner,4,Wed,Wed,16,278278,wisely
2026-03-03T19:30:26+00:00,2026-03-04T16:30:00-05:00,1560,26.0,Dinner,2,Wed,Tue,16,278278,wisely
2026-03-04T14:02:23+00:00,2026-03-04T16:30:00-05:00,448,7.5,Dinner,4,Wed,Wed,16,278278,wisely
2026-03-03T22:02:54+00:00,2026-03-04T16:45:00-05:00,1422,23.7,Dinner,2,Wed,Tue,16,278278,wisely
2026-03-03T22:02:55+00:00,2026-03-04T16:45:00-05:00,1422,23.7,Dinner,4,Wed,Tue,16,278278,wisely
2026-03-02T23:45:33+00:00,2026-03-04T22:00:00+00:00,2774,46.2,Dinner,2,Wed,Mon,17,278278,wisely
2026-03-04T14:02:23+00:00,2026-03-04T17:15:00-05:00,493,8.2,Dinner,2,Wed,Wed,17,278278,wisely
2026-03-04T14:02:24+00:00,2026-03-04T17:15:00-05:00,493,8.2,Dinner,4,Wed,Wed,17,278278,wisely
2026-03-03T22:02:55+00:00,2026-03-04T17:30:00-05:00,1467,24.5,Dinner,2,Wed,Tue,17,278278,wisely
2026-03-03T22:14:32+00:00,2026-03-04T17:45:00-05:00,1470,24.5,Dinner,2,Wed,Tue,17,278278,wisely
2026-03-03T22:14:31+00:00,2026-03-04T17:45:00-05:00,1470,24.5,Dinner,4,Wed,Tue,17,278278,wisely
2026-03-03T22:14:57+00:00,2026-03-04T19:30:00-05:00,1575,26.3,Dinner,2,Wed,Tue,19,278278,wisely
2026-03-03T23:56:54+00:00,2026-03-05T01:00:00+00:00,1503,25.1,Dinner,2,Wed,Tue,20,278278,wisely
2026-03-03T23:56:55+00:00,2026-03-05T01:00:00+00:00,1503,25.1,Dinner,4,Wed,Tue,20,278278,wisely
2026-03-04T17:00:15+00:00,2026-03-04T20:15:00-05:00,495,8.2,Dinner,2,Wed,Wed,20,278278,wisely
2026-03-04T17:00:13+00:00,2026-03-04T20:15:00-05:00,495,8.2,Dinner,4,Wed,Wed,20,278278,wisely
2026-03-03T05:04:11+00:00,2026-03-04T20:30:00-05:00,2666,44.4,Dinner,2,Wed,Tue,20,278278,wisely
2026-03-03T05:04:11+00:00,2026-03-04T20:30:00-05:00,2666,44.4,Dinner,4,Wed,Tue,20,278278,wisely
2026-03-03T23:13:25+00:00,2026-03-04T20:45:00-05:00,1592,26.5,Dinner,2,Wed,Tue,20,278278,wisely
2026-03-03T23:13:25+00:00,2026-03-04T20:45:00-05:00,1592,26.5,Dinner,4,Wed,Tue,20,278278,wisely
2026-03-03T22:02:58+00:00,2026-03-04T21:00:00-05:00,1677,28.0,Dinner,2,Wed,Tue,21,278278,wisely
2026-03-03T22:02:55+00:00,2026-03-04T21:00:00-05:00,1677,28.0,Dinner,4,Wed,Tue,21,278278,wisely
2026-03-04T14:02:30+00:00,2026-03-04T21:15:00-05:00,732,12.2,Dinner,2,Wed,Wed,21,278278,wisely
2026-03-04T14:02:31+00:00,2026-03-04T21:15:00-05:00,732,12.2,Dinner,4,Wed,Wed,21,278278,wisely
2026-03-02T17:29:23+00:00,2026-03-04T21:30:00-05:00,3421,57.0,Dinner,2,Wed,Mon,21,278278,wisely
2026-03-03T22:14:30+00:00,2026-03-04T21:30:00-05:00,1695,28.3,Dinner,4,Wed,Tue,21,278278,wisely
2026-03-04T04:21:44+00:00,2026-03-04T21:45:00-05:00,1343,22.4,Dinner,2,Wed,Tue,21,278278,wisely
2026-03-04T14:02:36+00:00,2026-03-04T21:45:00-05:00,762,12.7,Dinner,4,Wed,Wed,21,278278,wisely
2026-03-03T05:04:51+00:00,2026-03-05T11:30:00-05:00,3565,59.4,Lunch,2,Thu,Tue,11,278278,wisely
2026-03-03T05:04:52+00:00,2026-03-05T11:30:00-05:00,3565,59.4,Lunch,4,Thu,Tue,11,278278,wisely
2026-03-03T16:04:26+00:00,2026-03-05T11:45:00-05:00,2921,48.7,Lunch,2,Thu,Tue,11,278278,wisely
2026-03-03T16:04:27+00:00,2026-03-05T11:45:00-05:00,2921,48.7,Lunch,4,Thu,Tue,11,278278,wisely
2026-03-05T16:10:02+00:00,2026-03-05T12:15:00-05:00,65,1.1,Lunch,2,Thu,Thu,12,278278,wisely
2026-03-05T16:10:04+00:00,2026-03-05T12:15:00-05:00,65,1.1,Lunch,4,Thu,Thu,12,278278,wisely
2026-03-04T21:46:03+00:00,2026-03-05T13:00:00-05:00,1214,20.2,Lunch,2,Thu,Wed,13,278278,wisely
2026-03-03T22:03:28+00:00,2026-03-05T13:15:00-05:00,2652,44.2,Lunch,2,Thu,Tue,13,278278,wisely
2026-03-04T22:16:27+00:00,2026-03-05T13:15:00-05:00,1199,20.0,Lunch,4,Thu,Wed,13,278278,wisely
2026-03-05T07:32:26+00:00,2026-03-05T13:30:00-05:00,658,11.0,Lunch,2,Thu,Thu,13,278278,wisely
2026-03-05T07:32:28+00:00,2026-03-05T13:30:00-05:00,658,11.0,Lunch,4,Thu,Thu,13,278278,wisely
2026-03-04T17:48:57+00:00,2026-03-05T13:45:00-05:00,1496,24.9,Lunch,2,Thu,Wed,13,278278,wisely
2026-03-04T17:48:58+00:00,2026-03-05T13:45:00-05:00,1496,24.9,Lunch,4,Thu,Wed,13,278278,wisely
2026-03-03T05:04:51+00:00,2026-03-05T14:00:00-05:00,3715,61.9,Lunch,2,Thu,Tue,14,278278,wisely
2026-03-03T05:04:52+00:00,2026-03-05T14:15:00-05:00,3730,62.2,Lunch,2,Thu,Tue,14,278278,wisely
2026-03-03T05:04:52+00:00,2026-03-05T14:15:00-05:00,3730,62.2,Lunch,4,Thu,Tue,14,278278,wisely
2026-03-03T05:05:01+00:00,2026-03-05T14:30:00-05:00,3745,62.4,Lunch,2,Thu,Tue,14,278278,wisely
2026-03-03T05:04:53+00:00,2026-03-05T14:30:00-05:00,3745,62.4,Lunch,4,Thu,Tue,14,278278,wisely
2026-03-03T15:14:00+00:00,2026-03-05T14:45:00-05:00,3151,52.5,Lunch,2,Thu,Tue,14,278278,wisely
2026-03-03T05:05:01+00:00,2026-03-05T14:45:00-05:00,3760,62.7,Lunch,4,Thu,Tue,14,278278,wisely
2026-03-05T14:30:04+00:00,2026-03-05T15:00:00-05:00,330,5.5,Lunch,2,Thu,Thu,15,278278,wisely
2026-03-05T14:30:06+00:00,2026-03-05T15:00:00-05:00,330,5.5,Lunch,4,Thu,Thu,15,278278,wisely
2026-03-05T15:27:25+00:00,2026-03-05T15:15:00-05:00,288,4.8,Lunch,2,Thu,Thu,15,278278,wisely
2026-03-05T15:27:26+00:00,2026-03-05T15:15:00-05:00,288,4.8,Lunch,4,Thu,Thu,15,278278,wisely
2026-03-05T19:37:57+00:00,2026-03-05T15:30:00-05:00,52,0.9,Lunch,2,Thu,Thu,15,278278,wisely
2026-03-05T15:27:26+00:00,2026-03-05T15:30:00-05:00,303,5.0,Lunch,4,Thu,Thu,15,278278,wisely
2026-03-02T19:04:42+00:00,2026-03-05T16:30:00-05:00,4465,74.4,Dinner,2,Thu,Mon,16,278278,wisely
2026-03-04T13:07:27+00:00,2026-03-05T16:30:00-05:00,1943,32.4,Dinner,4,Thu,Wed,16,278278,wisely
2026-03-05T03:27:30+00:00,2026-03-05T16:45:00-05:00,1097,18.3,Dinner,2,Thu,Wed,16,278278,wisely
2026-03-05T03:27:32+00:00,2026-03-05T16:45:00-05:00,1097,18.3,Dinner,4,Thu,Wed,16,278278,wisely
2026-03-04T20:22:14+00:00,2026-03-05T17:45:00-05:00,1583,26.4,Dinner,2,Thu,Wed,17,278278,wisely
2026-03-04T20:22:15+00:00,2026-03-05T17:45:00-05:00,1583,26.4,Dinner,4,Thu,Wed,17,278278,wisely
2026-03-04T09:00:20+00:00,2026-03-05T18:00:00-05:00,2280,38.0,Dinner,2,Thu,Wed,18,278278,wisely
2026-03-05T20:54:50+00:00,2026-03-05T19:00:00-05:00,185,3.1,Dinner,2,Thu,Thu,19,278278,wisely
2026-03-05T20:54:51+00:00,2026-03-05T19:00:00-05:00,185,3.1,Dinner,4,Thu,Thu,19,278278,wisely
2026-03-04T11:59:19+00:00,2026-03-05T19:45:00-05:00,2206,36.8,Dinner,2,Thu,Wed,19,278278,wisely
2026-03-04T22:16:16+00:00,2026-03-05T20:45:00-05:00,1649,27.5,Dinner,2,Thu,Wed,20,278278,wisely
2026-03-04T22:16:17+00:00,2026-03-05T20:45:00-05:00,1649,27.5,Dinner,4,Thu,Wed,20,278278,wisely
2026-03-04T20:22:15+00:00,2026-03-05T21:15:00-05:00,1793,29.9,Dinner,2,Thu,Wed,21,278278,wisely
2026-03-04T20:22:16+00:00,2026-03-05T21:15:00-05:00,1793,29.9,Dinner,4,Thu,Wed,21,278278,wisely
2026-03-03T18:45:48+00:00,2026-03-05T21:30:00-05:00,3344,55.7,Dinner,2,Thu,Tue,21,278278,wisely
2026-03-03T18:45:48+00:00,2026-03-05T21:30:00-05:00,3344,55.7,Dinner,4,Thu,Tue,21,278278,wisely
2026-03-04T15:31:55+00:00,2026-03-06T11:30:00-05:00,2938,49.0,Lunch,2,Fri,Wed,11,278278,wisely
2026-03-04T15:31:56+00:00,2026-03-06T11:30:00-05:00,2938,49.0,Lunch,4,Fri,Wed,11,278278,wisely
2026-03-05T19:38:14+00:00,2026-03-06T11:45:00-05:00,1267,21.1,Lunch,2,Fri,Thu,11,278278,wisely
2026-03-05T19:38:14+00:00,2026-03-06T11:45:00-05:00,1267,21.1,Lunch,4,Fri,Thu,11,278278,wisely
2026-03-05T22:30:38+00:00,2026-03-06T12:00:00-05:00,1109,18.5,Lunch,2,Fri,Thu,12,278278,wisely
2026-03-05T22:30:39+00:00,2026-03-06T12:00:00-05:00,1109,18.5,Lunch,4,Fri,Thu,12,278278,wisely
2026-03-05T22:30:41+00:00,2026-03-06T12:45:00-05:00,1154,19.2,Lunch,2,Fri,Thu,12,278278,wisely
2026-03-05T22:30:41+00:00,2026-03-06T13:00:00-05:00,1169,19.5,Lunch,2,Fri,Thu,13,278278,wisely
2026-03-05T22:30:42+00:00,2026-03-06T13:00:00-05:00,1169,19.5,Lunch,4,Fri,Thu,13,278278,wisely
2026-03-05T22:30:42+00:00,2026-03-06T13:15:00-05:00,1184,19.7,Lunch,2,Fri,Thu,13,278278,wisely
2026-03-05T22:30:43+00:00,2026-03-06T13:15:00-05:00,1184,19.7,Lunch,4,Fri,Thu,13,278278,wisely
2026-03-05T14:30:35+00:00,2026-03-06T13:45:00-05:00,1694,28.2,Lunch,2,Fri,Thu,13,278278,wisely
2026-03-05T14:30:35+00:00,2026-03-06T13:45:00-05:00,1694,28.2,Lunch,4,Fri,Thu,13,278278,wisely
2026-03-04T05:17:07+00:00,2026-03-06T14:00:00-05:00,3703,61.7,Lunch,2,Fri,Wed,14,278278,wisely
2026-03-06T14:38:32+00:00,2026-03-06T14:15:00-05:00,276,4.6,Lunch,2,Fri,Fri,14,278278,wisely
2026-03-06T14:38:34+00:00,2026-03-06T14:15:00-05:00,276,4.6,Lunch,4,Fri,Fri,14,278278,wisely
2026-03-06T15:20:35+00:00,2026-03-06T14:30:00-05:00,249,4.2,Lunch,2,Fri,Fri,14,278278,wisely
2026-03-06T15:20:36+00:00,2026-03-06T14:30:00-05:00,249,4.2,Lunch,4,Fri,Fri,14,278278,wisely
2026-03-04T17:49:32+00:00,2026-03-06T14:45:00-05:00,2995,49.9,Lunch,2,Fri,Wed,14,278278,wisely
2026-03-05T00:57:01+00:00,2026-03-06T14:45:00-05:00,2568,42.8,Lunch,4,Fri,Wed,14,278278,wisely
2026-03-06T15:55:22+00:00,2026-03-06T15:00:00-05:00,245,4.1,Lunch,2,Fri,Fri,15,278278,wisely
2026-03-05T21:54:25+00:00,2026-03-06T15:15:00-05:00,1341,22.3,Lunch,2,Fri,Thu,15,278278,wisely
2026-03-05T21:54:26+00:00,2026-03-06T15:15:00-05:00,1341,22.3,Lunch,4,Fri,Thu,15,278278,wisely
2026-03-04T13:08:01+00:00,2026-03-06T15:30:00-05:00,3322,55.4,Lunch,2,Fri,Wed,15,278278,wisely
2026-03-05T20:20:25+00:00,2026-03-06T15:30:00-05:00,1450,24.2,Lunch,4,Fri,Thu,15,278278,wisely
2026-03-05T20:55:13+00:00,2026-03-06T17:00:00-05:00,1505,25.1,Dinner,2,Fri,Thu,17,278278,wisely
2026-03-05T20:55:14+00:00,2026-03-06T17:00:00-05:00,1505,25.1,Dinner,4,Fri,Thu,17,278278,wisely
2026-03-05T22:30:23+00:00,2026-03-06T21:15:00-05:00,1665,27.7,Dinner,2,Fri,Thu,21,278278,wisely
2026-03-06T20:49:41+00:00,2026-03-06T21:30:00-05:00,340,5.7,Dinner,2,Fri,Fri,21,278278,wisely
2026-03-06T20:49:43+00:00,2026-03-06T21:30:00-05:00,340,5.7,Dinner,4,Fri,Fri,21,278278,wisely
2026-03-05T22:30:23+00:00,2026-03-06T21:45:00-05:00,1695,28.2,Dinner,2,Fri,Thu,21,278278,wisely
2026-03-05T22:30:25+00:00,2026-03-06T21:45:00-05:00,1695,28.2,Dinner,4,Fri,Thu,21,278278,wisely
2026-03-07T00:52:02+00:00,2026-03-07T11:30:00-05:00,938,15.6,Lunch,2,Sat,Fri,11,278278,wisely
2026-03-07T00:52:02+00:00,2026-03-07T11:30:00-05:00,938,15.6,Lunch,4,Sat,Fri,11,278278,wisely
2026-03-06T07:24:15+00:00,2026-03-07T11:45:00-05:00,2001,33.3,Lunch,2,Sat,Fri,11,278278,wisely
2026-03-06T07:24:15+00:00,2026-03-07T11:45:00-05:00,2001,33.3,Lunch,4,Sat,Fri,11,278278,wisely
2026-03-06T05:42:39+00:00,2026-03-07T12:00:00-05:00,2117,35.3,Lunch,2,Sat,Fri,12,278278,wisely
2026-03-06T05:42:39+00:00,2026-03-07T12:00:00-05:00,2117,35.3,Lunch,4,Sat,Fri,12,278278,wisely
2026-03-06T22:13:49+00:00,2026-03-07T12:15:00-05:00,1141,19.0,Lunch,2,Sat,Fri,12,278278,wisely
2026-03-06T22:13:50+00:00,2026-03-07T12:15:00-05:00,1141,19.0,Lunch,4,Sat,Fri,12,278278,wisely
2026-03-06T15:20:58+00:00,2026-03-07T12:30:00-05:00,1569,26.2,Lunch,2,Sat,Fri,12,278278,wisely
2026-03-06T15:20:58+00:00,2026-03-07T13:15:00-05:00,1614,26.9,Lunch,2,Sat,Fri,13,278278,wisely
2026-03-06T15:20:58+00:00,2026-03-07T13:15:00-05:00,1614,26.9,Lunch,4,Sat,Fri,13,278278,wisely
2026-03-06T17:55:51+00:00,2026-03-07T13:45:00-05:00,1489,24.8,Lunch,2,Sat,Fri,13,278278,wisely
2026-03-06T22:50:22+00:00,2026-03-07T14:00:00-05:00,1210,20.2,Lunch,2,Sat,Fri,14,278278,wisely
2026-03-06T22:13:55+00:00,2026-03-07T14:30:00-05:00,1276,21.3,Lunch,2,Sat,Fri,14,278278,wisely
2026-03-06T22:13:55+00:00,2026-03-07T14:30:00-05:00,1276,21.3,Lunch,4,Sat,Fri,14,278278,wisely
2026-03-06T22:13:56+00:00,2026-03-07T15:15:00-05:00,1321,22.0,Lunch,2,Sat,Fri,15,278278,wisely
2026-03-06T22:13:57+00:00,2026-03-07T15:15:00-05:00,1321,22.0,Lunch,4,Sat,Fri,15,278278,wisely
2026-03-05T19:38:30+00:00,2026-03-07T15:30:00-05:00,2931,48.9,Lunch,2,Sat,Thu,15,278278,wisely
2026-03-07T11:22:45+00:00,2026-03-07T15:45:00-05:00,562,9.4,Lunch,2,Sat,Sat,15,278278,wisely
2026-03-07T11:22:46+00:00,2026-03-07T15:45:00-05:00,562,9.4,Lunch,4,Sat,Sat,15,278278,wisely
2026-03-06T23:56:51+00:00,2026-03-07T16:15:00-05:00,1278,21.3,Lunch,2,Sat,Fri,16,278278,wisely
2026-03-06T23:56:51+00:00,2026-03-07T16:15:00-05:00,1278,21.3,Lunch,4,Sat,Fri,16,278278,wisely
2026-03-06T21:57:50+00:00,2026-03-07T17:00:00-05:00,1442,24.0,Dinner,2,Sat,Fri,17,278278,wisely
2026-03-06T21:57:51+00:00,2026-03-07T17:00:00-05:00,1442,24.0,Dinner,4,Sat,Fri,17,278278,wisely
2026-03-05T05:00:44+00:00,2026-03-07T21:15:00-05:00,4154,69.2,Dinner,2,Sat,Thu,21,278278,wisely
2026-03-05T05:00:45+00:00,2026-03-07T21:15:00-05:00,4154,69.2,Dinner,4,Sat,Thu,21,278278,wisely
2026-03-05T21:28:28+00:00,2026-03-07T21:30:00-05:00,3182,53.0,Dinner,2,Sat,Thu,21,278278,wisely
2026-03-05T21:28:28+00:00,2026-03-07T21:30:00-05:00,3182,53.0,Dinner,4,Sat,Thu,21,278278,wisely
2026-03-06T22:13:36+00:00,2026-03-07T21:45:00-05:00,1711,28.5,Dinner,2,Sat,Fri,21,278278,wisely
2026-03-06T22:13:37+00:00,2026-03-07T21:45:00-05:00,1711,28.5,Dinner,4,Sat,Fri,21,278278,wisely
2026-03-07T18:20:17+00:00,2026-03-08T11:30:00-04:00,1270,21.2,Lunch,2,Sun,Sat,11,278278,wisely
2026-03-07T18:20:18+00:00,2026-03-08T11:30:00-04:00,1270,21.2,Lunch,4,Sun,Sat,11,278278,wisely
2026-03-07T22:10:46+00:00,2026-03-08T12:30:00-04:00,1099,18.3,Lunch,2,Sun,Sat,12,278278,wisely
2026-03-07T22:10:48+00:00,2026-03-08T12:30:00-04:00,1099,18.3,Lunch,4,Sun,Sat,12,278278,wisely
2026-03-07T00:52:18+00:00,2026-03-08T12:45:00-04:00,2393,39.9,Lunch,2,Sun,Fri,12,278278,wisely
2026-03-07T13:52:05+00:00,2026-03-08T13:00:00-04:00,1628,27.1,Lunch,2,Sun,Sat,13,278278,wisely
2026-03-06T14:39:11+00:00,2026-03-08T13:15:00-04:00,3036,50.6,Lunch,2,Sun,Fri,13,278278,wisely
2026-03-06T14:39:11+00:00,2026-03-08T13:15:00-04:00,3036,50.6,Lunch,4,Sun,Fri,13,278278,wisely
2026-03-07T22:10:53+00:00,2026-03-08T13:30:00-04:00,1159,19.3,Lunch,2,Sun,Sat,13,278278,wisely
2026-03-07T22:10:48+00:00,2026-03-08T13:30:00-04:00,1159,19.3,Lunch,4,Sun,Sat,13,278278,wisely
2026-03-07T22:00:55+00:00,2026-03-08T13:45:00-04:00,1184,19.7,Lunch,2,Sun,Sat,13,278278,wisely
2026-03-07T22:00:56+00:00,2026-03-08T13:45:00-04:00,1184,19.7,Lunch,4,Sun,Sat,13,278278,wisely
2026-03-08T15:01:36+00:00,2026-03-08T14:00:00-04:00,178,3.0,Lunch,2,Sun,Sun,14,278278,wisely
2026-03-07T18:52:33+00:00,2026-03-08T14:30:00-04:00,1417,23.6,Lunch,2,Sun,Sat,14,278278,wisely
2026-03-07T22:01:02+00:00,2026-03-08T15:00:00-04:00,1259,21.0,Lunch,2,Sun,Sat,15,278278,wisely
2026-03-08T01:21:05+00:00,2026-03-08T15:30:00-04:00,1089,18.1,Lunch,2,Sun,Sat,15,278278,wisely
2026-03-08T01:21:07+00:00,2026-03-08T15:30:00-04:00,1089,18.1,Lunch,4,Sun,Sat,15,278278,wisely
2026-03-07T23:31:15+00:00,2026-03-08T15:45:00-04:00,1214,20.2,Lunch,2,Sun,Sat,15,278278,wisely
2026-03-07T22:55:45+00:00,2026-03-08T19:45:00+00:00,1249,20.8,Lunch,4,Sun,Sat,15,278278,wisely
2026-03-08T12:19:51+00:00,2026-03-08T16:00:00-04:00,460,7.7,Lunch,2,Sun,Sun,16,278278,wisely
2026-03-08T12:19:51+00:00,2026-03-08T16:00:00-04:00,460,7.7,Lunch,4,Sun,Sun,16,278278,wisely
2026-03-07T22:00:56+00:00,2026-03-08T16:15:00-04:00,1334,22.2,Lunch,4,Sun,Sat,16,278278,wisely
2026-03-07T17:35:54+00:00,2026-03-08T17:00:00-04:00,1644,27.4,Dinner,2,Sun,Sat,17,278278,wisely
2026-03-07T22:00:43+00:00,2026-03-08T17:15:00-04:00,1394,23.2,Dinner,2,Sun,Sat,17,278278,wisely
2026-03-06T22:13:58+00:00,2026-03-08T17:45:00-04:00,2851,47.5,Dinner,2,Sun,Fri,17,278278,wisely
2026-03-06T22:13:58+00:00,2026-03-08T17:45:00-04:00,2851,47.5,Dinner,4,Sun,Fri,17,278278,wisely
2026-03-08T22:16:23+00:00,2026-03-08T19:15:00-04:00,59,1.0,Dinner,2,Sun,Sun,19,278278,wisely
2026-03-07T17:35:55+00:00,2026-03-08T20:00:00-04:00,1824,30.4,Dinner,2,Sun,Sat,20,278278,wisely
2026-03-07T14:41:02+00:00,2026-03-08T20:45:00-04:00,2044,34.1,Dinner,2,Sun,Sat,20,278278,wisely
2026-03-07T14:41:03+00:00,2026-03-08T20:45:00-04:00,2044,34.1,Dinner,4,Sun,Sat,20,278278,wisely
2026-03-07T02:24:09+00:00,2026-03-08T21:00:00-04:00,2796,46.6,Dinner,2,Sun,Fri,21,278278,wisely
2026-03-07T02:24:09+00:00,2026-03-08T21:00:00-04:00,2796,46.6,Dinner,4,Sun,Fri,21,278278,wisely
2026-03-07T05:25:05+00:00,2026-03-09T11:30:00-04:00,3485,58.1,Lunch,2,Mon,Sat,11,278278,wisely
2026-03-07T05:25:08+00:00,2026-03-09T11:30:00-04:00,3485,58.1,Lunch,4,Mon,Sat,11,278278,wisely
2026-03-07T05:25:07+00:00,2026-03-09T11:45:00-04:00,3500,58.3,Lunch,2,Mon,Sat,11,278278,wisely
2026-03-07T05:25:08+00:00,2026-03-09T11:45:00-04:00,3500,58.3,Lunch,4,Mon,Sat,11,278278,wisely
2026-03-08T21:13:49+00:00,2026-03-09T12:30:00-04:00,1156,19.3,Lunch,2,Mon,Sun,12,278278,wisely
2026-03-08T21:13:52+00:00,2026-03-09T12:30:00-04:00,1156,19.3,Lunch,4,Mon,Sun,12,278278,wisely
2026-03-07T19:12:22+00:00,2026-03-09T12:45:00-04:00,2733,45.5,Lunch,2,Mon,Sat,12,278278,wisely
2026-03-07T19:12:23+00:00,2026-03-09T12:45:00-04:00,2733,45.5,Lunch,4,Mon,Sat,12,278278,wisely
2026-03-07T05:25:07+00:00,2026-03-09T13:00:00-04:00,3575,59.6,Lunch,2,Mon,Sat,13,278278,wisely
2026-03-09T14:11:32+00:00,2026-03-09T13:15:00-04:00,183,3.1,Lunch,2,Mon,Mon,13,278278,wisely
2026-03-09T14:11:33+00:00,2026-03-09T13:15:00-04:00,183,3.1,Lunch,4,Mon,Mon,13,278278,wisely
2026-03-07T05:25:11+00:00,2026-03-09T13:30:00-04:00,3605,60.1,Lunch,2,Mon,Sat,13,278278,wisely
2026-03-07T05:25:11+00:00,2026-03-09T13:45:00-04:00,3620,60.3,Lunch,2,Mon,Sat,13,278278,wisely
2026-03-07T05:25:09+00:00,2026-03-09T13:45:00-04:00,3620,60.3,Lunch,4,Mon,Sat,13,278278,wisely
2026-03-07T05:25:13+00:00,2026-03-09T14:00:00-04:00,3635,60.6,Lunch,2,Mon,Sat,14,278278,wisely
2026-03-07T05:25:12+00:00,2026-03-09T14:00:00-04:00,3635,60.6,Lunch,4,Mon,Sat,14,278278,wisely
2026-03-07T05:25:14+00:00,2026-03-09T14:15:00-04:00,3650,60.8,Lunch,2,Mon,Sat,14,278278,wisely
2026-03-07T05:25:12+00:00,2026-03-09T14:15:00-04:00,3650,60.8,Lunch,4,Mon,Sat,14,278278,wisely
2026-03-09T16:11:26+00:00,2026-03-09T14:30:00-04:00,139,2.3,Lunch,2,Mon,Mon,14,278278,wisely
2026-03-09T16:11:27+00:00,2026-03-09T14:30:00-04:00,139,2.3,Lunch,4,Mon,Mon,14,278278,wisely
2026-03-09T17:58:46+00:00,2026-03-09T14:45:00-04:00,46,0.8,Lunch,2,Mon,Mon,14,278278,wisely
2026-03-09T17:58:48+00:00,2026-03-09T14:45:00-04:00,46,0.8,Lunch,4,Mon,Mon,14,278278,wisely
2026-03-09T17:58:47+00:00,2026-03-09T15:00:00-04:00,61,1.0,Lunch,2,Mon,Mon,15,278278,wisely
2026-03-09T18:59:14+00:00,2026-03-09T15:15:00-04:00,16,0.3,Lunch,2,Mon,Mon,15,278278,wisely
2026-03-09T17:58:48+00:00,2026-03-09T15:15:00-04:00,76,1.3,Lunch,4,Mon,Mon,15,278278,wisely
2026-03-09T14:11:10+00:00,2026-03-09T16:45:00-04:00,394,6.6,Dinner,2,Mon,Mon,16,278278,wisely
2026-03-09T14:11:12+00:00,2026-03-09T16:45:00-04:00,394,6.6,Dinner,4,Mon,Mon,16,278278,wisely
2026-03-08T21:13:34+00:00,2026-03-09T17:00:00-04:00,1426,23.8,Dinner,2,Mon,Sun,17,278278,wisely
2026-03-08T21:13:35+00:00,2026-03-09T17:00:00-04:00,1426,23.8,Dinner,4,Mon,Sun,17,278278,wisely
2026-03-08T18:59:37+00:00,2026-03-09T17:15:00-04:00,1575,26.3,Dinner,2,Mon,Sun,17,278278,wisely
2026-03-08T18:59:38+00:00,2026-03-09T17:15:00-04:00,1575,26.3,Dinner,4,Mon,Sun,17,278278,wisely
2026-03-08T21:13:34+00:00,2026-03-09T17:45:00-04:00,1471,24.5,Dinner,2,Mon,Sun,17,278278,wisely
2026-03-08T21:13:35+00:00,2026-03-09T17:45:00-04:00,1471,24.5,Dinner,4,Mon,Sun,17,278278,wisely
2026-03-07T22:41:58+00:00,2026-03-09T18:15:00-04:00,2853,47.6,Dinner,2,Mon,Sat,18,278278,wisely
2026-03-07T22:41:58+00:00,2026-03-09T18:15:00-04:00,2853,47.6,Dinner,4,Mon,Sat,18,278278,wisely
2026-03-08T23:55:12+00:00,2026-03-10T00:00:00+00:00,1445,24.1,Dinner,2,Mon,Sun,20,278278,wisely
2026-03-08T23:55:14+00:00,2026-03-10T00:00:00+00:00,1445,24.1,Dinner,4,Mon,Sun,20,278278,wisely
2026-03-08T21:13:34+00:00,2026-03-09T20:15:00-04:00,1621,27.0,Dinner,2,Mon,Sun,20,278278,wisely
2026-03-08T21:13:40+00:00,2026-03-09T20:30:00-04:00,1636,27.3,Dinner,2,Mon,Sun,20,278278,wisely
2026-03-08T21:13:35+00:00,2026-03-09T20:30:00-04:00,1636,27.3,Dinner,4,Mon,Sun,20,278278,wisely
2026-03-08T21:13:41+00:00,2026-03-09T21:00:00-04:00,1666,27.8,Dinner,2,Mon,Sun,21,278278,wisely
2026-03-08T21:13:41+00:00,2026-03-09T21:00:00-04:00,1666,27.8,Dinner,4,Mon,Sun,21,278278,wisely
2026-03-08T21:13:42+00:00,2026-03-09T21:15:00-04:00,1681,28.0,Dinner,2,Mon,Sun,21,278278,wisely
2026-03-08T21:13:42+00:00,2026-03-09T21:15:00-04:00,1681,28.0,Dinner,4,Mon,Sun,21,278278,wisely
2026-03-08T20:52:38+00:00,2026-03-10T01:30:00+00:00,1717,28.6,Dinner,2,Mon,Sun,21,278278,wisely
2026-03-08T20:52:39+00:00,2026-03-10T01:30:00+00:00,1717,28.6,Dinner,4,Mon,Sun,21,278278,wisely
2026-03-08T23:35:19+00:00,2026-03-09T21:45:00-04:00,1570,26.2,Dinner,2,Mon,Sun,21,278278,wisely
2026-03-08T23:35:20+00:00,2026-03-09T21:45:00-04:00,1570,26.2,Dinner,4,Mon,Sun,21,278278,wisely
2026-03-08T05:02:30+00:00,2026-03-10T11:30:00-04:00,3507,58.5,Lunch,2,Tue,Sun,11,278278,wisely
2026-03-08T05:02:31+00:00,2026-03-10T11:30:00-04:00,3507,58.5,Lunch,4,Tue,Sun,11,278278,wisely
2026-03-09T21:03:27+00:00,2026-03-10T12:00:00-04:00,1137,18.9,Lunch,2,Tue,Mon,12,278278,wisely
2026-03-09T21:03:27+00:00,2026-03-10T12:00:00-04:00,1137,18.9,Lunch,4,Tue,Mon,12,278278,wisely
2026-03-10T02:26:37+00:00,2026-03-10T12:15:00-04:00,828,13.8,Lunch,2,Tue,Mon,12,278278,wisely
2026-03-08T16:48:46+00:00,2026-03-10T12:30:00-04:00,2861,47.7,Lunch,2,Tue,Sun,12,278278,wisely
2026-03-08T16:48:47+00:00,2026-03-10T12:30:00-04:00,2861,47.7,Lunch,4,Tue,Sun,12,278278,wisely
2026-03-09T22:02:59+00:00,2026-03-10T12:45:00-04:00,1122,18.7,Lunch,2,Tue,Mon,12,278278,wisely
2026-03-09T22:03:00+00:00,2026-03-10T12:45:00-04:00,1122,18.7,Lunch,4,Tue,Mon,12,278278,wisely
2026-03-09T17:09:10+00:00,2026-03-10T13:00:00-04:00,1431,23.8,Lunch,2,Tue,Mon,13,278278,wisely
2026-03-09T17:59:10+00:00,2026-03-10T13:15:00-04:00,1396,23.3,Lunch,2,Tue,Mon,13,278278,wisely
2026-03-09T14:12:01+00:00,2026-03-10T13:30:00-04:00,1638,27.3,Lunch,2,Tue,Mon,13,278278,wisely
2026-03-10T16:37:41+00:00,2026-03-10T13:45:00-04:00,67,1.1,Lunch,2,Tue,Tue,13,278278,wisely
2026-03-10T16:37:41+00:00,2026-03-10T13:45:00-04:00,67,1.1,Lunch,4,Tue,Tue,13,278278,wisely
2026-03-08T05:02:30+00:00,2026-03-10T14:00:00-04:00,3657,61.0,Lunch,2,Tue,Sun,14,278278,wisely
2026-03-08T05:02:31+00:00,2026-03-10T14:00:00-04:00,3657,61.0,Lunch,4,Tue,Sun,14,278278,wisely
2026-03-08T05:02:30+00:00,2026-03-10T14:15:00-04:00,3672,61.2,Lunch,2,Tue,Sun,14,278278,wisely
2026-03-08T05:02:31+00:00,2026-03-10T14:15:00-04:00,3672,61.2,Lunch,4,Tue,Sun,14,278278,wisely
2026-03-08T05:02:38+00:00,2026-03-10T14:30:00-04:00,3687,61.5,Lunch,2,Tue,Sun,14,278278,wisely
2026-03-08T05:02:38+00:00,2026-03-10T14:30:00-04:00,3687,61.5,Lunch,4,Tue,Sun,14,278278,wisely
2026-03-08T15:36:31+00:00,2026-03-10T14:45:00-04:00,3068,51.1,Lunch,2,Tue,Sun,14,278278,wisely
2026-03-08T15:36:31+00:00,2026-03-10T14:45:00-04:00,3068,51.1,Lunch,4,Tue,Sun,14,278278,wisely
2026-03-10T18:08:22+00:00,2026-03-10T15:00:00-04:00,52,0.9,Lunch,2,Tue,Tue,15,278278,wisely
2026-03-10T18:08:22+00:00,2026-03-10T15:00:00-04:00,52,0.9,Lunch,4,Tue,Tue,15,278278,wisely
2026-03-09T23:03:08+00:00,2026-03-10T16:30:00-04:00,1287,21.4,Dinner,2,Tue,Mon,16,278278,wisely
2026-03-09T23:38:36+00:00,2026-03-10T16:30:00-04:00,1251,20.9,Dinner,4,Tue,Mon,16,278278,wisely
2026-03-09T21:44:43+00:00,2026-03-10T16:45:00-04:00,1380,23.0,Dinner,2,Tue,Mon,16,278278,wisely
2026-03-10T02:26:20+00:00,2026-03-10T17:45:00-04:00,1159,19.3,Dinner,2,Tue,Mon,17,278278,wisely
2026-03-09T16:11:45+00:00,2026-03-10T18:00:00-04:00,1788,29.8,Dinner,2,Tue,Mon,18,278278,wisely
2026-03-10T14:31:10+00:00,2026-03-10T18:00:00-04:00,449,7.5,Dinner,4,Tue,Tue,18,278278,wisely
2026-03-09T22:02:22+00:00,2026-03-10T18:15:00-04:00,1453,24.2,Dinner,2,Tue,Mon,18,278278,wisely
2026-03-08T17:56:56+00:00,2026-03-10T19:00:00-04:00,3183,53.1,Dinner,2,Tue,Sun,19,278278,wisely
2026-03-08T17:56:57+00:00,2026-03-10T19:00:00-04:00,3183,53.1,Dinner,4,Tue,Sun,19,278278,wisely
2026-03-09T22:14:58+00:00,2026-03-10T19:30:00-04:00,1515,25.3,Dinner,2,Tue,Mon,19,278278,wisely
2026-03-09T22:14:59+00:00,2026-03-10T19:30:00-04:00,1515,25.3,Dinner,4,Tue,Mon,19,278278,wisely
2026-03-09T09:59:16+00:00,2026-03-10T19:45:00-04:00,2266,37.8,Dinner,2,Tue,Mon,19,278278,wisely
2026-03-09T09:59:17+00:00,2026-03-10T19:45:00-04:00,2266,37.8,Dinner,4,Tue,Mon,19,278278,wisely
2026-03-09T01:44:46+00:00,2026-03-10T20:30:00-04:00,2805,46.8,Dinner,2,Tue,Sun,20,278278,wisely
2026-03-09T01:44:46+00:00,2026-03-10T20:30:00-04:00,2805,46.8,Dinner,4,Tue,Sun,20,278278,wisely
2026-03-09T19:42:11+00:00,2026-03-10T21:00:00-04:00,1758,29.3,Dinner,2,Tue,Mon,21,278278,wisely
2026-03-09T21:03:13+00:00,2026-03-10T21:00:00-04:00,1677,27.9,Dinner,4,Tue,Mon,21,278278,wisely
2026-03-09T21:03:12+00:00,2026-03-10T21:15:00-04:00,1692,28.2,Dinner,2,Tue,Mon,21,278278,wisely
2026-03-09T21:03:13+00:00,2026-03-10T21:15:00-04:00,1692,28.2,Dinner,4,Tue,Mon,21,278278,wisely
2026-03-09T21:44:44+00:00,2026-03-10T21:30:00-04:00,1665,27.8,Dinner,2,Tue,Mon,21,278278,wisely
2026-03-09T21:44:45+00:00,2026-03-10T21:30:00-04:00,1665,27.8,Dinner,4,Tue,Mon,21,278278,wisely
2026-03-07T05:25:14+00:00,2026-03-10T21:45:00-04:00,5540,92.3,Dinner,2,Tue,Sat,21,278278,wisely
2026-03-07T05:25:15+00:00,2026-03-10T21:45:00-04:00,5540,92.3,Dinner,4,Tue,Sat,21,278278,wisely
2026-03-10T02:27:07+00:00,2026-03-11T11:30:00-04:00,2223,37.0,Lunch,2,Wed,Mon,11,278278,wisely
2026-03-10T02:27:08+00:00,2026-03-11T11:30:00-04:00,2223,37.0,Lunch,4,Wed,Mon,11,278278,wisely
2026-03-09T15:11:32+00:00,2026-03-11T11:45:00-04:00,2913,48.6,Lunch,2,Wed,Mon,11,278278,wisely
2026-03-09T15:11:33+00:00,2026-03-11T11:45:00-04:00,2913,48.6,Lunch,4,Wed,Mon,11,278278,wisely
2026-03-10T21:03:02+00:00,2026-03-11T12:30:00-04:00,1167,19.4,Lunch,2,Wed,Tue,12,278278,wisely
2026-03-10T21:03:03+00:00,2026-03-11T12:30:00-04:00,1167,19.4,Lunch,4,Wed,Tue,12,278278,wisely
2026-03-10T21:18:42+00:00,2026-03-11T12:45:00-04:00,1166,19.4,Lunch,2,Wed,Tue,12,278278,wisely
2026-03-10T21:18:43+00:00,2026-03-11T12:45:00-04:00,1166,19.4,Lunch,4,Wed,Tue,12,278278,wisely
2026-03-09T16:12:32+00:00,2026-03-11T13:30:00-04:00,2957,49.3,Lunch,2,Wed,Mon,13,278278,wisely
2026-03-09T16:12:33+00:00,2026-03-11T13:30:00-04:00,2957,49.3,Lunch,4,Wed,Mon,13,278278,wisely
2026-03-09T04:02:59+00:00,2026-03-11T13:45:00-04:00,3702,61.7,Lunch,2,Wed,Mon,13,278278,wisely
2026-03-09T04:03:00+00:00,2026-03-11T14:00:00-04:00,3717,61.9,Lunch,2,Wed,Mon,14,278278,wisely
2026-03-09T04:03:00+00:00,2026-03-11T14:00:00-04:00,3717,61.9,Lunch,4,Wed,Mon,14,278278,wisely
2026-03-09T04:03:00+00:00,2026-03-11T14:15:00-04:00,3732,62.2,Lunch,2,Wed,Mon,14,278278,wisely
2026-03-09T04:03:01+00:00,2026-03-11T14:15:00-04:00,3732,62.2,Lunch,4,Wed,Mon,14,278278,wisely
2026-03-09T14:12:33+00:00,2026-03-11T14:30:00-04:00,3137,52.3,Lunch,2,Wed,Mon,14,278278,wisely
2026-03-09T04:03:01+00:00,2026-03-11T14:30:00-04:00,3747,62.4,Lunch,4,Wed,Mon,14,278278,wisely
2026-03-09T20:38:24+00:00,2026-03-11T14:45:00-04:00,2767,46.1,Lunch,2,Wed,Mon,14,278278,wisely
2026-03-09T20:38:24+00:00,2026-03-11T14:45:00-04:00,2767,46.1,Lunch,4,Wed,Mon,14,278278,wisely
2026-03-11T17:27:29+00:00,2026-03-11T15:00:00-04:00,93,1.5,Lunch,2,Wed,Wed,15,278278,wisely
2026-03-11T17:27:29+00:00,2026-03-11T15:15:00-04:00,108,1.8,Lunch,4,Wed,Wed,15,278278,wisely
2026-03-11T19:09:47+00:00,2026-03-11T15:30:00-04:00,20,0.3,Lunch,2,Wed,Wed,15,278278,wisely
2026-03-11T19:09:48+00:00,2026-03-11T15:30:00-04:00,20,0.3,Lunch,4,Wed,Wed,15,278278,wisely
2026-03-11T19:09:47+00:00,2026-03-11T16:15:00-04:00,65,1.1,Lunch,2,Wed,Wed,16,278278,wisely
2026-03-09T19:42:50+00:00,2026-03-11T16:30:00-04:00,2927,48.8,Dinner,2,Wed,Mon,16,278278,wisely
2026-03-09T19:42:51+00:00,2026-03-11T16:30:00-04:00,2927,48.8,Dinner,4,Wed,Mon,16,278278,wisely
2026-03-09T16:12:14+00:00,2026-03-11T16:45:00-04:00,3153,52.5,Dinner,2,Wed,Mon,16,278278,wisely
2026-03-11T13:44:40+00:00,2026-03-11T16:45:00-04:00,420,7.0,Dinner,4,Wed,Wed,16,278278,wisely
2026-03-09T23:39:15+00:00,2026-03-11T17:30:00-04:00,2751,45.8,Dinner,2,Wed,Mon,17,278278,wisely
2026-03-09T23:39:15+00:00,2026-03-11T17:30:00-04:00,2751,45.8,Dinner,4,Wed,Mon,17,278278,wisely
2026-03-09T21:50:49+00:00,2026-03-11T17:45:00-04:00,2874,47.9,Dinner,2,Wed,Mon,17,278278,wisely
2026-03-09T21:50:50+00:00,2026-03-11T17:45:00-04:00,2874,47.9,Dinner,4,Wed,Mon,17,278278,wisely
2026-03-09T16:12:14+00:00,2026-03-11T18:45:00-04:00,3273,54.5,Dinner,2,Wed,Mon,18,278278,wisely
2026-03-10T21:02:34+00:00,2026-03-11T20:30:00-04:00,1647,27.5,Dinner,2,Wed,Tue,20,278278,wisely
2026-03-10T21:02:36+00:00,2026-03-11T20:30:00-04:00,1647,27.5,Dinner,4,Wed,Tue,20,278278,wisely
2026-03-10T22:33:09+00:00,2026-03-11T20:45:00-04:00,1572,26.2,Dinner,2,Wed,Tue,20,278278,wisely
2026-03-10T22:33:10+00:00,2026-03-11T20:45:00-04:00,1572,26.2,Dinner,4,Wed,Tue,20,278278,wisely
2026-03-09T19:42:51+00:00,2026-03-11T21:00:00-04:00,3197,53.3,Dinner,2,Wed,Mon,21,278278,wisely
2026-03-09T19:42:52+00:00,2026-03-11T21:00:00-04:00,3197,53.3,Dinner,4,Wed,Mon,21,278278,wisely
2026-03-09T14:12:18+00:00,2026-03-11T21:15:00-04:00,3543,59.0,Dinner,2,Wed,Mon,21,278278,wisely
2026-03-09T14:12:18+00:00,2026-03-11T21:15:00-04:00,3543,59.0,Dinner,4,Wed,Mon,21,278278,wisely
2026-03-10T04:25:04+00:00,2026-03-11T21:30:00-04:00,2705,45.1,Dinner,2,Wed,Tue,21,278278,wisely
2026-03-11T13:44:47+00:00,2026-03-11T21:30:00-04:00,705,11.8,Dinner,4,Wed,Wed,21,278278,wisely
2026-03-09T02:49:01+00:00,2026-03-11T21:45:00-04:00,4256,70.9,Dinner,2,Wed,Sun,21,278278,wisely
2026-03-09T17:59:26+00:00,2026-03-11T21:45:00-04:00,3346,55.8,Dinner,4,Wed,Mon,21,278278,wisely
2026-03-11T21:02:32+00:00,2026-03-12T11:30:00-04:00,1107,18.5,Lunch,2,Thu,Wed,11,278278,wisely
2026-03-11T21:02:33+00:00,2026-03-12T11:30:00-04:00,1107,18.5,Lunch,4,Thu,Wed,11,278278,wisely
2026-03-10T12:29:18+00:00,2026-03-12T12:00:00-04:00,3091,51.5,Lunch,2,Thu,Tue,12,278278,wisely
2026-03-10T12:29:19+00:00,2026-03-12T12:00:00-04:00,3091,51.5,Lunch,4,Thu,Tue,12,278278,wisely
2026-03-11T18:11:22+00:00,2026-03-12T12:45:00-04:00,1354,22.6,Lunch,2,Thu,Wed,12,278278,wisely
2026-03-11T18:11:23+00:00,2026-03-12T12:45:00-04:00,1354,22.6,Lunch,4,Thu,Wed,12,278278,wisely
2026-03-12T06:33:13+00:00,2026-03-12T13:45:00-04:00,672,11.2,Lunch,2,Thu,Thu,13,278278,wisely
2026-03-12T11:40:51+00:00,2026-03-12T13:45:00-04:00,364,6.1,Lunch,4,Thu,Thu,13,278278,wisely
2026-03-11T14:38:15+00:00,2026-03-12T14:00:00-04:00,1642,27.4,Lunch,2,Thu,Wed,14,278278,wisely
2026-03-11T14:38:16+00:00,2026-03-12T14:00:00-04:00,1642,27.4,Lunch,4,Thu,Wed,14,278278,wisely
2026-03-11T19:10:22+00:00,2026-03-12T14:15:00-04:00,1385,23.1,Lunch,2,Thu,Wed,14,278278,wisely
2026-03-11T19:10:23+00:00,2026-03-12T14:15:00-04:00,1385,23.1,Lunch,4,Thu,Wed,14,278278,wisely
2026-03-10T04:25:37+00:00,2026-03-12T14:30:00-04:00,3724,62.1,Lunch,2,Thu,Tue,14,278278,wisely
2026-03-10T04:25:37+00:00,2026-03-12T14:30:00-04:00,3724,62.1,Lunch,4,Thu,Tue,14,278278,wisely
2026-03-10T04:25:37+00:00,2026-03-12T14:45:00-04:00,3739,62.3,Lunch,2,Thu,Tue,14,278278,wisely
2026-03-10T04:25:38+00:00,2026-03-12T14:45:00-04:00,3739,62.3,Lunch,4,Thu,Tue,14,278278,wisely
2026-03-10T04:25:37+00:00,2026-03-12T15:00:00-04:00,3754,62.6,Lunch,2,Thu,Tue,15,278278,wisely
2026-03-10T04:25:38+00:00,2026-03-12T15:00:00-04:00,3754,62.6,Lunch,4,Thu,Tue,15,278278,wisely
2026-03-12T18:01:19+00:00,2026-03-12T15:15:00-04:00,74,1.2,Lunch,2,Thu,Thu,15,278278,wisely
2026-03-12T18:01:20+00:00,2026-03-12T15:15:00-04:00,74,1.2,Lunch,4,Thu,Thu,15,278278,wisely
2026-03-12T19:08:15+00:00,2026-03-12T15:30:00-04:00,22,0.4,Lunch,2,Thu,Thu,15,278278,wisely
2026-03-12T19:08:18+00:00,2026-03-12T15:30:00-04:00,22,0.4,Lunch,4,Thu,Thu,15,278278,wisely
2026-03-12T19:08:17+00:00,2026-03-12T15:45:00-04:00,37,0.6,Lunch,2,Thu,Thu,15,278278,wisely
2026-03-12T19:08:18+00:00,2026-03-12T15:45:00-04:00,37,0.6,Lunch,4,Thu,Thu,15,278278,wisely
2026-03-12T19:08:17+00:00,2026-03-12T16:00:00-04:00,52,0.9,Lunch,2,Thu,Thu,16,278278,wisely
2026-03-12T19:08:18+00:00,2026-03-12T16:00:00-04:00,52,0.9,Lunch,4,Thu,Thu,16,278278,wisely
2026-03-11T18:11:03+00:00,2026-03-12T16:30:00-04:00,1579,26.3,Dinner,2,Thu,Wed,16,278278,wisely
2026-03-11T18:11:03+00:00,2026-03-12T16:30:00-04:00,1579,26.3,Dinner,4,Thu,Wed,16,278278,wisely
2026-03-11T20:18:59+00:00,2026-03-12T16:45:00-04:00,1466,24.4,Dinner,2,Thu,Wed,16,278278,wisely
2026-03-11T20:19:01+00:00,2026-03-12T16:45:00-04:00,1466,24.4,Dinner,4,Thu,Wed,16,278278,wisely
2026-03-11T21:50:23+00:00,2026-03-12T17:30:00-04:00,1420,23.7,Dinner,2,Thu,Wed,17,278278,wisely
2026-03-10T15:37:03+00:00,2026-03-12T19:45:00-04:00,3368,56.1,Dinner,2,Thu,Tue,19,278278,wisely
2026-03-10T15:37:04+00:00,2026-03-12T19:45:00-04:00,3368,56.1,Dinner,4,Thu,Tue,19,278278,wisely
2026-03-11T05:33:59+00:00,2026-03-12T20:45:00-04:00,2591,43.2,Dinner,2,Thu,Wed,20,278278,wisely
2026-03-11T05:33:59+00:00,2026-03-12T20:45:00-04:00,2591,43.2,Dinner,4,Thu,Wed,20,278278,wisely
2026-03-09T11:27:08+00:00,2026-03-12T21:30:00-04:00,5163,86.0,Dinner,2,Thu,Mon,21,278278,wisely
2026-03-09T11:27:08+00:00,2026-03-12T21:30:00-04:00,5163,86.0,Dinner,4,Thu,Mon,21,278278,wisely
2026-03-11T13:45:09+00:00,2026-03-12T21:45:00-04:00,2160,36.0,Dinner,2,Thu,Wed,21,278278,wisely
2026-03-11T13:45:09+00:00,2026-03-12T21:45:00-04:00,2160,36.0,Dinner,4,Thu,Wed,21,278278,wisely
2026-03-11T23:34:38+00:00,2026-03-13T11:30:00-04:00,2395,39.9,Lunch,2,Fri,Wed,11,278278,wisely
2026-03-11T23:34:39+00:00,2026-03-13T11:30:00-04:00,2395,39.9,Lunch,4,Fri,Wed,11,278278,wisely
2026-03-12T14:09:13+00:00,2026-03-13T11:45:00-04:00,1536,25.6,Lunch,2,Fri,Thu,11,278278,wisely
2026-03-12T14:09:13+00:00,2026-03-13T11:45:00-04:00,1536,25.6,Lunch,4,Fri,Thu,11,278278,wisely
2026-03-11T22:58:19+00:00,2026-03-13T12:00:00-04:00,2462,41.0,Lunch,2,Fri,Wed,12,278278,wisely
2026-03-11T22:58:19+00:00,2026-03-13T12:00:00-04:00,2462,41.0,Lunch,4,Fri,Wed,12,278278,wisely
2026-03-11T19:10:46+00:00,2026-03-13T12:15:00-04:00,2704,45.1,Lunch,2,Fri,Wed,12,278278,wisely
2026-03-11T22:58:19+00:00,2026-03-13T12:15:00-04:00,2477,41.3,Lunch,4,Fri,Wed,12,278278,wisely
2026-03-12T21:05:15+00:00,2026-03-13T12:30:00-04:00,1165,19.4,Lunch,2,Fri,Thu,12,278278,wisely
2026-03-12T21:28:45+00:00,2026-03-13T13:00:00-04:00,1171,19.5,Dinner,2,Fri,Thu,13,278278,wisely
2026-03-12T11:58:58+00:00,2026-03-13T13:00:00-04:00,1741,29.0,Lunch,2,Fri,Thu,13,278278,wisely
2026-03-12T21:28:46+00:00,2026-03-13T13:00:00-04:00,1171,19.5,Dinner,4,Fri,Thu,13,278278,wisely
2026-03-12T11:58:58+00:00,2026-03-13T13:00:00-04:00,1741,29.0,Lunch,4,Fri,Thu,13,278278,wisely
2026-03-12T21:29:06+00:00,2026-03-13T13:15:00-04:00,1186,19.8,Lunch,2,Fri,Thu,13,278278,wisely
2026-03-11T14:38:38+00:00,2026-03-13T14:00:00-04:00,3081,51.4,Lunch,2,Fri,Wed,14,278278,wisely
2026-03-11T14:38:38+00:00,2026-03-13T14:00:00-04:00,3081,51.4,Lunch,4,Fri,Wed,14,278278,wisely
2026-03-12T21:29:08+00:00,2026-03-13T14:15:00-04:00,1246,20.8,Lunch,2,Fri,Thu,14,278278,wisely
2026-03-12T19:51:09+00:00,2026-03-13T14:45:00-04:00,1374,22.9,Lunch,2,Fri,Thu,14,278278,wisely
2026-03-12T19:51:10+00:00,2026-03-13T14:45:00-04:00,1374,22.9,Lunch,4,Fri,Thu,14,278278,wisely
2026-03-12T23:38:38+00:00,2026-03-13T15:15:00-04:00,1176,19.6,Lunch,2,Fri,Thu,15,278278,wisely
2026-03-12T23:38:37+00:00,2026-03-13T15:15:00-04:00,1176,19.6,Lunch,4,Fri,Thu,15,278278,wisely
2026-03-12T21:05:22+00:00,2026-03-13T15:45:00-04:00,1360,22.7,Lunch,2,Fri,Thu,15,278278,wisely
2026-03-12T18:01:50+00:00,2026-03-13T16:00:00-04:00,1558,26.0,Lunch,2,Fri,Thu,16,278278,wisely
2026-03-12T18:01:51+00:00,2026-03-13T16:00:00-04:00,1558,26.0,Lunch,4,Fri,Thu,16,278278,wisely
2026-03-11T16:28:24+00:00,2026-03-13T16:15:00-04:00,3107,51.8,Lunch,2,Fri,Wed,16,278278,wisely
2026-03-11T16:28:24+00:00,2026-03-13T16:15:00-04:00,3107,51.8,Lunch,4,Fri,Wed,16,278278,wisely
2026-03-12T21:04:51+00:00,2026-03-13T17:15:00-04:00,1450,24.2,Dinner,2,Fri,Thu,17,278278,wisely
2026-03-13T11:24:13+00:00,2026-03-13T17:15:00-04:00,591,9.8,Dinner,4,Fri,Fri,17,278278,wisely
2026-03-12T20:55:55+00:00,2026-03-13T17:30:00-04:00,1474,24.6,Dinner,2,Fri,Thu,17,278278,wisely
2026-03-12T20:55:56+00:00,2026-03-13T17:30:00-04:00,1474,24.6,Dinner,4,Fri,Thu,17,278278,wisely
2026-03-10T22:46:56+00:00,2026-03-13T17:45:00-04:00,4258,71.0,Dinner,2,Fri,Tue,17,278278,wisely
2026-03-13T09:36:48+00:00,2026-03-13T18:15:00-04:00,758,12.6,Dinner,2,Fri,Fri,18,278278,wisely
2026-03-13T09:36:49+00:00,2026-03-13T18:15:00-04:00,758,12.6,Dinner,4,Fri,Fri,18,278278,wisely
2026-03-12T23:18:56+00:00,2026-03-13T20:00:00-04:00,1481,24.7,Dinner,2,Fri,Thu,20,278278,wisely
2026-03-12T23:18:57+00:00,2026-03-13T20:00:00-04:00,1481,24.7,Dinner,4,Fri,Thu,20,278278,wisely
2026-03-10T14:32:57+00:00,2026-03-13T21:45:00-04:00,4992,83.2,Dinner,2,Fri,Tue,21,278278,wisely
2026-03-10T14:32:57+00:00,2026-03-13T21:45:00-04:00,4992,83.2,Dinner,4,Fri,Tue,21,278278,wisely
2026-03-13T22:47:20+00:00,2026-03-14T15:30:00+00:00,1003,16.7,Lunch,2,Sat,Fri,11,278278,wisely
2026-03-13T22:47:22+00:00,2026-03-14T15:30:00+00:00,1003,16.7,Lunch,4,Sat,Fri,11,278278,wisely
2026-03-13T14:33:22+00:00,2026-03-14T11:45:00-04:00,1512,25.2,Lunch,2,Sat,Fri,11,278278,wisely
2026-03-13T21:18:10+00:00,2026-03-14T12:15:00-04:00,1137,18.9,Lunch,2,Sat,Fri,12,278278,wisely
2026-03-13T21:18:11+00:00,2026-03-14T12:15:00-04:00,1137,18.9,Lunch,4,Sat,Fri,12,278278,wisely
2026-03-13T21:18:11+00:00,2026-03-14T12:45:00-04:00,1167,19.4,Lunch,2,Sat,Fri,12,278278,wisely
2026-03-13T21:18:11+00:00,2026-03-14T13:15:00-04:00,1197,19.9,Lunch,2,Sat,Fri,13,278278,wisely
2026-03-13T21:18:11+00:00,2026-03-14T13:15:00-04:00,1197,19.9,Lunch,4,Sat,Fri,13,278278,wisely
2026-03-14T16:15:12+00:00,2026-03-14T13:45:00-04:00,90,1.5,Lunch,2,Sat,Sat,13,278278,wisely
2026-03-14T16:15:13+00:00,2026-03-14T13:45:00-04:00,90,1.5,Lunch,4,Sat,Sat,13,278278,wisely
2026-03-13T19:34:36+00:00,2026-03-14T14:00:00-04:00,1345,22.4,Lunch,2,Sat,Fri,14,278278,wisely
2026-03-13T19:34:39+00:00,2026-03-14T14:00:00-04:00,1345,22.4,Lunch,4,Sat,Fri,14,278278,wisely
2026-03-12T22:40:47+00:00,2026-03-14T14:30:00-04:00,2629,43.8,Lunch,2,Sat,Thu,14,278278,wisely
2026-03-12T22:40:47+00:00,2026-03-14T14:30:00-04:00,2629,43.8,Lunch,4,Sat,Thu,14,278278,wisely
2026-03-14T11:56:47+00:00,2026-03-14T14:45:00-04:00,408,6.8,Lunch,2,Sat,Sat,14,278278,wisely
2026-03-14T11:56:49+00:00,2026-03-14T14:45:00-04:00,408,6.8,Lunch,4,Sat,Sat,14,278278,wisely
2026-03-14T16:15:13+00:00,2026-03-14T15:00:00-04:00,165,2.7,Lunch,2,Sat,Sat,15,278278,wisely
2026-03-14T16:15:14+00:00,2026-03-14T15:00:00-04:00,165,2.7,Lunch,4,Sat,Sat,15,278278,wisely
2026-03-13T21:47:02+00:00,2026-03-14T15:15:00-04:00,1288,21.5,Lunch,2,Sat,Fri,15,278278,wisely
2026-03-13T03:25:55+00:00,2026-03-14T15:30:00-04:00,2404,40.1,Lunch,2,Sat,Thu,15,278278,wisely
2026-03-13T03:25:55+00:00,2026-03-14T15:30:00-04:00,2404,40.1,Lunch,4,Sat,Thu,15,278278,wisely
2026-03-14T14:04:47+00:00,2026-03-14T15:45:00-04:00,340,5.7,Lunch,2,Sat,Sat,15,278278,wisely
2026-03-14T14:04:48+00:00,2026-03-14T15:45:00-04:00,340,5.7,Lunch,4,Sat,Sat,15,278278,wisely
2026-03-13T03:25:55+00:00,2026-03-14T16:00:00-04:00,2434,40.6,Lunch,2,Sat,Thu,16,278278,wisely
2026-03-13T03:25:56+00:00,2026-03-14T16:00:00-04:00,2434,40.6,Lunch,4,Sat,Thu,16,278278,wisely
2026-03-13T21:05:00+00:00,2026-03-14T16:15:00-04:00,1390,23.2,Lunch,2,Sat,Fri,16,278278,wisely
2026-03-13T21:05:00+00:00,2026-03-14T16:15:00-04:00,1390,23.2,Lunch,4,Sat,Fri,16,278278,wisely
2026-03-11T13:45:48+00:00,2026-03-14T16:45:00-04:00,4739,79.0,Dinner,2,Sat,Wed,16,278278,wisely
2026-03-11T13:45:49+00:00,2026-03-14T16:45:00-04:00,4739,79.0,Dinner,4,Sat,Wed,16,278278,wisely
2026-03-13T21:17:51+00:00,2026-03-14T17:15:00-04:00,1437,24.0,Dinner,2,Sat,Fri,17,278278,wisely
2026-03-13T21:50:06+00:00,2026-03-14T17:15:00-04:00,1405,23.4,Dinner,4,Sat,Fri,17,278278,wisely
2026-03-13T21:46:57+00:00,2026-03-14T17:45:00-04:00,1438,24.0,Dinner,2,Sat,Fri,17,278278,wisely
2026-03-14T11:17:15+00:00,2026-03-14T20:00:00-04:00,763,12.7,Dinner,2,Sat,Sat,20,278278,wisely
2026-03-13T21:04:45+00:00,2026-03-14T21:00:00-04:00,1675,27.9,Dinner,2,Sat,Fri,21,278278,wisely
2026-03-13T05:00:12+00:00,2026-03-14T21:15:00-04:00,2655,44.2,Dinner,2,Sat,Fri,21,278278,wisely
2026-03-11T16:28:33+00:00,2026-03-14T21:45:00-04:00,4876,81.3,Dinner,2,Sat,Wed,21,278278,wisely
2026-03-11T16:28:33+00:00,2026-03-14T21:45:00-04:00,4876,81.3,Dinner,4,Sat,Wed,21,278278,wisely
2026-03-13T05:00:33+00:00,2026-03-15T11:45:00-04:00,3524,58.7,Lunch,2,Sun,Fri,11,278278,wisely
2026-03-14T17:46:20+00:00,2026-03-15T12:00:00-04:00,1334,22.2,Lunch,2,Sun,Sat,12,278278,wisely
2026-03-14T17:46:21+00:00,2026-03-15T12:00:00-04:00,1334,22.2,Lunch,4,Sun,Sat,12,278278,wisely
2026-03-14T23:15:04+00:00,2026-03-15T12:30:00-04:00,1035,17.2,Lunch,2,Sun,Sat,12,278278,wisely
2026-03-14T23:15:04+00:00,2026-03-15T12:30:00-04:00,1035,17.2,Lunch,4,Sun,Sat,12,278278,wisely
2026-03-13T22:16:23+00:00,2026-03-15T16:45:00+00:00,2549,42.5,Lunch,2,Sun,Fri,12,278278,wisely
2026-03-13T22:16:23+00:00,2026-03-15T16:45:00+00:00,2549,42.5,Lunch,4,Sun,Fri,12,278278,wisely
2026-03-14T16:51:59+00:00,2026-03-15T13:00:00-04:00,1448,24.1,Lunch,2,Sun,Sat,13,278278,wisely
2026-03-14T16:52:01+00:00,2026-03-15T13:00:00-04:00,1448,24.1,Lunch,4,Sun,Sat,13,278278,wisely
2026-03-15T01:03:54+00:00,2026-03-15T13:45:00-04:00,1001,16.7,Lunch,2,Sun,Sat,13,278278,wisely
2026-03-15T12:54:23+00:00,2026-03-15T14:30:00-04:00,336,5.6,Lunch,2,Sun,Sun,14,278278,wisely
2026-03-13T16:56:12+00:00,2026-03-15T14:45:00-04:00,2989,49.8,Lunch,2,Sun,Fri,14,278278,wisely
2026-03-13T16:03:46+00:00,2026-03-15T15:15:00-04:00,3071,51.2,Lunch,2,Sun,Fri,15,278278,wisely
2026-03-13T16:03:47+00:00,2026-03-15T15:15:00-04:00,3071,51.2,Lunch,4,Sun,Fri,15,278278,wisely
2026-03-14T19:31:27+00:00,2026-03-15T15:30:00-04:00,1439,24.0,Lunch,2,Sun,Sat,15,278278,wisely
2026-03-14T19:31:28+00:00,2026-03-15T15:30:00-04:00,1439,24.0,Lunch,4,Sun,Sat,15,278278,wisely
2026-03-14T21:28:58+00:00,2026-03-15T15:45:00-04:00,1336,22.3,Lunch,2,Sun,Sat,15,278278,wisely
2026-03-14T21:28:59+00:00,2026-03-15T15:45:00-04:00,1336,22.3,Lunch,4,Sun,Sat,15,278278,wisely
2026-03-15T19:55:13+00:00,2026-03-15T16:15:00-04:00,20,0.3,Lunch,2,Sun,Sun,16,278278,wisely
2026-03-14T00:52:27+00:00,2026-03-15T22:45:00+00:00,2753,45.9,Dinner,2,Sun,Fri,18,278278,wisely
2026-03-14T00:52:27+00:00,2026-03-15T22:45:00+00:00,2753,45.9,Dinner,4,Sun,Fri,18,278278,wisely
2026-03-15T17:47:29+00:00,2026-03-15T19:30:00-04:00,343,5.7,Dinner,2,Sun,Sun,19,278278,wisely
2026-03-15T17:47:30+00:00,2026-03-15T19:30:00-04:00,342,5.7,Dinner,4,Sun,Sun,19,278278,wisely
2026-03-14T21:28:41+00:00,2026-03-15T20:00:00-04:00,1591,26.5,Dinner,2,Sun,Sat,20,278278,wisely
2026-03-14T21:28:42+00:00,2026-03-15T20:00:00-04:00,1591,26.5,Dinner,4,Sun,Sat,20,278278,wisely
2026-03-14T21:28:42+00:00,2026-03-15T20:15:00-04:00,1606,26.8,Dinner,2,Sun,Sat,20,278278,wisely
2026-03-14T21:28:42+00:00,2026-03-15T20:15:00-04:00,1606,26.8,Dinner,4,Sun,Sat,20,278278,wisely
2026-03-13T23:15:16+00:00,2026-03-16T00:30:00+00:00,2955,49.2,Dinner,2,Sun,Fri,20,278278,wisely
2026-03-13T23:15:16+00:00,2026-03-16T00:30:00+00:00,2955,49.2,Dinner,4,Sun,Fri,20,278278,wisely
2026-03-14T20:43:30+00:00,2026-03-15T20:45:00-04:00,1681,28.0,Dinner,2,Sun,Sat,20,278278,wisely
2026-03-14T20:43:31+00:00,2026-03-15T20:45:00-04:00,1681,28.0,Dinner,4,Sun,Sat,20,278278,wisely
2026-03-15T04:04:44+00:00,2026-03-15T21:00:00-04:00,1255,20.9,Dinner,2,Sun,Sun,21,278278,wisely
2026-03-15T04:04:44+00:00,2026-03-15T21:00:00-04:00,1255,20.9,Dinner,4,Sun,Sun,21,278278,wisely
2026-03-14T21:01:04+00:00,2026-03-15T21:15:00-04:00,1694,28.2,Dinner,2,Sun,Sat,21,278278,wisely
2026-03-14T21:01:07+00:00,2026-03-15T21:15:00-04:00,1694,28.2,Dinner,4,Sun,Sat,21,278278,wisely
2026-03-14T04:55:40+00:00,2026-03-16T11:30:00-04:00,3514,58.6,Lunch,2,Mon,Sat,11,278278,wisely
2026-03-14T04:55:41+00:00,2026-03-16T11:30:00-04:00,3514,58.6,Lunch,4,Mon,Sat,11,278278,wisely
2026-03-14T04:55:40+00:00,2026-03-16T11:45:00-04:00,3529,58.8,Lunch,2,Mon,Sat,11,278278,wisely
2026-03-14T04:55:41+00:00,2026-03-16T11:45:00-04:00,3529,58.8,Lunch,4,Mon,Sat,11,278278,wisely
2026-03-15T14:51:48+00:00,2026-03-16T12:00:00-04:00,1508,25.1,Lunch,2,Mon,Sun,12,278278,wisely
2026-03-15T14:51:48+00:00,2026-03-16T12:00:00-04:00,1508,25.1,Lunch,4,Mon,Sun,12,278278,wisely
2026-03-14T04:55:40+00:00,2026-03-16T12:15:00-04:00,3559,59.3,Lunch,2,Mon,Sat,12,278278,wisely
2026-03-15T15:16:31+00:00,2026-03-16T12:15:00-04:00,1498,25.0,Lunch,4,Mon,Sun,12,278278,wisely
2026-03-14T04:55:43+00:00,2026-03-16T12:30:00-04:00,3574,59.6,Lunch,2,Mon,Sat,12,278278,wisely
2026-03-16T15:51:28+00:00,2026-03-16T13:00:00-04:00,69,1.1,Lunch,2,Mon,Mon,13,278278,wisely
2026-03-16T15:51:29+00:00,2026-03-16T13:00:00-04:00,69,1.1,Lunch,4,Mon,Mon,13,278278,wisely
2026-03-14T04:55:44+00:00,2026-03-16T13:15:00-04:00,3619,60.3,Lunch,2,Mon,Sat,13,278278,wisely
2026-03-16T14:51:35+00:00,2026-03-16T13:30:00-04:00,158,2.6,Lunch,2,Mon,Mon,13,278278,wisely
2026-03-16T14:51:36+00:00,2026-03-16T13:30:00-04:00,158,2.6,Lunch,4,Mon,Mon,13,278278,wisely
2026-03-14T04:55:45+00:00,2026-03-16T13:45:00-04:00,3649,60.8,Lunch,2,Mon,Sat,13,278278,wisely
2026-03-14T04:55:46+00:00,2026-03-16T14:00:00-04:00,3664,61.1,Lunch,2,Mon,Sat,14,278278,wisely
2026-03-14T04:55:41+00:00,2026-03-16T14:00:00-04:00,3664,61.1,Lunch,4,Mon,Sat,14,278278,wisely
2026-03-14T04:55:47+00:00,2026-03-16T14:15:00-04:00,3679,61.3,Lunch,2,Mon,Sat,14,278278,wisely
2026-03-14T04:55:45+00:00,2026-03-16T14:15:00-04:00,3679,61.3,Lunch,4,Mon,Sat,14,278278,wisely
2026-03-15T15:47:49+00:00,2026-03-16T14:30:00-04:00,1602,26.7,Lunch,2,Mon,Sun,14,278278,wisely
2026-03-14T04:55:46+00:00,2026-03-16T14:30:00-04:00,3694,61.6,Lunch,4,Mon,Sat,14,278278,wisely
2026-03-16T18:41:38+00:00,2026-03-16T15:00:00-04:00,18,0.3,Lunch,2,Mon,Mon,15,278278,wisely
2026-03-16T18:41:40+00:00,2026-03-16T15:00:00-04:00,18,0.3,Lunch,4,Mon,Mon,15,278278,wisely
2026-03-16T18:41:39+00:00,2026-03-16T16:15:00-04:00,93,1.6,Lunch,2,Mon,Mon,16,278278,wisely
2026-03-13T05:00:38+00:00,2026-03-16T16:30:00-04:00,5249,87.5,Dinner,2,Mon,Fri,16,278278,wisely
2026-03-13T05:00:39+00:00,2026-03-16T16:30:00-04:00,5249,87.5,Dinner,4,Mon,Fri,16,278278,wisely
2026-03-14T18:18:48+00:00,2026-03-16T16:45:00-04:00,3026,50.4,Dinner,2,Mon,Sat,16,278278,wisely
2026-03-15T12:54:31+00:00,2026-03-16T16:45:00-04:00,1910,31.8,Dinner,4,Mon,Sun,16,278278,wisely
2026-03-13T13:45:53+00:00,2026-03-16T17:00:00-04:00,4754,79.2,Dinner,2,Mon,Fri,17,278278,wisely
2026-03-15T22:49:40+00:00,2026-03-16T17:00:00-04:00,1330,22.2,Dinner,4,Mon,Sun,17,278278,wisely
2026-03-16T01:03:23+00:00,2026-03-16T17:45:00-04:00,1242,20.7,Dinner,2,Mon,Sun,17,278278,wisely
2026-03-15T19:00:20+00:00,2026-03-16T18:00:00-04:00,1620,27.0,Dinner,2,Mon,Sun,18,278278,wisely
2026-03-15T04:04:59+00:00,2026-03-16T18:45:00-04:00,2560,42.7,Dinner,2,Mon,Sun,18,278278,wisely
2026-03-16T04:10:27+00:00,2026-03-16T19:00:00-04:00,1130,18.8,Dinner,2,Mon,Mon,19,278278,wisely
2026-03-15T21:15:53+00:00,2026-03-16T20:15:00-04:00,1619,27.0,Dinner,2,Mon,Sun,20,278278,wisely
2026-03-15T21:34:50+00:00,2026-03-16T20:15:00-04:00,1600,26.7,Dinner,4,Mon,Sun,20,278278,wisely
2026-03-15T21:45:26+00:00,2026-03-16T20:45:00-04:00,1620,27.0,Dinner,2,Mon,Sun,20,278278,wisely
2026-03-15T19:55:22+00:00,2026-03-16T21:00:00-04:00,1745,29.1,Dinner,2,Mon,Sun,21,278278,wisely
2026-03-15T19:55:23+00:00,2026-03-16T21:00:00-04:00,1745,29.1,Dinner,4,Mon,Sun,21,278278,wisely
2026-03-15T11:57:29+00:00,2026-03-16T21:30:00-04:00,2253,37.5,Dinner,2,Mon,Sun,21,278278,wisely
2026-03-15T11:57:30+00:00,2026-03-16T21:30:00-04:00,2252,37.5,Dinner,4,Mon,Sun,21,278278,wisely
2026-03-16T04:10:34+00:00,2026-03-16T21:45:00-04:00,1294,21.6,Dinner,2,Mon,Mon,21,278278,wisely
2026-03-16T04:10:29+00:00,2026-03-16T21:45:00-04:00,1295,21.6,Dinner,4,Mon,Mon,21,278278,wisely
2026-03-16T14:52:11+00:00,2026-03-17T11:30:00-04:00,1478,24.6,Lunch,2,Tue,Mon,11,278278,wisely
2026-03-16T14:52:12+00:00,2026-03-17T11:30:00-04:00,1478,24.6,Lunch,4,Tue,Mon,11,278278,wisely
2026-03-15T14:17:23+00:00,2026-03-17T11:45:00-04:00,2968,49.5,Lunch,2,Tue,Sun,11,278278,wisely
2026-03-15T14:17:23+00:00,2026-03-17T11:45:00-04:00,2968,49.5,Lunch,4,Tue,Sun,11,278278,wisely
2026-03-16T19:41:48+00:00,2026-03-17T12:00:00-04:00,1218,20.3,Lunch,2,Tue,Mon,12,278278,wisely
2026-03-16T19:41:49+00:00,2026-03-17T12:00:00-04:00,1218,20.3,Lunch,4,Tue,Mon,12,278278,wisely
2026-03-16T17:49:31+00:00,2026-03-17T12:15:00-04:00,1345,22.4,Lunch,2,Tue,Mon,12,278278,wisely
2026-03-16T17:49:32+00:00,2026-03-17T12:15:00-04:00,1345,22.4,Lunch,4,Tue,Mon,12,278278,wisely
2026-03-16T10:32:22+00:00,2026-03-17T12:30:00-04:00,1798,30.0,Lunch,2,Tue,Mon,12,278278,wisely
2026-03-16T10:32:23+00:00,2026-03-17T12:30:00-04:00,1798,30.0,Lunch,4,Tue,Mon,12,278278,wisely
2026-03-16T14:52:11+00:00,2026-03-17T12:45:00-04:00,1553,25.9,Lunch,2,Tue,Mon,12,278278,wisely
2026-03-16T14:52:12+00:00,2026-03-17T12:45:00-04:00,1553,25.9,Lunch,4,Tue,Mon,12,278278,wisely
2026-03-16T21:32:32+00:00,2026-03-17T13:00:00-04:00,1167,19.5,Lunch,2,Tue,Mon,13,278278,wisely
2026-03-16T21:32:33+00:00,2026-03-17T13:00:00-04:00,1167,19.5,Lunch,4,Tue,Mon,13,278278,wisely
2026-03-16T17:49:31+00:00,2026-03-17T13:15:00-04:00,1405,23.4,Lunch,2,Tue,Mon,13,278278,wisely
2026-03-17T15:14:26+00:00,2026-03-17T13:45:00-04:00,151,2.5,Lunch,2,Tue,Tue,13,278278,wisely
2026-03-17T16:35:19+00:00,2026-03-17T13:45:00-04:00,70,1.2,Lunch,4,Tue,Tue,13,278278,wisely
2026-03-16T14:52:20+00:00,2026-03-17T14:00:00-04:00,1628,27.1,Lunch,2,Tue,Mon,14,278278,wisely
2026-03-16T14:52:20+00:00,2026-03-17T14:00:00-04:00,1628,27.1,Lunch,4,Tue,Mon,14,278278,wisely
2026-03-15T04:05:25+00:00,2026-03-17T14:15:00-04:00,3730,62.2,Lunch,2,Tue,Sun,14,278278,wisely
2026-03-15T04:05:26+00:00,2026-03-17T14:15:00-04:00,3730,62.2,Lunch,4,Tue,Sun,14,278278,wisely
2026-03-15T04:05:25+00:00,2026-03-17T14:30:00-04:00,3745,62.4,Lunch,2,Tue,Sun,14,278278,wisely
2026-03-15T04:05:26+00:00,2026-03-17T14:30:00-04:00,3745,62.4,Lunch,4,Tue,Sun,14,278278,wisely
2026-03-15T04:05:25+00:00,2026-03-17T14:45:00-04:00,3760,62.7,Lunch,2,Tue,Sun,14,278278,wisely
2026-03-16T17:49:41+00:00,2026-03-17T14:45:00-04:00,1495,24.9,Lunch,4,Tue,Mon,14,278278,wisely
2026-03-17T18:36:32+00:00,2026-03-17T15:00:00-04:00,23,0.4,Lunch,2,Tue,Tue,15,278278,wisely
2026-03-15T04:05:26+00:00,2026-03-17T15:00:00-04:00,3775,62.9,Lunch,4,Tue,Sun,15,278278,wisely
2026-03-17T18:36:32+00:00,2026-03-17T15:15:00-04:00,38,0.6,Lunch,2,Tue,Tue,15,278278,wisely
2026-03-17T18:36:33+00:00,2026-03-17T15:15:00-04:00,38,0.6,Lunch,4,Tue,Tue,15,278278,wisely
2026-03-17T18:36:33+00:00,2026-03-17T15:30:00-04:00,53,0.9,Lunch,2,Tue,Tue,15,278278,wisely
2026-03-17T18:36:33+00:00,2026-03-17T15:30:00-04:00,53,0.9,Lunch,4,Tue,Tue,15,278278,wisely
2026-03-17T19:40:35+00:00,2026-03-17T16:15:00-04:00,34,0.6,Lunch,2,Tue,Tue,16,278278,wisely
2026-03-17T19:40:36+00:00,2026-03-17T16:15:00-04:00,34,0.6,Lunch,4,Tue,Tue,16,278278,wisely
2026-03-16T14:51:52+00:00,2026-03-17T16:30:00-04:00,1778,29.6,Dinner,2,Tue,Mon,16,278278,wisely
2026-03-16T14:51:52+00:00,2026-03-17T16:45:00-04:00,1793,29.9,Dinner,2,Tue,Mon,16,278278,wisely
2026-03-16T14:51:53+00:00,2026-03-17T16:45:00-04:00,1793,29.9,Dinner,4,Tue,Mon,16,278278,wisely
2026-03-16T22:46:48+00:00,2026-03-17T21:00:00+00:00,1333,22.2,Dinner,2,Tue,Mon,17,278278,wisely
2026-03-14T19:32:03+00:00,2026-03-17T17:15:00-04:00,4423,73.7,Dinner,2,Tue,Sat,17,278278,wisely
2026-03-14T19:32:03+00:00,2026-03-17T17:15:00-04:00,4423,73.7,Dinner,4,Tue,Sat,17,278278,wisely
2026-03-16T22:00:19+00:00,2026-03-17T17:30:00-04:00,1410,23.5,Dinner,2,Tue,Mon,17,278278,wisely
2026-03-16T22:00:20+00:00,2026-03-17T17:30:00-04:00,1410,23.5,Dinner,4,Tue,Mon,17,278278,wisely
2026-03-16T21:22:57+00:00,2026-03-17T18:45:00-04:00,1522,25.4,Dinner,2,Tue,Mon,18,278278,wisely
2026-03-16T21:22:58+00:00,2026-03-17T19:15:00-04:00,1552,25.9,Dinner,2,Tue,Mon,19,278278,wisely
2026-03-16T14:51:53+00:00,2026-03-17T20:45:00-04:00,2033,33.9,Dinner,2,Tue,Mon,20,278278,wisely
2026-03-16T14:51:53+00:00,2026-03-17T20:45:00-04:00,2033,33.9,Dinner,4,Tue,Mon,20,278278,wisely
2026-03-16T20:06:05+00:00,2026-03-17T21:00:00-04:00,1734,28.9,Dinner,2,Tue,Mon,21,278278,wisely
2026-03-16T21:22:59+00:00,2026-03-17T21:00:00-04:00,1657,27.6,Dinner,4,Tue,Mon,21,278278,wisely
2026-03-16T15:51:39+00:00,2026-03-17T21:15:00-04:00,2003,33.4,Dinner,2,Tue,Mon,21,278278,wisely
2026-03-16T21:23:00+00:00,2026-03-17T21:15:00-04:00,1672,27.9,Dinner,4,Tue,Mon,21,278278,wisely
2026-03-16T21:23:10+00:00,2026-03-17T21:30:00-04:00,1687,28.1,Dinner,2,Tue,Mon,21,278278,wisely
2026-03-16T21:23:00+00:00,2026-03-17T21:30:00-04:00,1687,28.1,Dinner,4,Tue,Mon,21,278278,wisely
2026-03-15T17:48:15+00:00,2026-03-17T21:45:00-04:00,3357,55.9,Dinner,2,Tue,Sun,21,278278,wisely
2026-03-15T17:48:15+00:00,2026-03-17T21:45:00-04:00,3357,55.9,Dinner,4,Tue,Sun,21,278278,wisely
2026-03-17T21:00:55+00:00,2026-03-18T11:30:00-04:00,1109,18.5,Lunch,2,Wed,Tue,11,278278,wisely
2026-03-17T21:00:56+00:00,2026-03-18T11:30:00-04:00,1109,18.5,Lunch,4,Wed,Tue,11,278278,wisely
2026-03-17T11:53:29+00:00,2026-03-18T11:45:00-04:00,1672,27.9,Lunch,2,Wed,Tue,11,278278,wisely
2026-03-17T11:53:29+00:00,2026-03-18T11:45:00-04:00,1672,27.9,Lunch,4,Wed,Tue,11,278278,wisely
2026-03-17T22:20:37+00:00,2026-03-18T12:00:00-04:00,1059,17.7,Lunch,2,Wed,Tue,12,278278,wisely
2026-03-17T22:20:37+00:00,2026-03-18T12:00:00-04:00,1059,17.7,Lunch,4,Wed,Tue,12,278278,wisely
2026-03-17T17:41:23+00:00,2026-03-18T13:30:00-04:00,1429,23.8,Lunch,2,Wed,Tue,13,278278,wisely
2026-03-17T21:00:56+00:00,2026-03-18T13:30:00-04:00,1229,20.5,Lunch,4,Wed,Tue,13,278278,wisely
2026-03-16T22:01:21+00:00,2026-03-18T13:45:00-04:00,2624,43.7,Lunch,2,Wed,Mon,13,278278,wisely
2026-03-16T22:01:21+00:00,2026-03-18T13:45:00-04:00,2624,43.7,Lunch,4,Wed,Mon,13,278278,wisely
2026-03-17T14:05:15+00:00,2026-03-18T14:00:00-04:00,1675,27.9,Lunch,2,Wed,Tue,14,278278,wisely
2026-03-17T14:05:16+00:00,2026-03-18T14:00:00-04:00,1675,27.9,Lunch,4,Wed,Tue,14,278278,wisely
2026-03-16T04:11:11+00:00,2026-03-18T14:15:00-04:00,3724,62.1,Lunch,2,Wed,Mon,14,278278,wisely
2026-03-16T04:11:11+00:00,2026-03-18T14:30:00-04:00,3739,62.3,Lunch,2,Wed,Mon,14,278278,wisely
2026-03-16T04:11:12+00:00,2026-03-18T14:30:00-04:00,3739,62.3,Lunch,4,Wed,Mon,14,278278,wisely
2026-03-16T04:11:11+00:00,2026-03-18T14:45:00-04:00,3754,62.6,Lunch,2,Wed,Mon,14,278278,wisely
2026-03-16T04:11:12+00:00,2026-03-18T14:45:00-04:00,3754,62.6,Lunch,4,Wed,Mon,14,278278,wisely
2026-03-16T16:47:22+00:00,2026-03-18T15:00:00-04:00,3013,50.2,Lunch,2,Wed,Mon,15,278278,wisely
2026-03-16T04:11:12+00:00,2026-03-18T15:00:00-04:00,3769,62.8,Lunch,4,Wed,Mon,15,278278,wisely
2026-03-18T16:00:24+00:00,2026-03-18T15:15:00-04:00,195,3.2,Lunch,2,Wed,Wed,15,278278,wisely
2026-03-18T13:50:40+00:00,2026-03-18T15:15:00-04:00,324,5.4,Lunch,4,Wed,Wed,15,278278,wisely
2026-03-18T16:00:25+00:00,2026-03-18T15:30:00-04:00,210,3.5,Lunch,2,Wed,Wed,15,278278,wisely
2026-03-18T18:12:02+00:00,2026-03-18T15:45:00-04:00,93,1.5,Lunch,2,Wed,Wed,15,278278,wisely
2026-03-18T16:00:26+00:00,2026-03-18T15:45:00-04:00,225,3.7,Lunch,4,Wed,Wed,15,278278,wisely
2026-03-18T18:12:02+00:00,2026-03-18T16:15:00-04:00,123,2.0,Lunch,2,Wed,Wed,16,278278,wisely
2026-03-18T18:12:03+00:00,2026-03-18T16:15:00-04:00,123,2.0,Lunch,4,Wed,Wed,16,278278,wisely
2026-03-16T19:42:05+00:00,2026-03-18T17:00:00-04:00,2958,49.3,Dinner,2,Wed,Mon,17,278278,wisely
2026-03-16T19:42:05+00:00,2026-03-18T17:00:00-04:00,2958,49.3,Dinner,4,Wed,Mon,17,278278,wisely
2026-03-17T21:00:47+00:00,2026-03-18T17:45:00-04:00,1484,24.7,Dinner,2,Wed,Tue,17,278278,wisely
2026-03-17T21:00:47+00:00,2026-03-18T17:45:00-04:00,1484,24.7,Dinner,4,Wed,Tue,17,278278,wisely
2026-03-17T21:00:36+00:00,2026-03-18T18:30:00-04:00,1529,25.5,Dinner,2,Wed,Tue,18,278278,wisely
2026-03-17T21:00:37+00:00,2026-03-18T18:30:00-04:00,1529,25.5,Dinner,4,Wed,Tue,18,278278,wisely
2026-03-17T22:20:09+00:00,2026-03-18T19:45:00-04:00,1525,25.4,Dinner,2,Wed,Tue,19,278278,wisely
2026-03-16T23:47:26+00:00,2026-03-19T00:00:00+00:00,2893,48.2,Dinner,2,Wed,Mon,20,278278,wisely
2026-03-15T17:48:41+00:00,2026-03-18T20:45:00-04:00,4736,78.9,Dinner,2,Wed,Sun,20,278278,wisely
2026-03-15T17:48:41+00:00,2026-03-18T20:45:00-04:00,4736,78.9,Dinner,4,Wed,Sun,20,278278,wisely
2026-03-16T20:55:12+00:00,2026-03-18T21:15:00-04:00,3140,52.3,Dinner,2,Wed,Mon,21,278278,wisely
2026-03-16T20:55:12+00:00,2026-03-18T21:15:00-04:00,3140,52.3,Dinner,4,Wed,Mon,21,278278,wisely
2026-03-16T22:01:03+00:00,2026-03-18T21:30:00-04:00,3089,51.5,Dinner,2,Wed,Mon,21,278278,wisely
2026-03-16T22:01:03+00:00,2026-03-18T21:30:00-04:00,3089,51.5,Dinner,4,Wed,Mon,21,278278,wisely
2026-03-16T21:23:33+00:00,2026-03-18T21:45:00-04:00,3141,52.4,Dinner,2,Wed,Mon,21,278278,wisely
2026-03-17T03:32:51+00:00,2026-03-18T21:45:00-04:00,2772,46.2,Dinner,4,Wed,Mon,21,278278,wisely
2026-03-17T23:19:34+00:00,2026-03-19T11:30:00-04:00,2410,40.2,Lunch,2,Thu,Tue,11,278278,wisely
2026-03-17T23:19:34+00:00,2026-03-19T11:30:00-04:00,2410,40.2,Lunch,4,Thu,Tue,11,278278,wisely
2026-03-19T14:38:08+00:00,2026-03-19T11:45:00-04:00,67,1.1,Lunch,2,Thu,Thu,11,278278,wisely
2026-03-19T14:38:09+00:00,2026-03-19T11:45:00-04:00,67,1.1,Lunch,4,Thu,Thu,11,278278,wisely
2026-03-17T05:11:04+00:00,2026-03-19T12:00:00-04:00,3529,58.8,Lunch,2,Thu,Tue,12,278278,wisely
2026-03-17T05:11:05+00:00,2026-03-19T12:00:00-04:00,3529,58.8,Lunch,4,Thu,Tue,12,278278,wisely
2026-03-17T20:21:56+00:00,2026-03-19T12:15:00-04:00,2633,43.9,Lunch,2,Thu,Tue,12,278278,wisely
2026-03-17T20:21:56+00:00,2026-03-19T12:15:00-04:00,2633,43.9,Lunch,4,Thu,Tue,12,278278,wisely
2026-03-18T09:28:51+00:00,2026-03-19T12:30:00-04:00,1861,31.0,Lunch,2,Thu,Wed,12,278278,wisely
2026-03-18T09:28:51+00:00,2026-03-19T12:30:00-04:00,1861,31.0,Lunch,4,Thu,Wed,12,278278,wisely
2026-03-18T21:19:38+00:00,2026-03-19T13:00:00-04:00,1180,19.7,Lunch,2,Thu,Wed,13,278278,wisely
2026-03-18T21:19:38+00:00,2026-03-19T13:30:00-04:00,1210,20.2,Lunch,2,Thu,Wed,13,278278,wisely
2026-03-17T05:11:04+00:00,2026-03-19T13:45:00-04:00,3634,60.6,Lunch,2,Thu,Tue,13,278278,wisely
2026-03-17T17:41:45+00:00,2026-03-19T14:00:00-04:00,2898,48.3,Lunch,2,Thu,Tue,14,278278,wisely
2026-03-17T17:41:46+00:00,2026-03-19T14:00:00-04:00,2898,48.3,Lunch,4,Thu,Tue,14,278278,wisely
2026-03-17T05:11:04+00:00,2026-03-19T14:15:00-04:00,3664,61.1,Lunch,2,Thu,Tue,14,278278,wisely
2026-03-19T14:38:10+00:00,2026-03-19T14:15:00-04:00,217,3.6,Lunch,4,Thu,Thu,14,278278,wisely
2026-03-17T05:11:08+00:00,2026-03-19T14:30:00-04:00,3679,61.3,Lunch,2,Thu,Tue,14,278278,wisely
2026-03-17T05:11:05+00:00,2026-03-19T14:30:00-04:00,3679,61.3,Lunch,4,Thu,Tue,14,278278,wisely
2026-03-17T18:37:23+00:00,2026-03-19T14:45:00-04:00,2888,48.1,Lunch,2,Thu,Tue,14,278278,wisely
2026-03-17T05:11:05+00:00,2026-03-19T14:45:00-04:00,3694,61.6,Lunch,4,Thu,Tue,14,278278,wisely
2026-03-17T19:41:25+00:00,2026-03-19T15:00:00-04:00,2839,47.3,Lunch,2,Thu,Tue,15,278278,wisely
2026-03-17T05:11:09+00:00,2026-03-19T15:00:00-04:00,3709,61.8,Lunch,4,Thu,Tue,15,278278,wisely
2026-03-18T17:12:25+00:00,2026-03-19T15:15:00-04:00,1563,26.0,Lunch,2,Thu,Wed,15,278278,wisely
2026-03-18T17:12:26+00:00,2026-03-19T15:15:00-04:00,1563,26.0,Lunch,4,Thu,Wed,15,278278,wisely
2026-03-18T21:54:13+00:00,2026-03-19T16:15:00-04:00,1341,22.3,Lunch,4,Thu,Wed,16,278278,wisely
2026-03-18T14:53:58+00:00,2026-03-19T16:30:00-04:00,1776,29.6,Dinner,2,Thu,Wed,16,278278,wisely
2026-03-18T14:53:58+00:00,2026-03-19T16:30:00-04:00,1776,29.6,Dinner,4,Thu,Wed,16,278278,wisely
2026-03-18T01:52:49+00:00,2026-03-19T17:00:00-04:00,2587,43.1,Dinner,2,Thu,Tue,17,278278,wisely
2026-03-18T04:10:46+00:00,2026-03-19T17:00:00-04:00,2449,40.8,Dinner,4,Thu,Wed,17,278278,wisely
2026-03-16T22:50:47+00:00,2026-03-19T17:15:00-04:00,4224,70.4,Dinner,2,Thu,Mon,17,278278,wisely
2026-03-18T01:10:21+00:00,2026-03-19T17:30:00-04:00,2660,44.3,Dinner,2,Thu,Tue,17,278278,wisely
2026-03-18T01:10:22+00:00,2026-03-19T17:30:00-04:00,2660,44.3,Dinner,4,Thu,Tue,17,278278,wisely
2026-03-18T21:19:21+00:00,2026-03-19T17:45:00-04:00,1466,24.4,Dinner,2,Thu,Wed,17,278278,wisely
2026-03-18T21:19:22+00:00,2026-03-19T17:45:00-04:00,1466,24.4,Dinner,4,Thu,Wed,17,278278,wisely
2026-03-18T21:53:55+00:00,2026-03-19T19:30:00-04:00,1536,25.6,Dinner,2,Thu,Wed,19,278278,wisely
2026-03-18T23:54:52+00:00,2026-03-19T20:30:00-04:00,1475,24.6,Dinner,2,Thu,Wed,20,278278,wisely
2026-03-18T23:54:53+00:00,2026-03-19T20:30:00-04:00,1475,24.6,Dinner,4,Thu,Wed,20,278278,wisely
2026-03-18T23:31:25+00:00,2026-03-19T21:00:00-04:00,1529,25.5,Dinner,2,Thu,Wed,21,278278,wisely
2026-03-18T21:19:21+00:00,2026-03-19T21:30:00-04:00,1691,28.2,Dinner,2,Thu,Wed,21,278278,wisely
2026-03-18T21:19:22+00:00,2026-03-19T21:30:00-04:00,1691,28.2,Dinner,4,Thu,Wed,21,278278,wisely
2026-03-17T23:51:36+00:00,2026-03-19T21:45:00-04:00,2993,49.9,Dinner,2,Thu,Tue,21,278278,wisely
2026-03-17T23:51:37+00:00,2026-03-19T21:45:00-04:00,2993,49.9,Dinner,4,Thu,Tue,21,278278,wisely
2026-03-18T04:11:18+00:00,2026-03-20T11:30:00-04:00,3559,59.3,Lunch,2,Fri,Wed,11,278278,wisely
2026-03-18T04:11:18+00:00,2026-03-20T11:30:00-04:00,3559,59.3,Lunch,4,Fri,Wed,11,278278,wisely
2026-03-18T17:12:50+00:00,2026-03-20T12:45:00-04:00,2852,47.5,Lunch,2,Fri,Wed,12,278278,wisely
2026-03-19T15:34:26+00:00,2026-03-20T13:00:00-04:00,1526,25.4,Lunch,2,Fri,Thu,13,278278,wisely
2026-03-19T15:34:26+00:00,2026-03-20T13:00:00-04:00,1526,25.4,Lunch,4,Fri,Thu,13,278278,wisely
2026-03-18T11:26:33+00:00,2026-03-20T13:30:00-04:00,3243,54.1,Lunch,2,Fri,Wed,13,278278,wisely
2026-03-18T11:26:33+00:00,2026-03-20T13:30:00-04:00,3243,54.1,Lunch,4,Fri,Wed,13,278278,wisely
2026-03-19T14:38:26+00:00,2026-03-20T13:45:00-04:00,1627,27.1,Lunch,2,Fri,Thu,13,278278,wisely
2026-03-19T20:53:35+00:00,2026-03-20T14:00:00-04:00,1266,21.1,Lunch,2,Fri,Thu,14,278278,wisely
2026-03-19T14:38:27+00:00,2026-03-20T14:30:00-04:00,1672,27.9,Lunch,2,Fri,Thu,14,278278,wisely
2026-03-19T14:38:28+00:00,2026-03-20T14:30:00-04:00,1672,27.9,Lunch,4,Fri,Thu,14,278278,wisely
2026-03-18T14:54:48+00:00,2026-03-20T15:00:00-04:00,3125,52.1,Lunch,2,Fri,Wed,15,278278,wisely
2026-03-18T14:54:48+00:00,2026-03-20T15:00:00-04:00,3125,52.1,Lunch,4,Fri,Wed,15,278278,wisely
2026-03-19T16:39:29+00:00,2026-03-20T15:15:00-04:00,1596,26.6,Lunch,2,Fri,Thu,15,278278,wisely
2026-03-19T16:39:31+00:00,2026-03-20T15:15:00-04:00,1595,26.6,Lunch,4,Fri,Thu,15,278278,wisely
2026-03-19T22:51:49+00:00,2026-03-20T15:45:00-04:00,1253,20.9,Lunch,2,Fri,Thu,15,278278,wisely
2026-03-19T21:20:34+00:00,2026-03-20T15:45:00-04:00,1344,22.4,Lunch,4,Fri,Thu,15,278278,wisely
2026-03-20T18:01:38+00:00,2026-03-20T16:15:00-04:00,133,2.2,Lunch,2,Fri,Fri,16,278278,wisely
2026-03-20T18:01:40+00:00,2026-03-20T16:15:00-04:00,133,2.2,Lunch,4,Fri,Fri,16,278278,wisely
2026-03-18T19:26:59+00:00,2026-03-20T16:45:00-04:00,2958,49.3,Dinner,2,Fri,Wed,16,278278,wisely
2026-03-18T19:26:59+00:00,2026-03-20T16:45:00-04:00,2958,49.3,Dinner,4,Fri,Wed,16,278278,wisely
2026-03-19T21:20:10+00:00,2026-03-20T17:00:00-04:00,1420,23.7,Dinner,2,Fri,Thu,17,278278,wisely
2026-03-19T21:20:11+00:00,2026-03-20T17:00:00-04:00,1420,23.7,Dinner,4,Fri,Thu,17,278278,wisely
2026-03-17T15:15:37+00:00,2026-03-20T17:15:00-04:00,4679,78.0,Dinner,2,Fri,Tue,17,278278,wisely
2026-03-17T15:15:37+00:00,2026-03-20T17:15:00-04:00,4679,78.0,Dinner,4,Fri,Tue,17,278278,wisely
2026-03-19T22:23:48+00:00,2026-03-20T21:45:00-04:00,1641,27.4,Dinner,2,Fri,Thu,21,278278,wisely
2026-03-19T22:23:49+00:00,2026-03-20T21:45:00-04:00,1641,27.4,Dinner,4,Fri,Thu,21,278278,wisely
2026-03-20T21:01:48+00:00,2026-03-21T11:30:00-04:00,1108,18.5,Lunch,2,Sat,Fri,11,278278,wisely
2026-03-19T04:08:46+00:00,2026-03-21T11:45:00-04:00,3576,59.6,Lunch,2,Sat,Thu,11,278278,wisely
2026-03-20T20:52:06+00:00,2026-03-21T11:45:00-04:00,1133,18.9,Lunch,4,Sat,Fri,11,278278,wisely
2026-03-20T21:01:49+00:00,2026-03-21T12:00:00-04:00,1138,19.0,Lunch,2,Sat,Fri,12,278278,wisely
2026-03-20T21:01:50+00:00,2026-03-21T12:00:00-04:00,1138,19.0,Lunch,4,Sat,Fri,12,278278,wisely
2026-03-19T23:50:54+00:00,2026-03-21T12:15:00-04:00,2424,40.4,Lunch,2,Sat,Thu,12,278278,wisely
2026-03-19T23:50:54+00:00,2026-03-21T12:15:00-04:00,2424,40.4,Lunch,4,Sat,Thu,12,278278,wisely
2026-03-20T11:47:58+00:00,2026-03-21T12:30:00-04:00,1722,28.7,Lunch,2,Sat,Fri,12,278278,wisely
2026-03-20T11:47:58+00:00,2026-03-21T12:30:00-04:00,1722,28.7,Lunch,4,Sat,Fri,12,278278,wisely
2026-03-20T01:13:39+00:00,2026-03-21T12:45:00-04:00,2371,39.5,Lunch,2,Sat,Thu,12,278278,wisely
2026-03-20T01:13:39+00:00,2026-03-21T12:45:00-04:00,2371,39.5,Lunch,4,Sat,Thu,12,278278,wisely
2026-03-19T20:40:51+00:00,2026-03-21T13:00:00-04:00,2659,44.3,Lunch,2,Sat,Thu,13,278278,wisely
2026-03-20T18:01:58+00:00,2026-03-21T13:15:00-04:00,1393,23.2,Lunch,2,Sat,Fri,13,278278,wisely
2026-03-20T18:01:58+00:00,2026-03-21T13:15:00-04:00,1393,23.2,Lunch,4,Sat,Fri,13,278278,wisely
2026-03-19T19:30:10+00:00,2026-03-21T13:45:00-04:00,2775,46.2,Lunch,2,Sat,Thu,13,278278,wisely
2026-03-20T21:01:58+00:00,2026-03-21T14:15:00-04:00,1273,21.2,Lunch,2,Sat,Fri,14,278278,wisely
2026-03-20T21:01:51+00:00,2026-03-21T14:15:00-04:00,1273,21.2,Lunch,4,Sat,Fri,14,278278,wisely
2026-03-20T21:18:15+00:00,2026-03-21T15:15:00-04:00,1317,21.9,Lunch,2,Sat,Fri,15,278278,wisely
2026-03-21T18:20:31+00:00,2026-03-21T15:45:00-04:00,84,1.4,Lunch,2,Sat,Sat,15,278278,wisely
2026-03-21T18:20:32+00:00,2026-03-21T15:45:00-04:00,84,1.4,Lunch,4,Sat,Sat,15,278278,wisely
2026-03-20T21:02:04+00:00,2026-03-21T16:00:00-04:00,1378,23.0,Lunch,2,Sat,Fri,16,278278,wisely
2026-03-20T21:40:13+00:00,2026-03-21T16:30:00-04:00,1370,22.8,Dinner,2,Sat,Fri,16,278278,wisely
2026-03-20T21:17:48+00:00,2026-03-21T16:45:00-04:00,1407,23.5,Dinner,2,Sat,Fri,16,278278,wisely
2026-03-20T15:10:19+00:00,2026-03-21T17:00:00-04:00,1790,29.8,Dinner,2,Sat,Fri,17,278278,wisely
2026-03-20T22:49:55+00:00,2026-03-21T19:00:00-04:00,1450,24.2,Dinner,2,Sat,Fri,19,278278,wisely
2026-03-20T21:17:49+00:00,2026-03-21T20:15:00-04:00,1617,27.0,Dinner,2,Sat,Fri,20,278278,wisely
2026-03-20T21:17:49+00:00,2026-03-21T20:45:00-04:00,1647,27.5,Dinner,2,Sat,Fri,20,278278,wisely
2026-03-20T21:17:55+00:00,2026-03-21T21:00:00-04:00,1662,27.7,Dinner,2,Sat,Fri,21,278278,wisely
2026-03-20T21:18:00+00:00,2026-03-21T21:45:00-04:00,1707,28.4,Dinner,2,Sat,Fri,21,278278,wisely
2026-03-20T21:17:50+00:00,2026-03-21T21:45:00-04:00,1707,28.5,Dinner,4,Sat,Fri,21,278278,wisely
2026-03-21T03:12:44+00:00,2026-03-22T11:30:00-04:00,2177,36.3,Lunch,2,Sun,Fri,11,278278,wisely
2026-03-20T05:07:07+00:00,2026-03-22T11:45:00-04:00,3518,58.6,Lunch,2,Sun,Fri,11,278278,wisely
2026-03-20T05:07:07+00:00,2026-03-22T11:45:00-04:00,3518,58.6,Lunch,4,Sun,Fri,11,278278,wisely
2026-03-20T19:05:08+00:00,2026-03-22T12:00:00-04:00,2695,44.9,Lunch,2,Sun,Fri,12,278278,wisely
2026-03-20T19:05:10+00:00,2026-03-22T12:00:00-04:00,2695,44.9,Lunch,4,Sun,Fri,12,278278,wisely
2026-03-21T14:13:57+00:00,2026-03-22T12:15:00-04:00,1561,26.0,Lunch,2,Sun,Sat,12,278278,wisely
2026-03-21T21:25:09+00:00,2026-03-22T12:15:00-04:00,1130,18.8,Lunch,4,Sun,Sat,12,278278,wisely
2026-03-22T11:55:22+00:00,2026-03-22T12:45:00-04:00,290,4.8,Lunch,2,Sun,Sun,12,278278,wisely
2026-03-22T11:55:24+00:00,2026-03-22T12:45:00-04:00,290,4.8,Lunch,4,Sun,Sun,12,278278,wisely
2026-03-21T21:21:16+00:00,2026-03-22T13:00:00-04:00,1179,19.6,Lunch,2,Sun,Sat,13,278278,wisely
2026-03-21T03:12:44+00:00,2026-03-22T13:15:00-04:00,2282,38.0,Lunch,2,Sun,Fri,13,278278,wisely
2026-03-21T21:21:16+00:00,2026-03-22T13:30:00-04:00,1209,20.1,Lunch,2,Sun,Sat,13,278278,wisely
2026-03-21T21:21:21+00:00,2026-03-22T14:15:00-04:00,1254,20.9,Lunch,2,Sun,Sat,14,278278,wisely
2026-03-20T19:47:03+00:00,2026-03-22T14:30:00-04:00,2803,46.7,Lunch,2,Sun,Fri,14,278278,wisely
2026-03-20T19:47:05+00:00,2026-03-22T14:30:00-04:00,2803,46.7,Lunch,4,Sun,Fri,14,278278,wisely
2026-03-20T14:28:26+00:00,2026-03-22T14:45:00-04:00,3137,52.3,Lunch,2,Sun,Fri,14,278278,wisely
2026-03-20T14:28:28+00:00,2026-03-22T14:45:00-04:00,3137,52.3,Lunch,4,Sun,Fri,14,278278,wisely
2026-03-22T15:33:55+00:00,2026-03-22T15:00:00-04:00,206,3.4,Lunch,2,Sun,Sun,15,278278,wisely
2026-03-21T19:22:50+00:00,2026-03-22T15:30:00-04:00,1447,24.1,Lunch,2,Sun,Sat,15,278278,wisely
2026-03-21T23:49:29+00:00,2026-03-22T15:45:00-04:00,1196,19.9,Lunch,2,Sun,Sat,15,278278,wisely
2026-03-21T21:21:03+00:00,2026-03-22T16:45:00-04:00,1404,23.4,Dinner,2,Sun,Sat,16,278278,wisely
2026-03-21T19:22:37+00:00,2026-03-22T17:00:00-04:00,1537,25.6,Dinner,2,Sun,Sat,17,278278,wisely
2026-03-21T21:21:04+00:00,2026-03-22T17:45:00-04:00,1464,24.4,Dinner,2,Sun,Sat,17,278278,wisely
2026-03-21T21:21:05+00:00,2026-03-22T17:45:00-04:00,1464,24.4,Dinner,4,Sun,Sat,17,278278,wisely
2026-03-21T18:20:38+00:00,2026-03-22T18:00:00-04:00,1659,27.7,Dinner,2,Sun,Sat,18,278278,wisely
2026-03-21T18:20:38+00:00,2026-03-22T18:00:00-04:00,1659,27.7,Dinner,4,Sun,Sat,18,278278,wisely
2026-03-21T21:21:05+00:00,2026-03-22T18:15:00-04:00,1494,24.9,Dinner,2,Sun,Sat,18,278278,wisely
2026-03-21T21:21:08+00:00,2026-03-22T19:15:00-04:00,1554,25.9,Dinner,2,Sun,Sat,19,278278,wisely
2026-03-19T05:36:49+00:00,2026-03-22T19:30:00-04:00,5393,89.9,Dinner,2,Sun,Thu,19,278278,wisely
2026-03-22T20:30:23+00:00,2026-03-22T20:15:00-04:00,225,3.7,Dinner,2,Sun,Sun,20,278278,wisely
2026-03-22T20:30:25+00:00,2026-03-22T20:15:00-04:00,225,3.7,Dinner,4,Sun,Sun,20,278278,wisely
2026-03-19T04:08:52+00:00,2026-03-22T20:30:00-04:00,5541,92.4,Dinner,2,Sun,Thu,20,278278,wisely
2026-03-19T04:08:52+00:00,2026-03-22T20:30:00-04:00,5541,92.4,Dinner,4,Sun,Thu,20,278278,wisely
2026-03-21T21:21:11+00:00,2026-03-22T20:45:00-04:00,1644,27.4,Dinner,2,Sun,Sat,20,278278,wisely
2026-03-21T21:21:06+00:00,2026-03-22T20:45:00-04:00,1644,27.4,Dinner,4,Sun,Sat,20,278278,wisely
2026-03-21T17:32:34+00:00,2026-03-22T21:00:00-04:00,1887,31.5,Dinner,2,Sun,Sat,21,278278,wisely
2026-03-21T17:32:35+00:00,2026-03-22T21:00:00-04:00,1887,31.5,Dinner,4,Sun,Sat,21,278278,wisely
2026-03-21T04:49:40+00:00,2026-03-23T11:30:00-04:00,3520,58.7,Lunch,2,Mon,Sat,11,278278,wisely
2026-03-21T04:49:41+00:00,2026-03-23T11:30:00-04:00,3520,58.7,Lunch,4,Mon,Sat,11,278278,wisely
2026-03-21T04:49:40+00:00,2026-03-23T11:45:00-04:00,3535,58.9,Lunch,2,Mon,Sat,11,278278,wisely
2026-03-21T04:49:41+00:00,2026-03-23T11:45:00-04:00,3535,58.9,Lunch,4,Mon,Sat,11,278278,wisely
2026-03-22T21:29:13+00:00,2026-03-23T16:00:00+00:00,1111,18.5,Lunch,2,Mon,Sun,12,278278,wisely
2026-03-22T21:29:14+00:00,2026-03-23T16:00:00+00:00,1111,18.5,Lunch,4,Mon,Sun,12,278278,wisely
2026-03-22T18:17:54+00:00,2026-03-23T12:15:00-04:00,1317,22.0,Lunch,2,Mon,Sun,12,278278,wisely
2026-03-22T15:00:35+00:00,2026-03-23T12:45:00-04:00,1544,25.7,Lunch,2,Mon,Sun,12,278278,wisely
2026-03-22T15:00:35+00:00,2026-03-23T12:45:00-04:00,1544,25.7,Lunch,4,Mon,Sun,12,278278,wisely
2026-03-22T21:29:19+00:00,2026-03-23T17:00:00+00:00,1171,19.5,Lunch,2,Mon,Sun,13,278278,wisely
2026-03-22T21:29:20+00:00,2026-03-23T17:00:00+00:00,1171,19.5,Lunch,4,Mon,Sun,13,278278,wisely
2026-03-23T13:45:01+00:00,2026-03-23T13:15:00-04:00,210,3.5,Lunch,2,Mon,Mon,13,278278,wisely
2026-03-23T13:45:01+00:00,2026-03-23T13:15:00-04:00,210,3.5,Lunch,4,Mon,Mon,13,278278,wisely
2026-03-21T04:49:41+00:00,2026-03-23T13:30:00-04:00,3640,60.7,Lunch,2,Mon,Sat,13,278278,wisely
2026-03-21T04:49:45+00:00,2026-03-23T13:45:00-04:00,3655,60.9,Lunch,2,Mon,Sat,13,278278,wisely
2026-03-21T04:49:42+00:00,2026-03-23T13:45:00-04:00,3655,60.9,Lunch,4,Mon,Sat,13,278278,wisely
2026-03-21T04:49:45+00:00,2026-03-23T14:00:00-04:00,3670,61.2,Lunch,2,Mon,Sat,14,278278,wisely
2026-03-21T04:49:46+00:00,2026-03-23T14:00:00-04:00,3670,61.2,Lunch,4,Mon,Sat,14,278278,wisely
2026-03-21T04:49:48+00:00,2026-03-23T14:15:00-04:00,3685,61.4,Lunch,2,Mon,Sat,14,278278,wisely
2026-03-21T04:49:47+00:00,2026-03-23T14:15:00-04:00,3685,61.4,Lunch,4,Mon,Sat,14,278278,wisely
2026-03-23T15:46:49+00:00,2026-03-23T14:30:00-04:00,163,2.7,Lunch,2,Mon,Mon,14,278278,wisely
2026-03-23T15:46:50+00:00,2026-03-23T14:30:00-04:00,163,2.7,Lunch,4,Mon,Mon,14,278278,wisely
2026-03-23T17:34:53+00:00,2026-03-23T14:45:00-04:00,70,1.2,Lunch,2,Mon,Mon,14,278278,wisely
2026-03-23T17:34:54+00:00,2026-03-23T14:45:00-04:00,70,1.2,Lunch,4,Mon,Mon,14,278278,wisely
2026-03-23T18:30:59+00:00,2026-03-23T15:00:00-04:00,29,0.5,Lunch,2,Mon,Mon,15,278278,wisely
2026-03-23T18:31:00+00:00,2026-03-23T15:00:00-04:00,29,0.5,Lunch,4,Mon,Mon,15,278278,wisely
2026-03-23T18:31:00+00:00,2026-03-23T15:15:00-04:00,44,0.7,Lunch,2,Mon,Mon,15,278278,wisely
2026-03-23T18:31:00+00:00,2026-03-23T15:15:00-04:00,44,0.7,Lunch,4,Mon,Mon,15,278278,wisely
2026-03-23T18:31:00+00:00,2026-03-23T15:30:00-04:00,59,1.0,Lunch,2,Mon,Mon,15,278278,wisely
2026-03-23T18:31:01+00:00,2026-03-23T15:30:00-04:00,59,1.0,Lunch,4,Mon,Mon,15,278278,wisely
2026-03-23T19:29:48+00:00,2026-03-23T15:45:00-04:00,15,0.3,Lunch,2,Mon,Mon,15,278278,wisely
2026-03-23T19:29:49+00:00,2026-03-23T15:45:00-04:00,15,0.3,Lunch,4,Mon,Mon,15,278278,wisely
2026-03-23T19:29:49+00:00,2026-03-23T16:00:00-04:00,30,0.5,Lunch,2,Mon,Mon,16,278278,wisely
2026-03-23T19:29:49+00:00,2026-03-23T16:00:00-04:00,30,0.5,Lunch,4,Mon,Mon,16,278278,wisely
2026-03-20T12:27:10+00:00,2026-03-23T16:30:00-04:00,4803,80.0,Dinner,2,Mon,Fri,16,278278,wisely
2026-03-23T03:47:06+00:00,2026-03-23T17:00:00-04:00,1033,17.2,Dinner,2,Mon,Sun,17,278278,wisely
2026-03-23T03:47:09+00:00,2026-03-23T17:00:00-04:00,1033,17.2,Dinner,4,Mon,Sun,17,278278,wisely
2026-03-21T23:54:08+00:00,2026-03-23T17:30:00-04:00,2736,45.6,Dinner,2,Mon,Sat,17,278278,wisely
2026-03-21T23:54:08+00:00,2026-03-23T17:30:00-04:00,2736,45.6,Dinner,4,Mon,Sat,17,278278,wisely
2026-03-22T15:34:02+00:00,2026-03-23T17:45:00-04:00,1811,30.2,Dinner,2,Mon,Sun,17,278278,wisely
2026-03-22T15:34:03+00:00,2026-03-23T17:45:00-04:00,1811,30.2,Dinner,4,Mon,Sun,17,278278,wisely
2026-03-22T21:28:55+00:00,2026-03-23T22:00:00+00:00,1471,24.5,Dinner,2,Mon,Sun,18,278278,wisely
2026-03-22T21:28:56+00:00,2026-03-23T22:00:00+00:00,1471,24.5,Dinner,4,Mon,Sun,18,278278,wisely
2026-03-22T22:11:40+00:00,2026-03-23T18:15:00-04:00,1443,24.1,Dinner,2,Mon,Sun,18,278278,wisely
2026-03-22T22:11:41+00:00,2026-03-23T18:15:00-04:00,1443,24.1,Dinner,4,Mon,Sun,18,278278,wisely
2026-03-23T20:03:10+00:00,2026-03-23T18:30:00-04:00,147,2.4,Dinner,2,Mon,Mon,18,278278,wisely
2026-03-23T20:03:11+00:00,2026-03-23T18:30:00-04:00,147,2.4,Dinner,4,Mon,Mon,18,278278,wisely
2026-03-22T21:29:01+00:00,2026-03-24T00:30:00+00:00,1621,27.0,Dinner,2,Mon,Sun,20,278278,wisely
2026-03-22T21:28:57+00:00,2026-03-24T00:30:00+00:00,1621,27.0,Dinner,4,Mon,Sun,20,278278,wisely
2026-03-22T14:01:32+00:00,2026-03-23T20:45:00-04:00,2083,34.7,Dinner,2,Mon,Sun,20,278278,wisely
2026-03-22T14:01:33+00:00,2026-03-23T20:45:00-04:00,2083,34.7,Dinner,4,Mon,Sun,20,278278,wisely
2026-03-22T19:47:35+00:00,2026-03-23T21:00:00-04:00,1752,29.2,Dinner,2,Mon,Sun,21,278278,wisely
2026-03-22T19:47:35+00:00,2026-03-23T21:00:00-04:00,1752,29.2,Dinner,4,Mon,Sun,21,278278,wisely
2026-03-22T14:43:04+00:00,2026-03-23T21:15:00-04:00,2072,34.5,Dinner,2,Mon,Sun,21,278278,wisely
2026-03-22T14:43:05+00:00,2026-03-23T21:15:00-04:00,2072,34.5,Dinner,4,Mon,Sun,21,278278,wisely
2026-03-22T21:29:08+00:00,2026-03-24T01:30:00+00:00,1681,28.0,Dinner,2,Mon,Sun,21,278278,wisely
2026-03-22T21:29:09+00:00,2026-03-24T01:30:00+00:00,1681,28.0,Dinner,4,Mon,Sun,21,278278,wisely
2026-03-23T13:44:44+00:00,2026-03-23T21:45:00-04:00,720,12.0,Dinner,2,Mon,Mon,21,278278,wisely
2026-03-23T13:44:45+00:00,2026-03-23T21:45:00-04:00,720,12.0,Dinner,4,Mon,Mon,21,278278,wisely
2026-03-22T05:03:36+00:00,2026-03-24T11:30:00-04:00,3506,58.4,Lunch,2,Tue,Sun,11,278278,wisely
2026-03-23T14:46:12+00:00,2026-03-24T11:30:00-04:00,1484,24.7,Lunch,4,Tue,Mon,11,278278,wisely
2026-03-23T13:45:24+00:00,2026-03-24T11:45:00-04:00,1560,26.0,Lunch,2,Tue,Mon,11,278278,wisely
2026-03-23T13:45:25+00:00,2026-03-24T11:45:00-04:00,1560,26.0,Lunch,4,Tue,Mon,11,278278,wisely
2026-03-23T03:48:01+00:00,2026-03-24T12:15:00-04:00,2187,36.4,Lunch,2,Tue,Sun,12,278278,wisely
2026-03-23T03:48:02+00:00,2026-03-24T12:15:00-04:00,2187,36.4,Lunch,4,Tue,Sun,12,278278,wisely
2026-03-23T03:48:01+00:00,2026-03-24T12:30:00-04:00,2202,36.7,Lunch,2,Tue,Sun,12,278278,wisely
2026-03-23T03:48:02+00:00,2026-03-24T12:30:00-04:00,2202,36.7,Lunch,4,Tue,Sun,12,278278,wisely
2026-03-23T14:46:12+00:00,2026-03-24T13:15:00-04:00,1589,26.5,Lunch,2,Tue,Mon,13,278278,wisely
2026-03-23T14:46:12+00:00,2026-03-24T13:15:00-04:00,1589,26.5,Lunch,4,Tue,Mon,13,278278,wisely
2026-03-23T14:46:17+00:00,2026-03-24T13:30:00-04:00,1604,26.7,Lunch,2,Tue,Mon,13,278278,wisely
2026-03-23T14:46:17+00:00,2026-03-24T13:30:00-04:00,1604,26.7,Lunch,4,Tue,Mon,13,278278,wisely
2026-03-22T05:03:36+00:00,2026-03-24T14:00:00-04:00,3656,60.9,Lunch,2,Tue,Sun,14,278278,wisely
2026-03-22T05:03:37+00:00,2026-03-24T14:00:00-04:00,3656,60.9,Lunch,4,Tue,Sun,14,278278,wisely
2026-03-22T05:03:36+00:00,2026-03-24T14:15:00-04:00,3671,61.2,Lunch,2,Tue,Sun,14,278278,wisely
2026-03-22T05:03:37+00:00,2026-03-24T14:15:00-04:00,3671,61.2,Lunch,4,Tue,Sun,14,278278,wisely
2026-03-22T05:03:41+00:00,2026-03-24T14:30:00-04:00,3686,61.4,Lunch,2,Tue,Sun,14,278278,wisely
2026-03-22T05:03:37+00:00,2026-03-24T14:30:00-04:00,3686,61.4,Lunch,4,Tue,Sun,14,278278,wisely
2026-03-23T22:34:01+00:00,2026-03-24T14:45:00-04:00,1211,20.2,Lunch,2,Tue,Mon,14,278278,wisely
2026-03-23T22:34:02+00:00,2026-03-24T14:45:00-04:00,1211,20.2,Lunch,4,Tue,Mon,14,278278,wisely
2026-03-24T17:32:45+00:00,2026-03-24T15:00:00-04:00,87,1.5,Lunch,2,Tue,Tue,15,278278,wisely
2026-03-24T17:32:47+00:00,2026-03-24T15:00:00-04:00,87,1.5,Lunch,4,Tue,Tue,15,278278,wisely
2026-03-24T18:33:16+00:00,2026-03-24T15:15:00-04:00,42,0.7,Lunch,2,Tue,Tue,15,278278,wisely
2026-03-24T18:33:17+00:00,2026-03-24T15:15:00-04:00,42,0.7,Lunch,4,Tue,Tue,15,278278,wisely
2026-03-24T19:35:55+00:00,2026-03-24T16:00:00-04:00,24,0.4,Lunch,2,Tue,Tue,16,278278,wisely
2026-03-24T19:35:57+00:00,2026-03-24T16:00:00-04:00,24,0.4,Lunch,4,Tue,Tue,16,278278,wisely
2026-03-23T21:23:19+00:00,2026-03-24T16:30:00-04:00,1387,23.1,Dinner,2,Tue,Mon,16,278278,wisely
2026-03-23T21:23:20+00:00,2026-03-24T16:30:00-04:00,1387,23.1,Dinner,4,Tue,Mon,16,278278,wisely
2026-03-23T21:20:45+00:00,2026-03-24T21:15:00+00:00,1434,23.9,Dinner,2,Tue,Mon,17,278278,wisely
2026-03-23T21:20:46+00:00,2026-03-24T22:00:00+00:00,1479,24.7,Dinner,2,Tue,Mon,18,278278,wisely
2026-03-23T21:53:20+00:00,2026-03-24T18:30:00-04:00,1477,24.6,Dinner,2,Tue,Mon,18,278278,wisely
2026-03-23T21:53:22+00:00,2026-03-24T18:30:00-04:00,1477,24.6,Dinner,4,Tue,Mon,18,278278,wisely
2026-03-22T19:48:05+00:00,2026-03-24T18:45:00-04:00,3057,50.9,Dinner,2,Tue,Sun,18,278278,wisely
2026-03-22T19:48:05+00:00,2026-03-24T18:45:00-04:00,3057,50.9,Dinner,4,Tue,Sun,18,278278,wisely
2026-03-24T12:49:16+00:00,2026-03-24T19:15:00-04:00,626,10.4,Dinner,2,Tue,Tue,19,278278,wisely
2026-03-24T12:49:17+00:00,2026-03-24T19:15:00-04:00,626,10.4,Dinner,4,Tue,Tue,19,278278,wisely
2026-03-24T05:10:54+00:00,2026-03-24T19:45:00-04:00,1114,18.6,Dinner,2,Tue,Tue,19,278278,wisely
2026-03-24T05:10:55+00:00,2026-03-24T19:45:00-04:00,1114,18.6,Dinner,4,Tue,Tue,19,278278,wisely
2026-03-23T16:41:12+00:00,2026-03-24T20:45:00-04:00,1924,32.1,Dinner,2,Tue,Mon,20,278278,wisely
2026-03-23T16:41:13+00:00,2026-03-24T20:45:00-04:00,1924,32.1,Dinner,4,Tue,Mon,20,278278,wisely
2026-03-23T21:53:21+00:00,2026-03-24T21:15:00-04:00,1642,27.4,Dinner,2,Tue,Mon,21,278278,wisely
2026-03-23T03:47:50+00:00,2026-03-24T21:30:00-04:00,2742,45.7,Dinner,2,Tue,Sun,21,278278,wisely
2026-03-23T03:47:50+00:00,2026-03-24T21:30:00-04:00,2742,45.7,Dinner,4,Tue,Sun,21,278278,wisely
2026-03-22T22:47:54+00:00,2026-03-25T01:45:00+00:00,3057,51.0,Dinner,2,Tue,Sun,21,278278,wisely
2026-03-23T17:35:15+00:00,2026-03-24T21:45:00-04:00,1930,32.2,Dinner,4,Tue,Mon,21,278278,wisely
2026-03-24T14:09:07+00:00,2026-03-25T11:45:00-04:00,1536,25.6,Lunch,2,Wed,Tue,11,278278,wisely
2026-03-24T14:09:07+00:00,2026-03-25T11:45:00-04:00,1536,25.6,Lunch,4,Wed,Tue,11,278278,wisely
2026-03-23T16:41:56+00:00,2026-03-25T12:30:00-04:00,2868,47.8,Lunch,2,Wed,Mon,12,278278,wisely
2026-03-24T12:49:51+00:00,2026-03-25T12:45:00-04:00,1675,27.9,Lunch,2,Wed,Tue,12,278278,wisely
2026-03-24T21:23:44+00:00,2026-03-25T13:00:00-04:00,1176,19.6,Lunch,2,Wed,Tue,13,278278,wisely
2026-03-24T21:23:45+00:00,2026-03-25T13:00:00-04:00,1176,19.6,Lunch,4,Wed,Tue,13,278278,wisely
2026-03-25T03:39:03+00:00,2026-03-25T13:15:00-04:00,816,13.6,Lunch,2,Wed,Tue,13,278278,wisely
2026-03-23T05:25:12+00:00,2026-03-25T14:00:00-04:00,3635,60.6,Lunch,2,Wed,Mon,14,278278,wisely
2026-03-23T05:25:13+00:00,2026-03-25T14:00:00-04:00,3635,60.6,Lunch,4,Wed,Mon,14,278278,wisely
2026-03-23T05:25:13+00:00,2026-03-25T14:15:00-04:00,3650,60.8,Lunch,2,Wed,Mon,14,278278,wisely
2026-03-23T05:25:13+00:00,2026-03-25T14:15:00-04:00,3650,60.8,Lunch,4,Wed,Mon,14,278278,wisely
2026-03-23T05:25:13+00:00,2026-03-25T14:30:00-04:00,3665,61.1,Lunch,2,Wed,Mon,14,278278,wisely
2026-03-23T05:25:13+00:00,2026-03-25T14:30:00-04:00,3665,61.1,Lunch,4,Wed,Mon,14,278278,wisely
2026-03-23T17:36:19+00:00,2026-03-25T14:45:00-04:00,2949,49.1,Lunch,2,Wed,Mon,14,278278,wisely
2026-03-23T17:36:03+00:00,2026-03-25T14:45:00-04:00,2949,49.1,Lunch,4,Wed,Mon,14,278278,wisely
2026-03-24T20:07:23+00:00,2026-03-25T15:00:00-04:00,1373,22.9,Lunch,2,Wed,Tue,15,278278,wisely
2026-03-24T23:16:18+00:00,2026-03-25T19:00:00+00:00,1184,19.7,Lunch,4,Wed,Tue,15,278278,wisely
2026-03-24T20:07:24+00:00,2026-03-25T15:30:00-04:00,1403,23.4,Lunch,4,Wed,Tue,15,278278,wisely
2026-03-24T20:07:11+00:00,2026-03-25T16:30:00-04:00,1463,24.4,Dinner,2,Wed,Tue,16,278278,wisely
2026-03-24T20:07:12+00:00,2026-03-25T16:30:00-04:00,1463,24.4,Dinner,4,Wed,Tue,16,278278,wisely
2026-03-24T21:23:33+00:00,2026-03-25T16:45:00-04:00,1401,23.4,Dinner,2,Wed,Tue,16,278278,wisely
2026-03-24T21:23:34+00:00,2026-03-25T16:45:00-04:00,1401,23.4,Dinner,4,Wed,Tue,16,278278,wisely
2026-03-22T13:32:23+00:00,2026-03-25T18:15:00-04:00,4843,80.7,Dinner,2,Wed,Sun,18,278278,wisely
2026-03-22T13:32:23+00:00,2026-03-25T18:15:00-04:00,4843,80.7,Dinner,4,Wed,Sun,18,278278,wisely
2026-03-24T22:02:32+00:00,2026-03-25T18:45:00-04:00,1482,24.7,Dinner,2,Wed,Tue,18,278278,wisely
2026-03-24T22:02:33+00:00,2026-03-25T18:45:00-04:00,1482,24.7,Dinner,4,Wed,Tue,18,278278,wisely
2026-03-24T21:32:49+00:00,2026-03-25T20:15:00-04:00,1602,26.7,Dinner,2,Wed,Tue,20,278278,wisely
2026-03-24T21:32:49+00:00,2026-03-25T20:15:00-04:00,1602,26.7,Dinner,4,Wed,Tue,20,278278,wisely
2026-03-24T22:48:00+00:00,2026-03-25T20:45:00-04:00,1557,25.9,Dinner,2,Wed,Tue,20,278278,wisely
2026-03-24T22:48:01+00:00,2026-03-25T20:45:00-04:00,1557,25.9,Dinner,4,Wed,Tue,20,278278,wisely
2026-03-24T18:33:30+00:00,2026-03-25T21:00:00-04:00,1826,30.4,Dinner,2,Wed,Tue,21,278278,wisely
2026-03-25T21:20:55+00:00,2026-03-25T21:45:00-04:00,264,4.4,Dinner,2,Wed,Wed,21,278278,wisely
2026-03-25T21:20:56+00:00,2026-03-25T21:45:00-04:00,264,4.4,Dinner,4,Wed,Wed,21,278278,wisely
2026-03-26T02:34:53+00:00,2026-03-26T11:30:00-04:00,775,12.9,Lunch,2,Thu,Wed,11,278278,wisely
2026-03-26T02:34:54+00:00,2026-03-26T11:30:00-04:00,775,12.9,Lunch,4,Thu,Wed,11,278278,wisely
2026-03-25T14:03:11+00:00,2026-03-26T11:45:00-04:00,1542,25.7,Lunch,2,Thu,Wed,11,278278,wisely
2026-03-25T14:03:12+00:00,2026-03-26T11:45:00-04:00,1542,25.7,Lunch,4,Thu,Wed,11,278278,wisely
2026-03-26T04:57:57+00:00,2026-03-26T12:15:00-04:00,677,11.3,Lunch,2,Thu,Thu,12,278278,wisely
2026-03-25T16:38:35+00:00,2026-03-26T12:30:00-04:00,1431,23.9,Lunch,2,Thu,Wed,12,278278,wisely
2026-03-24T19:36:37+00:00,2026-03-26T12:45:00-04:00,2708,45.1,Lunch,2,Thu,Tue,12,278278,wisely
2026-03-24T19:36:38+00:00,2026-03-26T12:45:00-04:00,2708,45.1,Lunch,4,Thu,Tue,12,278278,wisely
2026-03-24T19:36:37+00:00,2026-03-26T13:15:00-04:00,2738,45.6,Lunch,2,Thu,Tue,13,278278,wisely
2026-03-24T19:36:38+00:00,2026-03-26T13:15:00-04:00,2738,45.6,Lunch,4,Thu,Tue,13,278278,wisely
2026-03-24T15:19:20+00:00,2026-03-26T13:30:00-04:00,3011,50.2,Lunch,2,Thu,Tue,13,278278,wisely
2026-03-24T15:19:21+00:00,2026-03-26T13:30:00-04:00,3011,50.2,Lunch,4,Thu,Tue,13,278278,wisely
2026-03-24T05:11:41+00:00,2026-03-26T13:45:00-04:00,3633,60.6,Lunch,2,Thu,Tue,13,278278,wisely
2026-03-24T05:11:41+00:00,2026-03-26T14:00:00-04:00,3648,60.8,Lunch,2,Thu,Tue,14,278278,wisely
2026-03-24T05:11:41+00:00,2026-03-26T14:15:00-04:00,3663,61.1,Lunch,2,Thu,Tue,14,278278,wisely
2026-03-24T05:11:41+00:00,2026-03-26T14:15:00-04:00,3663,61.1,Lunch,4,Thu,Tue,14,278278,wisely
2026-03-25T03:39:23+00:00,2026-03-26T14:30:00-04:00,2331,38.8,Lunch,2,Thu,Tue,14,278278,wisely
2026-03-24T05:11:42+00:00,2026-03-26T14:30:00-04:00,3678,61.3,Lunch,4,Thu,Tue,14,278278,wisely
2026-03-25T17:41:28+00:00,2026-03-26T14:45:00-04:00,1504,25.1,Lunch,2,Thu,Wed,14,278278,wisely
2026-03-24T05:11:42+00:00,2026-03-26T14:45:00-04:00,3693,61.6,Lunch,4,Thu,Tue,14,278278,wisely
2026-03-26T04:58:05+00:00,2026-03-26T15:00:00-04:00,842,14.0,Lunch,2,Thu,Thu,15,278278,wisely
2026-03-25T23:56:09+00:00,2026-03-26T19:00:00+00:00,1144,19.1,Lunch,4,Thu,Wed,15,278278,wisely
2026-03-23T17:36:21+00:00,2026-03-26T16:30:00-04:00,4494,74.9,Dinner,2,Thu,Mon,16,278278,wisely
2026-03-23T17:36:22+00:00,2026-03-26T16:30:00-04:00,4494,74.9,Dinner,4,Thu,Mon,16,278278,wisely
2026-03-23T22:28:50+00:00,2026-03-26T18:00:00-04:00,4291,71.5,Dinner,2,Thu,Mon,18,278278,wisely
2026-03-23T22:28:51+00:00,2026-03-26T18:00:00-04:00,4291,71.5,Dinner,4,Thu,Mon,18,278278,wisely
2026-03-25T06:16:02+00:00,2026-03-26T18:15:00-04:00,2399,40.0,Dinner,2,Thu,Wed,18,278278,wisely
2026-03-25T06:16:02+00:00,2026-03-26T18:15:00-04:00,2399,40.0,Dinner,4,Thu,Wed,18,278278,wisely
2026-03-25T21:21:15+00:00,2026-03-26T21:15:00-04:00,1674,27.9,Dinner,2,Thu,Wed,21,278278,wisely
2026-03-25T21:21:15+00:00,2026-03-26T21:15:00-04:00,1674,27.9,Dinner,4,Thu,Wed,21,278278,wisely
2026-03-25T23:21:48+00:00,2026-03-27T01:30:00+00:00,1568,26.1,Dinner,2,Thu,Wed,21,278278,wisely
2026-03-25T23:21:49+00:00,2026-03-27T01:30:00+00:00,1568,26.1,Dinner,4,Thu,Wed,21,278278,wisely
2026-03-23T21:21:49+00:00,2026-03-27T01:45:00+00:00,4583,76.4,Dinner,2,Thu,Mon,21,278278,wisely
2026-03-23T21:21:50+00:00,2026-03-27T01:45:00+00:00,4583,76.4,Dinner,4,Thu,Mon,21,278278,wisely
2026-03-26T16:44:18+00:00,2026-03-27T11:30:00-04:00,1366,22.8,Lunch,2,Fri,Thu,11,278278,wisely
2026-03-26T16:44:19+00:00,2026-03-27T11:30:00-04:00,1366,22.8,Lunch,4,Fri,Thu,11,278278,wisely
2026-03-26T14:10:26+00:00,2026-03-27T11:45:00-04:00,1535,25.6,Lunch,2,Fri,Thu,11,278278,wisely
2026-03-26T14:10:27+00:00,2026-03-27T11:45:00-04:00,1535,25.6,Lunch,4,Fri,Thu,11,278278,wisely
2026-03-26T14:10:26+00:00,2026-03-27T12:00:00-04:00,1550,25.8,Lunch,2,Fri,Thu,12,278278,wisely
2026-03-26T14:10:28+00:00,2026-03-27T12:00:00-04:00,1550,25.8,Lunch,4,Fri,Thu,12,278278,wisely
2026-03-26T04:58:19+00:00,2026-03-27T13:00:00-04:00,2162,36.0,Lunch,2,Fri,Thu,13,278278,wisely
2026-03-26T21:05:28+00:00,2026-03-27T13:15:00-04:00,1210,20.2,Lunch,2,Fri,Thu,13,278278,wisely
2026-03-25T18:34:44+00:00,2026-03-27T13:45:00-04:00,2830,47.2,Lunch,2,Fri,Wed,13,278278,wisely
2026-03-26T12:39:38+00:00,2026-03-27T13:45:00-04:00,1745,29.1,Lunch,4,Fri,Thu,13,278278,wisely
2026-03-26T17:44:11+00:00,2026-03-27T14:00:00-04:00,1456,24.3,Lunch,2,Fri,Thu,14,278278,wisely
2026-03-26T17:44:13+00:00,2026-03-27T14:00:00-04:00,1456,24.3,Lunch,4,Fri,Thu,14,278278,wisely
2026-03-26T02:35:29+00:00,2026-03-27T14:15:00-04:00,2380,39.7,Lunch,2,Fri,Wed,14,278278,wisely
2026-03-26T02:35:29+00:00,2026-03-27T14:15:00-04:00,2380,39.7,Lunch,4,Fri,Wed,14,278278,wisely
2026-03-26T15:40:07+00:00,2026-03-27T14:30:00-04:00,1610,26.8,Lunch,2,Fri,Thu,14,278278,wisely
2026-03-26T15:40:05+00:00,2026-03-27T14:30:00-04:00,1610,26.8,Lunch,4,Fri,Thu,14,278278,wisely
2026-03-25T22:03:21+00:00,2026-03-27T14:45:00-04:00,2682,44.7,Lunch,2,Fri,Wed,14,278278,wisely
2026-03-25T22:03:21+00:00,2026-03-27T14:45:00-04:00,2682,44.7,Lunch,4,Fri,Wed,14,278278,wisely
2026-03-27T18:11:13+00:00,2026-03-27T15:00:00-04:00,49,0.8,Lunch,2,Fri,Fri,15,278278,wisely
2026-03-27T18:11:14+00:00,2026-03-27T15:00:00-04:00,49,0.8,Lunch,4,Fri,Fri,15,278278,wisely
2026-03-26T15:40:10+00:00,2026-03-27T15:15:00-04:00,1655,27.6,Lunch,4,Fri,Thu,15,278278,wisely
2026-03-27T17:27:29+00:00,2026-03-27T16:00:00-04:00,153,2.5,Lunch,2,Fri,Fri,16,278278,wisely
2026-03-26T14:10:14+00:00,2026-03-27T16:30:00-04:00,1820,30.3,Dinner,2,Fri,Thu,16,278278,wisely
2026-03-26T14:10:15+00:00,2026-03-27T16:30:00-04:00,1820,30.3,Dinner,4,Fri,Thu,16,278278,wisely
2026-03-25T05:14:13+00:00,2026-03-27T17:00:00-04:00,3826,63.8,Dinner,2,Fri,Wed,17,278278,wisely
2026-03-25T05:14:14+00:00,2026-03-27T17:00:00-04:00,3826,63.8,Dinner,4,Fri,Wed,17,278278,wisely
2026-03-25T05:14:14+00:00,2026-03-27T17:45:00-04:00,3871,64.5,Dinner,2,Fri,Wed,17,278278,wisely
2026-03-25T05:14:14+00:00,2026-03-27T17:45:00-04:00,3871,64.5,Dinner,4,Fri,Wed,17,278278,wisely
2026-03-26T21:05:25+00:00,2026-03-27T19:45:00-04:00,1600,26.7,Dinner,2,Fri,Thu,19,278278,wisely
2026-03-26T21:05:24+00:00,2026-03-27T19:45:00-04:00,1600,26.7,Dinner,4,Fri,Thu,19,278278,wisely
2026-03-26T17:43:59+00:00,2026-03-27T21:15:00-04:00,1891,31.5,Dinner,2,Fri,Thu,21,278278,wisely
2026-03-26T17:43:59+00:00,2026-03-27T21:15:00-04:00,1891,31.5,Dinner,4,Fri,Thu,21,278278,wisely
2026-03-26T21:05:12+00:00,2026-03-27T21:30:00-04:00,1705,28.4,Dinner,2,Fri,Thu,21,278278,wisely
2026-03-26T21:19:19+00:00,2026-03-27T21:30:00-04:00,1691,28.2,Dinner,4,Fri,Thu,21,278278,wisely
2026-03-26T21:19:18+00:00,2026-03-27T21:45:00-04:00,1706,28.4,Dinner,2,Fri,Thu,21,278278,wisely
2026-03-26T21:19:19+00:00,2026-03-27T21:45:00-04:00,1706,28.4,Dinner,4,Fri,Thu,21,278278,wisely
2026-03-26T23:52:13+00:00,2026-03-28T15:30:00+00:00,2378,39.6,Lunch,2,Sat,Thu,11,278278,wisely
2026-03-27T20:41:22+00:00,2026-03-28T11:30:00-04:00,1129,18.8,Lunch,4,Sat,Fri,11,278278,wisely
2026-03-27T14:35:53+00:00,2026-03-28T11:45:00-04:00,1509,25.2,Lunch,2,Sat,Fri,11,278278,wisely
2026-03-27T21:20:19+00:00,2026-03-28T12:00:00-04:00,1120,18.7,Lunch,2,Sat,Fri,12,278278,wisely
2026-03-27T21:20:21+00:00,2026-03-28T12:00:00-04:00,1120,18.7,Lunch,4,Sat,Fri,12,278278,wisely
2026-03-26T18:41:24+00:00,2026-03-28T12:15:00-04:00,2734,45.6,Lunch,2,Sat,Thu,12,278278,wisely
2026-03-26T20:39:07+00:00,2026-03-28T12:15:00-04:00,2616,43.6,Lunch,4,Sat,Thu,12,278278,wisely
2026-03-26T12:40:07+00:00,2026-03-28T12:30:00-04:00,3110,51.8,Lunch,2,Sat,Thu,12,278278,wisely
2026-03-26T12:40:08+00:00,2026-03-28T12:30:00-04:00,3110,51.8,Lunch,4,Sat,Thu,12,278278,wisely
2026-03-26T04:58:40+00:00,2026-03-28T12:45:00-04:00,3586,59.8,Lunch,2,Sat,Thu,12,278278,wisely
2026-03-26T20:06:30+00:00,2026-03-28T13:00:00-04:00,2693,44.9,Lunch,2,Sat,Thu,13,278278,wisely
2026-03-26T20:06:30+00:00,2026-03-28T13:00:00-04:00,2693,44.9,Lunch,4,Sat,Thu,13,278278,wisely
2026-03-26T17:44:49+00:00,2026-03-28T13:15:00-04:00,2850,47.5,Lunch,2,Sat,Thu,13,278278,wisely
2026-03-26T17:44:49+00:00,2026-03-28T13:15:00-04:00,2850,47.5,Lunch,4,Sat,Thu,13,278278,wisely
2026-03-27T21:20:20+00:00,2026-03-28T14:00:00-04:00,1240,20.7,Lunch,2,Sat,Fri,14,278278,wisely
2026-03-27T21:20:22+00:00,2026-03-28T14:00:00-04:00,1240,20.7,Lunch,4,Sat,Fri,14,278278,wisely
2026-03-27T21:20:34+00:00,2026-03-28T14:30:00-04:00,1269,21.2,Lunch,2,Sat,Fri,14,278278,wisely
2026-03-27T21:20:34+00:00,2026-03-28T14:30:00-04:00,1269,21.2,Lunch,4,Sat,Fri,14,278278,wisely
2026-03-27T01:04:08+00:00,2026-03-28T14:45:00-04:00,2501,41.7,Lunch,2,Sat,Thu,14,278278,wisely
2026-03-27T01:04:08+00:00,2026-03-28T14:45:00-04:00,2501,41.7,Lunch,4,Sat,Thu,14,278278,wisely
2026-03-27T21:20:35+00:00,2026-03-28T15:15:00-04:00,1314,21.9,Lunch,2,Sat,Fri,15,278278,wisely
2026-03-27T21:20:36+00:00,2026-03-28T15:15:00-04:00,1314,21.9,Lunch,4,Sat,Fri,15,278278,wisely
2026-03-27T21:54:46+00:00,2026-03-28T15:30:00-04:00,1295,21.6,Lunch,2,Sat,Fri,15,278278,wisely
2026-03-27T21:54:46+00:00,2026-03-28T15:30:00-04:00,1295,21.6,Lunch,4,Sat,Fri,15,278278,wisely
2026-03-27T13:40:54+00:00,2026-03-28T16:00:00-04:00,1819,30.3,Lunch,2,Sat,Fri,16,278278,wisely
2026-03-27T13:40:55+00:00,2026-03-28T16:00:00-04:00,1819,30.3,Lunch,4,Sat,Fri,16,278278,wisely
2026-03-27T22:16:55+00:00,2026-03-28T16:30:00-04:00,1333,22.2,Dinner,2,Sat,Fri,16,278278,wisely
2026-03-27T21:20:02+00:00,2026-03-28T16:45:00-04:00,1405,23.4,Dinner,2,Sat,Fri,16,278278,wisely
2026-03-27T21:20:06+00:00,2026-03-28T16:45:00-04:00,1405,23.4,Dinner,4,Sat,Fri,16,278278,wisely
2026-03-25T18:34:50+00:00,2026-03-28T21:15:00-04:00,4720,78.7,Dinner,2,Sat,Wed,21,278278,wisely
2026-03-25T18:34:51+00:00,2026-03-28T21:15:00-04:00,4720,78.7,Dinner,4,Sat,Wed,21,278278,wisely
2026-03-25T21:59:25+00:00,2026-03-28T21:30:00-04:00,4531,75.5,Dinner,2,Sat,Wed,21,278278,wisely
2026-03-26T22:14:55+00:00,2026-03-28T21:45:00-04:00,3090,51.5,Dinner,2,Sat,Thu,21,278278,wisely
2026-03-26T22:14:55+00:00,2026-03-28T21:45:00-04:00,3090,51.5,Dinner,4,Sat,Thu,21,278278,wisely
2026-03-27T16:29:46+00:00,2026-03-29T11:30:00-04:00,2820,47.0,Lunch,2,Sun,Fri,11,278278,wisely
2026-03-28T21:02:09+00:00,2026-03-29T11:30:00-04:00,1108,18.5,Lunch,4,Sun,Sat,11,278278,wisely
2026-03-28T19:41:13+00:00,2026-03-29T11:45:00-04:00,1204,20.1,Lunch,2,Sun,Sat,11,278278,wisely
2026-03-28T22:40:35+00:00,2026-03-29T12:00:00-04:00,1039,17.3,Lunch,2,Sun,Sat,12,278278,wisely
2026-03-28T22:40:36+00:00,2026-03-29T12:00:00-04:00,1039,17.3,Lunch,4,Sun,Sat,12,278278,wisely
2026-03-28T16:17:48+00:00,2026-03-29T12:45:00-04:00,1467,24.5,Lunch,2,Sun,Sat,12,278278,wisely
2026-03-28T16:17:50+00:00,2026-03-29T12:45:00-04:00,1467,24.5,Lunch,4,Sun,Sat,12,278278,wisely
2026-03-29T12:23:45+00:00,2026-03-29T13:30:00-04:00,306,5.1,Lunch,2,Sun,Sun,13,278278,wisely
2026-03-27T15:30:55+00:00,2026-03-29T13:45:00-04:00,3014,50.2,Lunch,2,Sun,Fri,13,278278,wisely
2026-03-27T15:30:55+00:00,2026-03-29T13:45:00-04:00,3014,50.2,Lunch,4,Sun,Fri,13,278278,wisely
2026-03-28T15:22:08+00:00,2026-03-29T14:00:00-04:00,1598,26.6,Lunch,2,Sun,Sat,14,278278,wisely
2026-03-28T20:34:01+00:00,2026-03-29T18:30:00+00:00,1316,21.9,Lunch,2,Sun,Sat,14,278278,wisely
2026-03-28T20:34:01+00:00,2026-03-29T18:30:00+00:00,1316,21.9,Lunch,4,Sun,Sat,14,278278,wisely
2026-03-28T22:35:21+00:00,2026-03-29T15:00:00-04:00,1225,20.4,Lunch,2,Sun,Sat,15,278278,wisely
2026-03-28T22:35:22+00:00,2026-03-29T15:00:00-04:00,1225,20.4,Lunch,4,Sun,Sat,15,278278,wisely
2026-03-28T14:17:45+00:00,2026-03-29T16:45:00-04:00,1827,30.5,Dinner,2,Sun,Sat,16,278278,wisely
2026-03-27T22:17:27+00:00,2026-03-29T17:00:00-04:00,2803,46.7,Dinner,2,Sun,Fri,17,278278,wisely
2026-03-27T20:41:33+00:00,2026-03-29T17:15:00-04:00,2913,48.6,Dinner,2,Sun,Fri,17,278278,wisely
2026-03-28T22:34:37+00:00,2026-03-29T17:30:00-04:00,1375,22.9,Dinner,2,Sun,Sat,17,278278,wisely
2026-03-28T21:01:55+00:00,2026-03-29T17:45:00-04:00,1483,24.7,Dinner,2,Sun,Sat,17,278278,wisely
2026-03-28T21:01:56+00:00,2026-03-29T18:00:00-04:00,1498,25.0,Dinner,2,Sun,Sat,18,278278,wisely
2026-03-28T21:01:57+00:00,2026-03-29T18:45:00-04:00,1543,25.7,Dinner,2,Sun,Sat,18,278278,wisely
2026-03-28T15:50:24+00:00,2026-03-29T19:30:00-04:00,1900,31.7,Dinner,2,Sun,Sat,19,278278,wisely
2026-03-28T15:50:25+00:00,2026-03-29T19:30:00-04:00,1900,31.7,Dinner,4,Sun,Sat,19,278278,wisely
2026-03-28T21:02:01+00:00,2026-03-29T19:45:00-04:00,1603,26.7,Dinner,2,Sun,Sat,19,278278,wisely
2026-03-28T21:01:57+00:00,2026-03-29T19:45:00-04:00,1603,26.7,Dinner,4,Sun,Sat,19,278278,wisely
2026-03-29T11:16:50+00:00,2026-03-29T20:00:00-04:00,763,12.7,Dinner,2,Sun,Sun,20,278278,wisely
2026-03-29T11:16:52+00:00,2026-03-29T20:00:00-04:00,763,12.7,Dinner,4,Sun,Sun,20,278278,wisely
2026-03-28T21:02:05+00:00,2026-03-29T20:15:00-04:00,1633,27.2,Dinner,2,Sun,Sat,20,278278,wisely
2026-03-27T19:11:47+00:00,2026-03-29T21:00:00-04:00,3228,53.8,Dinner,2,Sun,Fri,21,278278,wisely
2026-03-27T19:11:47+00:00,2026-03-29T21:00:00-04:00,3228,53.8,Dinner,4,Sun,Fri,21,278278,wisely
2026-03-28T21:39:25+00:00,2026-03-30T01:15:00+00:00,1656,27.6,Dinner,2,Sun,Sat,21,278278,wisely
2026-03-28T21:39:12+00:00,2026-03-30T01:15:00+00:00,1656,27.6,Dinner,4,Sun,Sat,21,278278,wisely
2026-03-28T05:16:23+00:00,2026-03-30T11:30:00-04:00,3494,58.2,Lunch,2,Mon,Sat,11,278278,wisely
2026-03-28T05:16:24+00:00,2026-03-30T11:30:00-04:00,3494,58.2,Lunch,4,Mon,Sat,11,278278,wisely
2026-03-28T05:16:23+00:00,2026-03-30T11:45:00-04:00,3509,58.5,Lunch,2,Mon,Sat,11,278278,wisely
2026-03-28T05:16:24+00:00,2026-03-30T11:45:00-04:00,3509,58.5,Lunch,4,Mon,Sat,11,278278,wisely
2026-03-29T15:27:14+00:00,2026-03-30T12:00:00-04:00,1473,24.5,Lunch,2,Mon,Sun,12,278278,wisely
2026-03-29T15:27:15+00:00,2026-03-30T12:00:00-04:00,1473,24.5,Lunch,4,Mon,Sun,12,278278,wisely
2026-03-30T11:54:51+00:00,2026-03-30T12:15:00-04:00,260,4.3,Lunch,2,Mon,Mon,12,278278,wisely
2026-03-30T11:54:52+00:00,2026-03-30T12:15:00-04:00,260,4.3,Lunch,4,Mon,Mon,12,278278,wisely
2026-03-29T21:02:55+00:00,2026-03-30T12:30:00-04:00,1167,19.5,Lunch,2,Mon,Sun,12,278278,wisely
2026-03-29T21:02:57+00:00,2026-03-30T12:30:00-04:00,1167,19.5,Lunch,4,Mon,Sun,12,278278,wisely
2026-03-29T14:55:50+00:00,2026-03-30T12:45:00-04:00,1549,25.8,Lunch,2,Mon,Sun,12,278278,wisely
2026-03-29T14:55:51+00:00,2026-03-30T12:45:00-04:00,1549,25.8,Lunch,4,Mon,Sun,12,278278,wisely
2026-03-29T14:56:00+00:00,2026-03-30T13:00:00-04:00,1564,26.1,Lunch,2,Mon,Sun,13,278278,wisely
2026-03-29T14:56:01+00:00,2026-03-30T13:00:00-04:00,1564,26.1,Lunch,4,Mon,Sun,13,278278,wisely
2026-03-28T05:16:23+00:00,2026-03-30T13:15:00-04:00,3599,60.0,Lunch,2,Mon,Sat,13,278278,wisely
2026-03-28T05:16:25+00:00,2026-03-30T13:15:00-04:00,3599,60.0,Lunch,4,Mon,Sat,13,278278,wisely
2026-03-28T05:16:27+00:00,2026-03-30T13:30:00-04:00,3614,60.2,Lunch,2,Mon,Sat,13,278278,wisely
2026-03-28T05:16:28+00:00,2026-03-30T13:30:00-04:00,3614,60.2,Lunch,4,Mon,Sat,13,278278,wisely
2026-03-28T05:16:28+00:00,2026-03-30T13:45:00-04:00,3629,60.5,Lunch,2,Mon,Sat,13,278278,wisely
2026-03-28T05:16:30+00:00,2026-03-30T13:45:00-04:00,3628,60.5,Lunch,4,Mon,Sat,13,278278,wisely
2026-03-28T05:16:32+00:00,2026-03-30T14:00:00-04:00,3643,60.7,Lunch,2,Mon,Sat,14,278278,wisely
2026-03-30T16:49:13+00:00,2026-03-30T14:00:00-04:00,71,1.2,Lunch,4,Mon,Mon,14,278278,wisely
2026-03-28T05:16:33+00:00,2026-03-30T14:15:00-04:00,3658,61.0,Lunch,2,Mon,Sat,14,278278,wisely
2026-03-28T05:16:33+00:00,2026-03-30T14:15:00-04:00,3658,61.0,Lunch,4,Mon,Sat,14,278278,wisely
2026-03-30T16:49:13+00:00,2026-03-30T14:30:00-04:00,101,1.7,Lunch,2,Mon,Mon,14,278278,wisely
2026-03-29T21:03:09+00:00,2026-03-30T14:30:00-04:00,1287,21.4,Lunch,4,Mon,Sun,14,278278,wisely
2026-03-30T17:41:00+00:00,2026-03-30T15:00:00-04:00,79,1.3,Lunch,2,Mon,Mon,15,278278,wisely
2026-03-30T17:41:01+00:00,2026-03-30T15:00:00-04:00,79,1.3,Lunch,4,Mon,Mon,15,278278,wisely
2026-03-30T18:39:10+00:00,2026-03-30T15:15:00-04:00,36,0.6,Lunch,2,Mon,Mon,15,278278,wisely
2026-03-30T17:41:02+00:00,2026-03-30T15:15:00-04:00,94,1.6,Lunch,4,Mon,Mon,15,278278,wisely
2026-03-30T18:39:10+00:00,2026-03-30T15:30:00-04:00,51,0.8,Lunch,2,Mon,Mon,15,278278,wisely
2026-03-30T18:39:11+00:00,2026-03-30T15:30:00-04:00,51,0.8,Lunch,4,Mon,Mon,15,278278,wisely
2026-03-27T04:05:39+00:00,2026-03-30T16:30:00-04:00,5304,88.4,Dinner,2,Mon,Fri,16,278278,wisely
2026-03-29T22:48:35+00:00,2026-03-30T16:30:00-04:00,1301,21.7,Dinner,4,Mon,Sun,16,278278,wisely
2026-03-28T15:22:20+00:00,2026-03-30T17:00:00-04:00,3218,53.6,Dinner,2,Mon,Sat,17,278278,wisely
2026-03-28T15:22:21+00:00,2026-03-30T17:00:00-04:00,3218,53.6,Dinner,4,Mon,Sat,17,278278,wisely
2026-03-28T03:45:24+00:00,2026-03-30T17:15:00-04:00,3930,65.5,Dinner,2,Mon,Fri,17,278278,wisely
2026-03-28T03:45:25+00:00,2026-03-30T17:15:00-04:00,3930,65.5,Dinner,4,Mon,Fri,17,278278,wisely
2026-03-29T21:18:20+00:00,2026-03-30T17:30:00-04:00,1452,24.2,Dinner,2,Mon,Sun,17,278278,wisely
2026-03-29T22:53:39+00:00,2026-03-30T17:30:00-04:00,1356,22.6,Dinner,4,Mon,Sun,17,278278,wisely
2026-03-28T22:35:36+00:00,2026-03-30T18:00:00-04:00,2844,47.4,Dinner,2,Mon,Sat,18,278278,wisely
2026-03-28T22:35:37+00:00,2026-03-30T18:00:00-04:00,2844,47.4,Dinner,4,Mon,Sat,18,278278,wisely
2026-03-28T17:50:46+00:00,2026-03-30T18:30:00-04:00,3159,52.7,Dinner,2,Mon,Sat,18,278278,wisely
2026-03-30T01:47:01+00:00,2026-03-30T19:45:00-04:00,1318,22.0,Dinner,2,Mon,Sun,19,278278,wisely
2026-03-29T23:51:51+00:00,2026-03-30T20:00:00-04:00,1448,24.1,Dinner,2,Mon,Sun,20,278278,wisely
2026-03-29T21:02:20+00:00,2026-03-30T20:15:00-04:00,1633,27.2,Dinner,2,Mon,Sun,20,278278,wisely
2026-03-29T21:02:21+00:00,2026-03-30T20:15:00-04:00,1633,27.2,Dinner,4,Mon,Sun,20,278278,wisely
2026-03-29T03:33:06+00:00,2026-03-30T20:30:00-04:00,2697,44.9,Dinner,2,Mon,Sat,20,278278,wisely
2026-03-29T03:33:06+00:00,2026-03-30T20:30:00-04:00,2697,44.9,Dinner,4,Mon,Sat,20,278278,wisely
2026-03-29T13:34:37+00:00,2026-03-30T20:45:00-04:00,2110,35.2,Dinner,2,Mon,Sun,20,278278,wisely
2026-03-29T21:18:22+00:00,2026-03-30T20:45:00-04:00,1647,27.4,Dinner,4,Mon,Sun,20,278278,wisely
2026-03-27T19:51:30+00:00,2026-03-30T21:00:00-04:00,4628,77.1,Dinner,2,Mon,Fri,21,278278,wisely
2026-03-27T19:51:30+00:00,2026-03-30T21:00:00-04:00,4628,77.1,Dinner,4,Mon,Fri,21,278278,wisely
2026-03-30T01:47:20+00:00,2026-03-30T21:15:00-04:00,1408,23.5,Dinner,2,Mon,Sun,21,278278,wisely
2026-03-29T15:54:41+00:00,2026-03-30T21:30:00-04:00,2015,33.6,Dinner,2,Mon,Sun,21,278278,wisely
2026-03-29T15:54:43+00:00,2026-03-30T21:30:00-04:00,2015,33.6,Dinner,4,Mon,Sun,21,278278,wisely
2026-03-29T15:26:45+00:00,2026-03-30T21:45:00-04:00,2058,34.3,Dinner,2,Mon,Sun,21,278278,wisely
2026-03-30T11:54:32+00:00,2026-03-30T21:45:00-04:00,830,13.8,Dinner,4,Mon,Mon,21,278278,wisely
2026-03-29T05:26:33+00:00,2026-03-31T11:30:00-04:00,3483,58.1,Lunch,2,Tue,Sun,11,278278,wisely
2026-03-29T05:26:34+00:00,2026-03-31T11:30:00-04:00,3483,58.1,Lunch,4,Tue,Sun,11,278278,wisely
2026-03-30T14:44:43+00:00,2026-03-31T11:45:00-04:00,1500,25.0,Lunch,2,Tue,Mon,11,278278,wisely
2026-03-30T14:44:45+00:00,2026-03-31T11:45:00-04:00,1500,25.0,Lunch,4,Tue,Mon,11,278278,wisely
2026-03-30T14:44:43+00:00,2026-03-31T12:45:00-04:00,1560,26.0,Lunch,2,Tue,Mon,12,278278,wisely
2026-03-30T14:44:44+00:00,2026-03-31T13:00:00-04:00,1575,26.3,Lunch,2,Tue,Mon,13,278278,wisely
2026-03-31T13:58:59+00:00,2026-03-31T13:30:00-04:00,211,3.5,Lunch,2,Tue,Tue,13,278278,wisely
2026-03-31T13:59:02+00:00,2026-03-31T13:30:00-04:00,211,3.5,Lunch,4,Tue,Tue,13,278278,wisely
2026-03-29T05:26:34+00:00,2026-03-31T13:45:00-04:00,3618,60.3,Lunch,2,Tue,Sun,13,278278,wisely
2026-03-29T05:26:35+00:00,2026-03-31T13:45:00-04:00,3618,60.3,Lunch,4,Tue,Sun,13,278278,wisely
2026-03-30T17:41:44+00:00,2026-03-31T14:00:00-04:00,1458,24.3,Lunch,2,Tue,Mon,14,278278,wisely
2026-03-29T05:26:34+00:00,2026-03-31T14:15:00-04:00,3648,60.8,Lunch,2,Tue,Sun,14,278278,wisely
2026-03-29T05:26:35+00:00,2026-03-31T14:15:00-04:00,3648,60.8,Lunch,4,Tue,Sun,14,278278,wisely
2026-03-29T05:26:38+00:00,2026-03-31T14:30:00-04:00,3663,61.1,Lunch,2,Tue,Sun,14,278278,wisely
2026-03-29T05:26:38+00:00,2026-03-31T14:30:00-04:00,3663,61.1,Lunch,4,Tue,Sun,14,278278,wisely
2026-03-29T15:28:09+00:00,2026-03-31T14:45:00-04:00,3077,51.3,Lunch,2,Tue,Sun,14,278278,wisely
2026-03-29T15:28:10+00:00,2026-03-31T14:45:00-04:00,3077,51.3,Lunch,4,Tue,Sun,14,278278,wisely
2026-03-31T11:12:47+00:00,2026-03-31T15:00:00-04:00,467,7.8,Lunch,2,Tue,Tue,15,278278,wisely
2026-03-30T17:41:46+00:00,2026-03-31T15:00:00-04:00,1518,25.3,Lunch,4,Tue,Mon,15,278278,wisely
2026-03-31T18:09:06+00:00,2026-03-31T15:15:00-04:00,66,1.1,Lunch,2,Tue,Tue,15,278278,wisely
2026-03-30T23:49:38+00:00,2026-03-31T15:15:00-04:00,1165,19.4,Lunch,4,Tue,Mon,15,278278,wisely
2026-03-30T17:41:19+00:00,2026-03-31T16:45:00-04:00,1624,27.1,Dinner,2,Tue,Mon,16,278278,wisely
2026-03-30T17:41:19+00:00,2026-03-31T16:45:00-04:00,1624,27.1,Dinner,4,Tue,Mon,16,278278,wisely
2026-03-30T15:54:58+00:00,2026-03-31T17:00:00-04:00,1745,29.1,Dinner,2,Tue,Mon,17,278278,wisely
2026-03-30T21:30:04+00:00,2026-03-31T17:30:00-04:00,1440,24.0,Dinner,2,Tue,Mon,17,278278,wisely
2026-03-30T21:30:03+00:00,2026-03-31T17:30:00-04:00,1440,24.0,Dinner,4,Tue,Mon,17,278278,wisely
2026-03-30T21:08:57+00:00,2026-03-31T20:45:00-04:00,1656,27.6,Dinner,2,Tue,Mon,20,278278,wisely
2026-03-30T21:08:59+00:00,2026-03-31T20:45:00-04:00,1656,27.6,Dinner,4,Tue,Mon,20,278278,wisely
2026-03-29T22:04:27+00:00,2026-03-31T21:00:00-04:00,3056,50.9,Dinner,2,Tue,Sun,21,278278,wisely
2026-03-29T22:04:27+00:00,2026-03-31T21:00:00-04:00,3056,50.9,Dinner,4,Tue,Sun,21,278278,wisely
2026-03-29T17:03:22+00:00,2026-03-31T21:15:00-04:00,3372,56.2,Dinner,2,Tue,Sun,21,278278,wisely
2026-03-29T17:03:23+00:00,2026-03-31T21:15:00-04:00,3372,56.2,Dinner,4,Tue,Sun,21,278278,wisely
2026-03-30T21:09:07+00:00,2026-03-31T21:30:00-04:00,1701,28.3,Dinner,2,Tue,Mon,21,278278,wisely
2026-03-30T21:09:07+00:00,2026-03-31T21:30:00-04:00,1701,28.3,Dinner,4,Tue,Mon,21,278278,wisely
