seen_at_iso,slot_at_iso,lead_minutes,lead_hours,service,party_size,weekday_slot,weekday_seen,hour_slot,merchant_id,source
2025-12-30T12:56:04+00:00,2026-01-01T11:30:00-05:00,3094,51.6,Lunch,2,Thu,Tue,11,278278,wisely
2025-12-30T12:56:05+00:00,2026-01-01T11:30:00-05:00,3094,51.6,Lunch,4,Thu,Tue,11,278278,wisely
2025-12-30T11:59:45+00:00,2026-01-01T12:45:00-05:00,3225,53.8,Lunch,2,Thu,Tue,12,278278,wisely
2025-12-30T11:59:45+00:00,2026-01-01T12:45:00-05:00,3225,53.8,Lunch,4,Thu,Tue,12,278278,wisely
2026-01-01T17:32:04+00:00,2026-01-01T13:00:00-05:00,28,0.5,Lunch,2,Thu,Thu,13,278278,wisely
2026-01-01T17:32:06+00:00,2026-01-01T13:00:00-05:00,28,0.5,Lunch,4,Thu,Thu,13,278278,wisely
2025-12-31T22:25:26+00:00,2026-01-01T14:00:00-05:00,1235,20.6,Lunch,2,Thu,Wed,14,278278,wisely
2025-12-31T22:25:28+00:00,2026-01-01T14:00:00-05:00,1235,20.6,Lunch,4,Thu,Wed,14,278278,wisely
2026-01-01T17:32:05+00:00,2026-01-01T14:45:00-05:00,133,2.2,Lunch,2,Thu,Thu,14,278278,wisely
2025-12-30T14:42:39+00:00,2026-01-01T15:00:00-05:00,3197,53.3,Lunch,2,Thu,Tue,15,278278,wisely
2025-12-31T23:24:47+00:00,2026-01-01T15:30:00-05:00,1265,21.1,Lunch,2,Thu,Wed,15,278278,wisely
2025-12-31T23:24:48+00:00,2026-01-01T15:30:00-05:00,1265,21.1,Lunch,4,Thu,Wed,15,278278,wisely
2026-01-01T12:53:27+00:00,2026-01-01T15:45:00-05:00,472,7.9,Lunch,2,Thu,Thu,15,278278,wisely
2026-01-01T12:53:28+00:00,2026-01-01T15:45:00-05:00,472,7.9,Lunch,4,Thu,Thu,15,278278,wisely
2025-12-31T22:25:27+00:00,2026-01-01T16:15:00-05:00,1370,22.8,Lunch,2,Thu,Wed,16,278278,wisely
2025-12-31T22:25:28+00:00,2026-01-01T16:15:00-05:00,1370,22.8,Lunch,4,Thu,Wed,16,278278,wisely
2025-12-31T22:59:10+00:00,2026-01-01T17:15:00-05:00,1396,23.3,Dinner,2,Thu,Wed,17,278278,wisely
2026-01-01T22:16:22+00:00,2026-01-01T18:45:00-05:00,89,1.5,Dinner,2,Thu,Thu,18,278278,wisely
2026-01-01T22:16:21+00:00,2026-01-01T18:45:00-05:00,89,1.5,Dinner,4,Thu,Thu,18,278278,wisely
2026-01-01T21:41:46+00:00,2026-01-01T19:30:00-05:00,168,2.8,Dinner,2,Thu,Thu,19,278278,wisely
2026-01-01T21:41:47+00:00,2026-01-01T19:30:00-05:00,168,2.8,Dinner,4,Thu,Thu,19,278278,wisely
2026-01-01T22:45:14+00:00,2026-01-01T20:15:00-05:00,150,2.5,Dinner,2,Thu,Thu,20,278278,wisely
2026-01-01T23:51:34+00:00,2026-01-01T20:45:00-05:00,113,1.9,Dinner,2,Thu,Thu,20,278278,wisely
2026-01-01T23:51:35+00:00,2026-01-01T20:45:00-05:00,113,1.9,Dinner,4,Thu,Thu,20,278278,wisely
2026-01-01T22:16:16+00:00,2026-01-01T21:00:00-05:00,224,3.7,Dinner,2,Thu,Thu,21,278278,wisely
2026-01-01T22:16:18+00:00,2026-01-01T21:00:00-05:00,224,3.7,Dinner,4,Thu,Thu,21,278278,wisely
2026-01-01T22:16:17+00:00,2026-01-01T21:15:00-05:00,239,4.0,Dinner,2,Thu,Thu,21,278278,wisely
2026-01-01T05:46:16+00:00,2026-01-01T21:30:00-05:00,1244,20.7,Dinner,2,Thu,Thu,21,278278,wisely
2026-01-01T04:54:58+00:00,2026-01-01T21:45:00-05:00,1310,21.8,Dinner,2,Thu,Wed,21,278278,wisely
2026-01-01T04:54:59+00:00,2026-01-01T21:45:00-05:00,1310,21.8,Dinner,4,Thu,Wed,21,278278,wisely
2026-01-01T16:14:16+00:00,2026-01-02T11:30:00-05:00,1456,24.3,Lunch,2,Fri,Thu,11,278278,wisely
2026-01-01T16:14:17+00:00,2026-01-02T11:30:00-05:00,1456,24.3,Lunch,4,Fri,Thu,11,278278,wisely
2026-01-01T22:16:50+00:00,2026-01-02T11:45:00-05:00,1108,18.5,Lunch,2,Fri,Thu,11,278278,wisely
2026-01-01T22:16:51+00:00,2026-01-02T11:45:00-05:00,1108,18.5,Lunch,4,Fri,Thu,11,278278,wisely
2026-01-01T22:16:50+00:00,2026-01-02T12:00:00-05:00,1123,18.7,Lunch,2,Fri,Thu,12,278278,wisely
2026-01-01T22:16:51+00:00,2026-01-02T12:00:00-05:00,1123,18.7,Lunch,4,Fri,Thu,12,278278,wisely
2026-01-01T22:16:50+00:00,2026-01-02T12:15:00-05:00,1138,19.0,Lunch,2,Fri,Thu,12,278278,wisely
2026-01-01T15:53:30+00:00,2026-01-02T12:30:00-05:00,1536,25.6,Lunch,2,Fri,Thu,12,278278,wisely
2026-01-01T15:53:31+00:00,2026-01-02T12:30:00-05:00,1536,25.6,Lunch,4,Fri,Thu,12,278278,wisely
2026-01-01T22:40:53+00:00,2026-01-02T13:00:00-05:00,1159,19.3,Lunch,2,Fri,Thu,13,278278,wisely
2026-01-01T22:40:53+00:00,2026-01-02T13:00:00-05:00,1159,19.3,Lunch,4,Fri,Thu,13,278278,wisely
2026-01-01T22:25:27+00:00,2026-01-02T13:45:00-05:00,1220,20.3,Lunch,2,Fri,Thu,13,278278,wisely
2026-01-01T22:25:28+00:00,2026-01-02T13:45:00-05:00,1220,20.3,Lunch,4,Fri,Thu,13,278278,wisely
2026-01-01T22:16:55+00:00,2026-01-02T14:00:00-05:00,1243,20.7,Lunch,2,Fri,Thu,14,278278,wisely
2026-01-01T22:16:51+00:00,2026-01-02T14:00:00-05:00,1243,20.7,Lunch,4,Fri,Thu,14,278278,wisely
2026-01-02T19:12:55+00:00,2026-01-02T14:30:00-05:00,17,0.3,Lunch,2,Fri,Fri,14,278278,wisely
2026-01-02T19:12:56+00:00,2026-01-02T14:30:00-05:00,17,0.3,Lunch,4,Fri,Fri,14,278278,wisely
2026-01-02T13:24:39+00:00,2026-01-02T15:15:00-05:00,410,6.8,Lunch,2,Fri,Fri,15,278278,wisely
2026-01-02T07:01:55+00:00,2026-01-02T15:30:00-05:00,808,13.5,Lunch,2,Fri,Fri,15,278278,wisely
2026-01-02T07:01:56+00:00,2026-01-02T15:30:00-05:00,808,13.5,Lunch,4,Fri,Fri,15,278278,wisely
2026-01-01T22:16:57+00:00,2026-01-02T15:45:00-05:00,1348,22.5,Lunch,2,Fri,Thu,15,278278,wisely
2026-01-02T20:55:23+00:00,2026-01-02T16:15:00-05:00,20,0.3,Lunch,2,Fri,Fri,16,278278,wisely
2026-01-02T19:12:41+00:00,2026-01-02T16:30:00-05:00,137,2.3,Dinner,2,Fri,Fri,16,278278,wisely
2026-01-02T19:12:43+00:00,2026-01-02T16:30:00-05:00,137,2.3,Dinner,4,Fri,Fri,16,278278,wisely
2026-01-02T21:51:15+00:00,2026-01-02T17:15:00-05:00,24,0.4,Dinner,2,Fri,Fri,17,278278,wisely
2026-01-02T21:51:16+00:00,2026-01-02T17:15:00-05:00,24,0.4,Dinner,4,Fri,Fri,17,278278,wisely
2026-01-01T23:16:53+00:00,2026-01-02T17:30:00-05:00,1393,23.2,Dinner,2,Fri,Thu,17,278278,wisely
2026-01-01T23:16:54+00:00,2026-01-02T17:30:00-05:00,1393,23.2,Dinner,4,Fri,Thu,17,278278,wisely
2026-01-02T19:12:42+00:00,2026-01-02T18:00:00-05:00,227,3.8,Dinner,2,Fri,Fri,18,278278,wisely
2026-01-02T11:47:56+00:00,2026-01-02T18:15:00-05:00,687,11.5,Dinner,2,Fri,Fri,18,278278,wisely
2026-01-01T22:16:35+00:00,2026-01-02T21:30:00-05:00,1693,28.2,Dinner,2,Fri,Thu,21,278278,wisely
2026-01-01T22:16:35+00:00,2026-01-02T21:30:00-05:00,1693,28.2,Dinner,4,Fri,Thu,21,278278,wisely
2026-01-01T22:16:35+00:00,2026-01-02T21:45:00-05:00,1708,28.5,Dinner,2,Fri,Thu,21,278278,wisely
2026-01-01T22:16:36+00:00,2026-01-02T21:45:00-05:00,1708,28.5,Dinner,4,Fri,Thu,21,278278,wisely
2026-01-02T12:50:52+00:00,2026-01-03T11:30:00-05:00,1659,27.7,Lunch,2,Sat,Fri,11,278278,wisely
2026-01-02T22:23:12+00:00,2026-01-03T11:45:00-05:00,1102,18.4,Lunch,2,Sat,Fri,11,278278,wisely
2026-01-01T15:25:51+00:00,2026-01-03T12:15:00-05:00,2989,49.8,Lunch,2,Sat,Thu,12,278278,wisely
2026-01-01T15:25:52+00:00,2026-01-03T12:15:00-05:00,2989,49.8,Lunch,4,Sat,Thu,12,278278,wisely
2026-01-02T22:23:12+00:00,2026-01-03T12:30:00-05:00,1147,19.1,Lunch,2,Sat,Fri,12,278278,wisely
2026-01-02T22:23:15+00:00,2026-01-03T12:45:00-05:00,1162,19.4,Lunch,2,Sat,Fri,12,278278,wisely
2026-01-02T22:23:16+00:00,2026-01-03T13:45:00-05:00,1222,20.4,Lunch,2,Sat,Fri,13,278278,wisely
2026-01-03T05:46:06+00:00,2026-01-03T14:30:00-05:00,824,13.7,Lunch,2,Sat,Sat,14,278278,wisely
2026-01-03T05:46:07+00:00,2026-01-03T14:30:00-05:00,824,13.7,Lunch,4,Sat,Sat,14,278278,wisely
2026-01-03T15:23:28+00:00,2026-01-03T15:00:00-05:00,277,4.6,Lunch,2,Sat,Sat,15,278278,wisely
2026-01-02T22:43:53+00:00,2026-01-03T20:15:00+00:00,1291,21.5,Lunch,2,Sat,Fri,15,278278,wisely
2026-01-02T22:43:43+00:00,2026-01-03T20:15:00+00:00,1291,21.5,Lunch,4,Sat,Fri,15,278278,wisely
2026-01-03T17:47:58+00:00,2026-01-03T15:30:00-05:00,162,2.7,Lunch,2,Sat,Sat,15,278278,wisely
2026-01-02T22:43:55+00:00,2026-01-03T20:45:00+00:00,1321,22.0,Lunch,2,Sat,Fri,15,278278,wisely
2026-01-03T06:37:04+00:00,2026-01-03T16:00:00-05:00,863,14.4,Lunch,2,Sat,Sat,16,278278,wisely
2026-01-03T15:50:20+00:00,2026-01-03T16:00:00-05:00,310,5.2,Lunch,4,Sat,Sat,16,278278,wisely
2026-01-02T22:43:24+00:00,2026-01-03T21:30:00+00:00,1367,22.8,Dinner,2,Sat,Fri,16,278278,wisely
2026-01-02T22:43:25+00:00,2026-01-03T21:30:00+00:00,1367,22.8,Dinner,4,Sat,Fri,16,278278,wisely
2026-01-03T05:45:53+00:00,2026-01-03T18:15:00-05:00,1049,17.5,Dinner,2,Sat,Sat,18,278278,wisely
2026-01-02T23:48:42+00:00,2026-01-03T23:30:00+00:00,1421,23.7,Dinner,2,Sat,Fri,18,278278,wisely
2026-01-02T23:48:43+00:00,2026-01-03T23:30:00+00:00,1421,23.7,Dinner,4,Sat,Fri,18,278278,wisely
2026-01-03T05:58:33+00:00,2026-01-03T19:00:00-05:00,1081,18.0,Dinner,2,Sat,Sat,19,278278,wisely
2026-01-03T04:04:37+00:00,2026-01-03T21:00:00-05:00,1315,21.9,Dinner,2,Sat,Fri,21,278278,wisely
2026-01-03T04:04:38+00:00,2026-01-03T21:00:00-05:00,1315,21.9,Dinner,4,Sat,Fri,21,278278,wisely
2025-12-31T16:13:35+00:00,2026-01-03T21:15:00-05:00,4921,82.0,Dinner,2,Sat,Wed,21,278278,wisely
2025-12-31T16:13:36+00:00,2026-01-03T21:15:00-05:00,4921,82.0,Dinner,4,Sat,Wed,21,278278,wisely
2026-01-04T02:33:39+00:00,2026-01-03T21:45:00-05:00,11,0.2,Dinner,2,Sat,Sat,21,278278,wisely
2026-01-04T02:33:40+00:00,2026-01-03T21:45:00-05:00,11,0.2,Dinner,4,Sat,Sat,21,278278,wisely
2026-01-02T19:59:23+00:00,2026-01-04T11:30:00-05:00,2671,44.5,Lunch,2,Sun,Fri,11,278278,wisely
2026-01-03T20:43:18+00:00,2026-01-04T16:45:00+00:00,1202,20.0,Lunch,2,Sun,Sat,11,278278,wisely
2026-01-03T20:43:19+00:00,2026-01-04T16:45:00+00:00,1202,20.0,Lunch,4,Sun,Sat,11,278278,wisely
2026-01-03T22:53:48+00:00,2026-01-04T17:00:00+00:00,1086,18.1,Lunch,2,Sun,Sat,12,278278,wisely
2026-01-03T22:53:49+00:00,2026-01-04T17:00:00+00:00,1086,18.1,Lunch,4,Sun,Sat,12,278278,wisely
2026-01-04T15:50:20+00:00,2026-01-04T12:30:00-05:00,100,1.7,Lunch,2,Sun,Sun,12,278278,wisely
2026-01-04T15:50:21+00:00,2026-01-04T12:30:00-05:00,100,1.7,Lunch,4,Sun,Sun,12,278278,wisely
2026-01-03T22:44:34+00:00,2026-01-04T12:45:00-05:00,1140,19.0,Lunch,2,Sun,Sat,12,278278,wisely
2026-01-03T22:43:48+00:00,2026-01-04T18:00:00+00:00,1156,19.3,Lunch,2,Sun,Sat,13,278278,wisely
2026-01-03T22:43:49+00:00,2026-01-04T18:00:00+00:00,1156,19.3,Lunch,4,Sun,Sat,13,278278,wisely
2026-01-03T22:43:48+00:00,2026-01-04T18:15:00+00:00,1171,19.5,Lunch,2,Sun,Sat,13,278278,wisely
2026-01-03T22:43:49+00:00,2026-01-04T18:15:00+00:00,1171,19.5,Lunch,4,Sun,Sat,13,278278,wisely
2026-01-03T19:29:41+00:00,2026-01-04T13:30:00-05:00,1380,23.0,Lunch,2,Sun,Sat,13,278278,wisely
2026-01-03T19:29:42+00:00,2026-01-04T13:30:00-05:00,1380,23.0,Lunch,4,Sun,Sat,13,278278,wisely
2026-01-03T22:43:48+00:00,2026-01-04T19:00:00+00:00,1216,20.3,Lunch,2,Sun,Sat,14,278278,wisely
2026-01-02T21:32:06+00:00,2026-01-04T19:15:00+00:00,2743,45.7,Lunch,2,Sun,Fri,14,278278,wisely
2026-01-03T14:58:57+00:00,2026-01-04T14:30:00-05:00,1711,28.5,Lunch,2,Sun,Sat,14,278278,wisely
2026-01-03T14:58:58+00:00,2026-01-04T14:30:00-05:00,1711,28.5,Lunch,4,Sun,Sat,14,278278,wisely
2026-01-03T22:25:09+00:00,2026-01-04T20:15:00+00:00,1310,21.8,Lunch,2,Sun,Sat,15,278278,wisely
2026-01-04T07:24:31+00:00,2026-01-04T15:30:00-05:00,785,13.1,Lunch,2,Sun,Sun,15,278278,wisely
2026-01-03T22:53:49+00:00,2026-01-04T20:30:00+00:00,1296,21.6,Lunch,4,Sun,Sat,15,278278,wisely
2026-01-04T20:44:31+00:00,2026-01-04T21:00:00+00:00,15,0.3,Lunch,2,Sun,Sun,16,278278,wisely
2026-01-04T20:44:32+00:00,2026-01-04T21:00:00+00:00,15,0.3,Lunch,4,Sun,Sun,16,278278,wisely
2026-01-03T21:17:57+00:00,2026-01-04T16:45:00-05:00,1467,24.5,Dinner,2,Sun,Sat,16,278278,wisely
2026-01-03T21:17:58+00:00,2026-01-04T16:45:00-05:00,1467,24.5,Dinner,4,Sun,Sat,16,278278,wisely
2026-01-03T22:24:54+00:00,2026-01-04T22:00:00+00:00,1415,23.6,Dinner,2,Sun,Sat,17,278278,wisely
2026-01-04T21:41:07+00:00,2026-01-04T17:00:00-05:00,19,0.3,Dinner,4,Sun,Sun,17,278278,wisely
2026-01-02T19:59:09+00:00,2026-01-04T17:15:00-05:00,3016,50.3,Dinner,2,Sun,Fri,17,278278,wisely
2026-01-04T22:57:56+00:00,2026-01-05T00:45:00+00:00,107,1.8,Dinner,2,Sun,Sun,19,278278,wisely
2026-01-04T22:57:57+00:00,2026-01-05T00:45:00+00:00,107,1.8,Dinner,4,Sun,Sun,19,278278,wisely
2026-01-03T05:24:02+00:00,2026-01-05T11:30:00-05:00,3546,59.1,Lunch,2,Mon,Sat,11,278278,wisely
2026-01-03T05:24:03+00:00,2026-01-05T11:30:00-05:00,3546,59.1,Lunch,4,Mon,Sat,11,278278,wisely
2026-01-03T05:24:03+00:00,2026-01-05T11:45:00-05:00,3561,59.3,Lunch,2,Mon,Sat,11,278278,wisely
2026-01-03T05:24:03+00:00,2026-01-05T11:45:00-05:00,3561,59.3,Lunch,4,Mon,Sat,11,278278,wisely
2026-01-03T13:43:48+00:00,2026-01-05T12:00:00-05:00,3076,51.3,Lunch,2,Mon,Sat,12,278278,wisely
2026-01-03T13:43:48+00:00,2026-01-05T12:00:00-05:00,3076,51.3,Lunch,4,Mon,Sat,12,278278,wisely
2026-01-03T14:46:54+00:00,2026-01-05T12:15:00-05:00,3028,50.5,Lunch,2,Mon,Sat,12,278278,wisely
2026-01-05T03:03:46+00:00,2026-01-05T12:45:00-05:00,881,14.7,Lunch,2,Mon,Sun,12,278278,wisely
2026-01-05T03:03:47+00:00,2026-01-05T12:45:00-05:00,881,14.7,Lunch,4,Mon,Sun,12,278278,wisely
2026-01-04T22:24:16+00:00,2026-01-05T13:00:00-05:00,1176,19.6,Lunch,2,Mon,Sun,13,278278,wisely
2026-01-04T22:24:17+00:00,2026-01-05T13:00:00-05:00,1176,19.6,Lunch,4,Mon,Sun,13,278278,wisely
2026-01-04T18:34:31+00:00,2026-01-05T13:30:00-05:00,1435,23.9,Lunch,2,Mon,Sun,13,278278,wisely
2026-01-04T18:34:33+00:00,2026-01-05T13:30:00-05:00,1435,23.9,Lunch,4,Mon,Sun,13,278278,wisely
2026-01-04T19:59:14+00:00,2026-01-05T13:45:00-05:00,1366,22.8,Lunch,2,Mon,Sun,13,278278,wisely
2026-01-04T22:24:26+00:00,2026-01-05T13:45:00-05:00,1221,20.3,Lunch,4,Mon,Sun,13,278278,wisely
2026-01-03T19:30:20+00:00,2026-01-05T14:45:00-05:00,2895,48.2,Lunch,2,Mon,Sat,14,278278,wisely
2026-01-03T21:51:57+00:00,2026-01-05T15:00:00-05:00,2768,46.1,Lunch,2,Mon,Sat,15,278278,wisely
2026-01-05T18:20:59+00:00,2026-01-05T15:15:00-05:00,114,1.9,Lunch,2,Mon,Mon,15,278278,wisely
2026-01-05T18:21:00+00:00,2026-01-05T15:15:00-05:00,114,1.9,Lunch,4,Mon,Mon,15,278278,wisely
2026-01-04T22:45:28+00:00,2026-01-05T20:30:00+00:00,1305,21.7,Lunch,2,Mon,Sun,15,278278,wisely
2026-01-04T22:45:29+00:00,2026-01-05T20:30:00+00:00,1305,21.7,Lunch,4,Mon,Sun,15,278278,wisely
2026-01-05T14:54:08+00:00,2026-01-05T15:45:00-05:00,351,5.8,Lunch,2,Mon,Mon,15,278278,wisely
2026-01-05T14:54:08+00:00,2026-01-05T15:45:00-05:00,351,5.8,Lunch,4,Mon,Mon,15,278278,wisely
2026-01-04T22:24:32+00:00,2026-01-05T16:00:00-05:00,1355,22.6,Lunch,2,Mon,Sun,16,278278,wisely
2026-01-04T22:24:32+00:00,2026-01-05T16:00:00-05:00,1355,22.6,Lunch,4,Mon,Sun,16,278278,wisely
2026-01-02T14:26:07+00:00,2026-01-05T16:30:00-05:00,4744,79.1,Dinner,2,Mon,Fri,16,278278,wisely
2026-01-04T22:24:05+00:00,2026-01-05T16:45:00-05:00,1401,23.3,Dinner,2,Mon,Sun,16,278278,wisely
2026-01-04T22:24:06+00:00,2026-01-05T16:45:00-05:00,1401,23.3,Dinner,4,Mon,Sun,16,278278,wisely
2026-01-05T14:53:54+00:00,2026-01-05T17:00:00-05:00,426,7.1,Dinner,2,Mon,Mon,17,278278,wisely
2026-01-05T14:53:55+00:00,2026-01-05T17:00:00-05:00,426,7.1,Dinner,4,Mon,Mon,17,278278,wisely
2026-01-02T21:18:42+00:00,2026-01-05T22:30:00+00:00,4391,73.2,Dinner,2,Mon,Fri,17,278278,wisely
2026-01-04T22:47:33+00:00,2026-01-05T17:30:00-05:00,1422,23.7,Dinner,4,Mon,Sun,17,278278,wisely
2026-01-05T22:28:39+00:00,2026-01-05T18:15:00-05:00,46,0.8,Dinner,2,Mon,Mon,18,278278,wisely
2026-01-05T22:28:40+00:00,2026-01-05T18:15:00-05:00,46,0.8,Dinner,4,Mon,Mon,18,278278,wisely
2026-01-04T22:44:56+00:00,2026-01-06T00:00:00+00:00,1515,25.3,Dinner,2,Mon,Sun,19,278278,wisely
2026-01-05T23:12:12+00:00,2026-01-05T19:00:00-05:00,48,0.8,Dinner,4,Mon,Mon,19,278278,wisely
2026-01-04T15:58:39+00:00,2026-01-05T19:30:00-05:00,1951,32.5,Dinner,2,Mon,Sun,19,278278,wisely
2026-01-04T22:44:57+00:00,2026-01-06T00:45:00+00:00,1560,26.0,Dinner,2,Mon,Sun,19,278278,wisely
2026-01-04T22:44:57+00:00,2026-01-06T00:45:00+00:00,1560,26.0,Dinner,4,Mon,Sun,19,278278,wisely
2026-01-04T15:50:30+00:00,2026-01-05T20:00:00-05:00,1989,33.2,Dinner,2,Mon,Sun,20,278278,wisely
2026-01-04T15:50:30+00:00,2026-01-05T20:00:00-05:00,1989,33.2,Dinner,4,Mon,Sun,20,278278,wisely
2026-01-04T23:24:02+00:00,2026-01-05T20:15:00-05:00,1551,25.8,Dinner,2,Mon,Sun,20,278278,wisely
2026-01-04T23:24:03+00:00,2026-01-05T20:15:00-05:00,1551,25.8,Dinner,4,Mon,Sun,20,278278,wisely
2026-01-05T03:03:35+00:00,2026-01-05T21:00:00-05:00,1376,22.9,Dinner,2,Mon,Sun,21,278278,wisely
2026-01-05T03:03:37+00:00,2026-01-05T21:00:00-05:00,1376,22.9,Dinner,4,Mon,Sun,21,278278,wisely
2026-01-05T23:56:16+00:00,2026-01-06T02:30:00+00:00,154,2.6,Dinner,2,Mon,Mon,21,278278,wisely
2026-01-05T23:56:17+00:00,2026-01-06T02:30:00+00:00,154,2.6,Dinner,4,Mon,Mon,21,278278,wisely
2026-01-06T02:04:02+00:00,2026-01-06T02:45:00+00:00,41,0.7,Dinner,2,Mon,Mon,21,278278,wisely
2026-01-04T05:22:30+00:00,2026-01-06T11:30:00-05:00,3547,59.1,Lunch,2,Tue,Sun,11,278278,wisely
2026-01-04T05:22:31+00:00,2026-01-06T11:30:00-05:00,3547,59.1,Lunch,4,Tue,Sun,11,278278,wisely
2026-01-05T19:11:52+00:00,2026-01-06T11:45:00-05:00,1293,21.6,Lunch,2,Tue,Mon,11,278278,wisely
2026-01-05T19:11:53+00:00,2026-01-06T11:45:00-05:00,1293,21.6,Lunch,4,Tue,Mon,11,278278,wisely
2026-01-06T14:26:52+00:00,2026-01-06T12:00:00-05:00,153,2.6,Lunch,2,Tue,Tue,12,278278,wisely
2026-01-06T14:26:53+00:00,2026-01-06T12:00:00-05:00,153,2.6,Lunch,4,Tue,Tue,12,278278,wisely
2026-01-05T22:12:09+00:00,2026-01-06T12:15:00-05:00,1143,19.0,Lunch,2,Tue,Mon,12,278278,wisely
2026-01-05T14:54:26+00:00,2026-01-06T12:30:00-05:00,1596,26.6,Lunch,2,Tue,Mon,12,278278,wisely
2026-01-05T14:54:27+00:00,2026-01-06T12:30:00-05:00,1596,26.6,Lunch,4,Tue,Mon,12,278278,wisely
2026-01-05T23:29:20+00:00,2026-01-06T12:45:00-05:00,1096,18.3,Lunch,2,Tue,Mon,12,278278,wisely
2026-01-05T23:29:15+00:00,2026-01-06T12:45:00-05:00,1096,18.3,Lunch,4,Tue,Mon,12,278278,wisely
2026-01-06T13:58:29+00:00,2026-01-06T13:00:00-05:00,242,4.0,Lunch,2,Tue,Tue,13,278278,wisely
2026-01-06T13:58:30+00:00,2026-01-06T13:00:00-05:00,241,4.0,Lunch,4,Tue,Tue,13,278278,wisely
2026-01-05T21:27:03+00:00,2026-01-06T13:15:00-05:00,1248,20.8,Lunch,2,Tue,Mon,13,278278,wisely
2026-01-04T05:22:30+00:00,2026-01-06T13:30:00-05:00,3667,61.1,Lunch,2,Tue,Sun,13,278278,wisely
2026-01-04T05:22:31+00:00,2026-01-06T13:30:00-05:00,3667,61.1,Lunch,4,Tue,Sun,13,278278,wisely
2026-01-04T05:22:30+00:00,2026-01-06T13:45:00-05:00,3682,61.4,Lunch,2,Tue,Sun,13,278278,wisely
2026-01-04T05:22:31+00:00,2026-01-06T13:45:00-05:00,3682,61.4,Lunch,4,Tue,Sun,13,278278,wisely
2026-01-04T05:22:35+00:00,2026-01-06T14:00:00-05:00,3697,61.6,Lunch,2,Tue,Sun,14,278278,wisely
2026-01-04T05:22:35+00:00,2026-01-06T14:00:00-05:00,3697,61.6,Lunch,4,Tue,Sun,14,278278,wisely
2026-01-04T05:22:36+00:00,2026-01-06T14:15:00-05:00,3712,61.9,Lunch,2,Tue,Sun,14,278278,wisely
2026-01-04T05:22:37+00:00,2026-01-06T14:15:00-05:00,3712,61.9,Lunch,4,Tue,Sun,14,278278,wisely
2026-01-05T20:28:12+00:00,2026-01-06T19:30:00+00:00,1382,23.0,Lunch,2,Tue,Mon,14,278278,wisely
2026-01-05T15:42:26+00:00,2026-01-06T14:30:00-05:00,1668,27.8,Lunch,4,Tue,Mon,14,278278,wisely
2026-01-06T05:58:49+00:00,2026-01-06T14:45:00-05:00,826,13.8,Lunch,2,Tue,Tue,14,278278,wisely
2026-01-05T16:25:50+00:00,2026-01-06T15:00:00-05:00,1654,27.6,Lunch,4,Tue,Mon,15,278278,wisely
2026-01-06T15:53:50+00:00,2026-01-06T15:15:00-05:00,261,4.4,Lunch,2,Tue,Tue,15,278278,wisely
2026-01-05T19:49:20+00:00,2026-01-06T15:30:00-05:00,1481,24.7,Lunch,4,Tue,Mon,15,278278,wisely
2026-01-06T18:53:28+00:00,2026-01-06T16:15:00-05:00,142,2.4,Lunch,2,Tue,Tue,16,278278,wisely
2026-01-05T15:56:48+00:00,2026-01-06T16:30:00-05:00,1773,29.6,Dinner,2,Tue,Mon,16,278278,wisely
2026-01-06T11:24:46+00:00,2026-01-06T17:30:00-05:00,665,11.1,Dinner,2,Tue,Tue,17,278278,wisely
2026-01-04T02:34:48+00:00,2026-01-06T17:45:00-05:00,4090,68.2,Dinner,2,Tue,Sat,17,278278,wisely
2026-01-05T22:11:53+00:00,2026-01-06T20:30:00-05:00,1638,27.3,Dinner,2,Tue,Mon,20,278278,wisely
2026-01-05T22:11:54+00:00,2026-01-06T20:30:00-05:00,1638,27.3,Dinner,4,Tue,Mon,20,278278,wisely
2026-01-05T22:48:51+00:00,2026-01-06T21:00:00-05:00,1631,27.2,Dinner,2,Tue,Mon,21,278278,wisely
2026-01-05T22:48:53+00:00,2026-01-06T21:00:00-05:00,1631,27.2,Dinner,4,Tue,Mon,21,278278,wisely
2026-01-05T21:44:15+00:00,2026-01-07T02:15:00+00:00,1711,28.5,Dinner,2,Tue,Mon,21,278278,wisely
2026-01-06T23:13:33+00:00,2026-01-06T21:15:00-05:00,181,3.0,Dinner,4,Tue,Tue,21,278278,wisely
2026-01-05T22:11:54+00:00,2026-01-06T21:30:00-05:00,1698,28.3,Dinner,2,Tue,Mon,21,278278,wisely
2026-01-05T22:29:00+00:00,2026-01-06T21:45:00-05:00,1696,28.3,Dinner,2,Tue,Mon,21,278278,wisely
2026-01-05T05:10:32+00:00,2026-01-07T11:30:00-05:00,3559,59.3,Lunch,2,Wed,Mon,11,278278,wisely
2026-01-05T05:10:32+00:00,2026-01-07T11:30:00-05:00,3559,59.3,Lunch,4,Wed,Mon,11,278278,wisely
2026-01-06T15:35:39+00:00,2026-01-07T11:45:00-05:00,1509,25.2,Lunch,2,Wed,Tue,11,278278,wisely
2026-01-06T15:35:40+00:00,2026-01-07T11:45:00-05:00,1509,25.2,Lunch,4,Wed,Tue,11,278278,wisely
2026-01-06T22:11:53+00:00,2026-01-07T12:00:00-05:00,1128,18.8,Lunch,2,Wed,Tue,12,278278,wisely
2026-01-06T22:11:54+00:00,2026-01-07T12:00:00-05:00,1128,18.8,Lunch,4,Wed,Tue,12,278278,wisely
2026-01-06T22:11:53+00:00,2026-01-07T12:45:00-05:00,1173,19.6,Lunch,2,Wed,Tue,12,278278,wisely
2026-01-06T22:11:54+00:00,2026-01-07T12:45:00-05:00,1173,19.6,Lunch,4,Wed,Tue,12,278278,wisely
2026-01-07T01:48:14+00:00,2026-01-07T13:15:00-05:00,987,16.4,Lunch,2,Wed,Tue,13,278278,wisely
2026-01-07T01:48:15+00:00,2026-01-07T13:15:00-05:00,987,16.4,Lunch,4,Wed,Tue,13,278278,wisely
2026-01-06T23:48:33+00:00,2026-01-07T13:30:00-05:00,1121,18.7,Lunch,2,Wed,Tue,13,278278,wisely
2026-01-06T23:48:34+00:00,2026-01-07T13:30:00-05:00,1121,18.7,Lunch,4,Wed,Tue,13,278278,wisely
2026-01-05T05:10:32+00:00,2026-01-07T13:45:00-05:00,3694,61.6,Lunch,2,Wed,Mon,13,278278,wisely
2026-01-07T03:46:12+00:00,2026-01-07T14:00:00-05:00,914,15.2,Lunch,2,Wed,Tue,14,278278,wisely
2026-01-07T03:46:12+00:00,2026-01-07T14:00:00-05:00,914,15.2,Lunch,4,Wed,Tue,14,278278,wisely
2026-01-05T19:34:27+00:00,2026-01-07T14:15:00-05:00,2861,47.7,Lunch,2,Wed,Mon,14,278278,wisely
2026-01-05T19:34:27+00:00,2026-01-07T14:15:00-05:00,2861,47.7,Lunch,4,Wed,Mon,14,278278,wisely
2026-01-05T05:10:32+00:00,2026-01-07T14:30:00-05:00,3739,62.3,Lunch,2,Wed,Mon,14,278278,wisely
2026-01-05T05:10:32+00:00,2026-01-07T14:30:00-05:00,3739,62.3,Lunch,4,Wed,Mon,14,278278,wisely
2026-01-05T05:10:37+00:00,2026-01-07T14:45:00-05:00,3754,62.6,Lunch,2,Wed,Mon,14,278278,wisely
2026-01-05T05:10:33+00:00,2026-01-07T14:45:00-05:00,3754,62.6,Lunch,4,Wed,Mon,14,278278,wisely
2026-01-05T10:42:56+00:00,2026-01-07T15:00:00-05:00,3437,57.3,Lunch,2,Wed,Mon,15,278278,wisely
2026-01-05T05:10:38+00:00,2026-01-07T15:00:00-05:00,3769,62.8,Lunch,4,Wed,Mon,15,278278,wisely
2026-01-06T17:43:07+00:00,2026-01-07T15:15:00-05:00,1592,26.5,Lunch,4,Wed,Tue,15,278278,wisely
2026-01-06T22:54:25+00:00,2026-01-07T16:30:00-05:00,1356,22.6,Dinner,2,Wed,Tue,16,278278,wisely
2026-01-06T22:54:26+00:00,2026-01-07T16:30:00-05:00,1356,22.6,Dinner,4,Wed,Tue,16,278278,wisely
2026-01-07T21:10:06+00:00,2026-01-07T16:45:00-05:00,35,0.6,Dinner,2,Wed,Wed,16,278278,wisely
2026-01-07T21:10:08+00:00,2026-01-07T16:45:00-05:00,35,0.6,Dinner,4,Wed,Wed,16,278278,wisely
2026-01-06T13:41:52+00:00,2026-01-07T17:15:00-05:00,1953,32.6,Dinner,2,Wed,Tue,17,278278,wisely
2026-01-06T13:41:53+00:00,2026-01-07T17:15:00-05:00,1953,32.6,Dinner,4,Wed,Tue,17,278278,wisely
2026-01-07T22:11:52+00:00,2026-01-07T19:15:00-05:00,123,2.1,Dinner,2,Wed,Wed,19,278278,wisely
2026-01-07T22:11:52+00:00,2026-01-07T19:15:00-05:00,123,2.1,Dinner,4,Wed,Wed,19,278278,wisely
2026-01-07T18:52:41+00:00,2026-01-07T20:30:00-05:00,397,6.6,Dinner,2,Wed,Wed,20,278278,wisely
2026-01-06T22:11:39+00:00,2026-01-07T21:00:00-05:00,1668,27.8,Dinner,2,Wed,Tue,21,278278,wisely
2026-01-06T22:11:40+00:00,2026-01-07T21:15:00-05:00,1683,28.1,Dinner,2,Wed,Tue,21,278278,wisely
2026-01-06T22:11:40+00:00,2026-01-07T21:30:00-05:00,1698,28.3,Dinner,2,Wed,Tue,21,278278,wisely
2026-01-06T22:11:41+00:00,2026-01-07T21:30:00-05:00,1698,28.3,Dinner,4,Wed,Tue,21,278278,wisely
2026-01-06T22:11:50+00:00,2026-01-07T21:45:00-05:00,1713,28.6,Dinner,2,Wed,Tue,21,278278,wisely
2026-01-06T22:11:41+00:00,2026-01-07T21:45:00-05:00,1713,28.6,Dinner,4,Wed,Tue,21,278278,wisely
2026-01-07T21:53:37+00:00,2026-01-08T11:30:00-05:00,1116,18.6,Lunch,2,Thu,Wed,11,278278,wisely
2026-01-07T21:53:38+00:00,2026-01-08T11:30:00-05:00,1116,18.6,Lunch,4,Thu,Wed,11,278278,wisely
2026-01-06T05:28:00+00:00,2026-01-08T11:45:00-05:00,3557,59.3,Lunch,2,Thu,Tue,11,278278,wisely
2026-01-06T05:28:01+00:00,2026-01-08T11:45:00-05:00,3557,59.3,Lunch,4,Thu,Tue,11,278278,wisely
2026-01-06T16:17:08+00:00,2026-01-08T12:00:00-05:00,2923,48.7,Lunch,2,Thu,Tue,12,278278,wisely
2026-01-07T23:01:16+00:00,2026-01-08T12:30:00-05:00,1109,18.5,Lunch,2,Thu,Wed,12,278278,wisely
2026-01-08T17:15:48+00:00,2026-01-08T12:45:00-05:00,29,0.5,Lunch,2,Thu,Thu,12,278278,wisely
2026-01-08T17:15:49+00:00,2026-01-08T12:45:00-05:00,29,0.5,Lunch,4,Thu,Thu,12,278278,wisely
2026-01-06T05:28:01+00:00,2026-01-08T13:15:00-05:00,3647,60.8,Lunch,2,Thu,Tue,13,278278,wisely
2026-01-07T22:31:43+00:00,2026-01-08T13:15:00-05:00,1183,19.7,Lunch,4,Thu,Wed,13,278278,wisely
2026-01-07T23:01:17+00:00,2026-01-08T13:30:00-05:00,1169,19.5,Lunch,2,Thu,Wed,13,278278,wisely
2026-01-07T23:01:17+00:00,2026-01-08T13:30:00-05:00,1169,19.5,Lunch,4,Thu,Wed,13,278278,wisely
2026-01-07T21:43:42+00:00,2026-01-08T13:45:00-05:00,1261,21.0,Lunch,2,Thu,Wed,13,278278,wisely
2026-01-07T22:12:11+00:00,2026-01-08T14:00:00-05:00,1248,20.8,Lunch,2,Thu,Wed,14,278278,wisely
2026-01-07T22:12:12+00:00,2026-01-08T14:00:00-05:00,1248,20.8,Lunch,4,Thu,Wed,14,278278,wisely
2026-01-06T05:28:01+00:00,2026-01-08T14:15:00-05:00,3707,61.8,Lunch,2,Thu,Tue,14,278278,wisely
2026-01-06T05:28:01+00:00,2026-01-08T14:15:00-05:00,3707,61.8,Lunch,4,Thu,Tue,14,278278,wisely
2026-01-07T22:12:12+00:00,2026-01-08T14:45:00-05:00,1293,21.5,Lunch,2,Thu,Wed,14,278278,wisely
2026-01-07T22:12:13+00:00,2026-01-08T14:45:00-05:00,1293,21.5,Lunch,4,Thu,Wed,14,278278,wisely
2026-01-08T04:28:48+00:00,2026-01-08T15:00:00-05:00,931,15.5,Lunch,2,Thu,Wed,15,278278,wisely
2026-01-08T04:28:48+00:00,2026-01-08T15:00:00-05:00,931,15.5,Lunch,4,Thu,Wed,15,278278,wisely
2026-01-08T05:58:37+00:00,2026-01-08T15:15:00-05:00,856,14.3,Lunch,2,Thu,Thu,15,278278,wisely
2026-01-07T22:12:13+00:00,2026-01-08T15:15:00-05:00,1323,22.0,Lunch,4,Thu,Wed,15,278278,wisely
2026-01-06T19:29:01+00:00,2026-01-08T15:45:00-05:00,2956,49.3,Lunch,2,Thu,Tue,15,278278,wisely
2026-01-06T19:29:02+00:00,2026-01-08T15:45:00-05:00,2956,49.3,Lunch,4,Thu,Tue,15,278278,wisely
2026-01-06T18:54:16+00:00,2026-01-08T16:00:00-05:00,3006,50.1,Lunch,2,Thu,Tue,16,278278,wisely
2026-01-06T18:54:16+00:00,2026-01-08T16:00:00-05:00,3006,50.1,Lunch,4,Thu,Tue,16,278278,wisely
2026-01-08T20:48:28+00:00,2026-01-08T16:15:00-05:00,27,0.4,Lunch,2,Thu,Thu,16,278278,wisely
2026-01-08T20:48:29+00:00,2026-01-08T16:15:00-05:00,27,0.4,Lunch,4,Thu,Thu,16,278278,wisely
2026-01-07T23:35:22+00:00,2026-01-08T17:30:00-05:00,1375,22.9,Dinner,2,Thu,Wed,17,278278,wisely
2026-01-07T05:00:04+00:00,2026-01-08T20:00:00-05:00,2640,44.0,Dinner,2,Thu,Wed,20,278278,wisely
2026-01-07T21:10:26+00:00,2026-01-08T21:00:00-05:00,1730,28.8,Dinner,2,Thu,Wed,21,278278,wisely
2026-01-09T02:04:23+00:00,2026-01-08T21:30:00-05:00,26,0.4,Dinner,2,Thu,Thu,21,278278,wisely
2026-01-09T02:04:26+00:00,2026-01-08T21:30:00-05:00,26,0.4,Dinner,4,Thu,Thu,21,278278,wisely
2026-01-06T23:14:50+00:00,2026-01-08T21:45:00-05:00,3090,51.5,Dinner,2,Thu,Tue,21,278278,wisely
2026-01-07T05:00:27+00:00,2026-01-09T11:30:00-05:00,3570,59.5,Lunch,2,Fri,Wed,11,278278,wisely
2026-01-07T05:00:28+00:00,2026-01-09T11:30:00-05:00,3570,59.5,Lunch,4,Fri,Wed,11,278278,wisely
2026-01-08T16:02:47+00:00,2026-01-09T11:45:00-05:00,1482,24.7,Lunch,2,Fri,Thu,11,278278,wisely
2026-01-08T16:02:48+00:00,2026-01-09T11:45:00-05:00,1482,24.7,Lunch,4,Fri,Thu,11,278278,wisely
2026-01-08T23:09:37+00:00,2026-01-09T12:00:00-05:00,1070,17.8,Lunch,2,Fri,Thu,12,278278,wisely
2026-01-08T23:09:38+00:00,2026-01-09T12:00:00-05:00,1070,17.8,Lunch,4,Fri,Thu,12,278278,wisely
2026-01-08T14:40:04+00:00,2026-01-09T12:15:00-05:00,1595,26.6,Lunch,2,Fri,Thu,12,278278,wisely
2026-01-08T14:58:20+00:00,2026-01-09T13:00:00-05:00,1622,27.0,Lunch,2,Fri,Thu,13,278278,wisely
2026-01-08T14:58:21+00:00,2026-01-09T13:00:00-05:00,1622,27.0,Lunch,4,Fri,Thu,13,278278,wisely
2026-01-08T21:51:44+00:00,2026-01-09T14:15:00-05:00,1283,21.4,Lunch,2,Fri,Thu,14,278278,wisely
2026-01-08T21:51:46+00:00,2026-01-09T14:15:00-05:00,1283,21.4,Lunch,4,Fri,Thu,14,278278,wisely
2026-01-08T22:28:33+00:00,2026-01-09T19:30:00+00:00,1261,21.0,Lunch,2,Fri,Thu,14,278278,wisely
2026-01-08T22:28:48+00:00,2026-01-09T19:45:00+00:00,1276,21.3,Lunch,2,Fri,Thu,14,278278,wisely
2026-01-08T22:28:35+00:00,2026-01-09T19:45:00+00:00,1276,21.3,Lunch,4,Fri,Thu,14,278278,wisely
2026-01-08T12:55:00+00:00,2026-01-09T15:00:00-05:00,1865,31.1,Lunch,2,Fri,Thu,15,278278,wisely
2026-01-08T22:28:48+00:00,2026-01-09T20:00:00+00:00,1291,21.5,Lunch,4,Fri,Thu,15,278278,wisely
2026-01-08T19:10:25+00:00,2026-01-09T15:15:00-05:00,1505,25.1,Lunch,2,Fri,Thu,15,278278,wisely
2026-01-08T19:10:25+00:00,2026-01-09T15:15:00-05:00,1505,25.1,Lunch,4,Fri,Thu,15,278278,wisely
2026-01-09T20:30:11+00:00,2026-01-09T16:15:00-05:00,45,0.7,Lunch,2,Fri,Fri,16,278278,wisely
2026-01-09T20:30:12+00:00,2026-01-09T16:15:00-05:00,45,0.7,Lunch,4,Fri,Fri,16,278278,wisely
2026-01-08T22:31:17+00:00,2026-01-09T16:30:00-05:00,1379,23.0,Dinner,2,Fri,Thu,16,278278,wisely
2026-01-08T22:00:15+00:00,2026-01-09T17:00:00-05:00,1440,24.0,Dinner,2,Fri,Thu,17,278278,wisely
2026-01-08T22:00:15+00:00,2026-01-09T17:00:00-05:00,1440,24.0,Dinner,4,Fri,Thu,17,278278,wisely
2026-01-09T20:26:51+00:00,2026-01-09T19:15:00-05:00,228,3.8,Dinner,2,Fri,Fri,19,278278,wisely
2026-01-07T17:54:57+00:00,2026-01-09T21:30:00-05:00,3395,56.6,Dinner,2,Fri,Wed,21,278278,wisely
2026-01-09T22:26:50+00:00,2026-01-10T11:45:00-05:00,1098,18.3,Lunch,2,Sat,Fri,11,278278,wisely
2026-01-09T22:26:51+00:00,2026-01-10T11:45:00-05:00,1098,18.3,Lunch,4,Sat,Fri,11,278278,wisely
2026-01-09T23:58:45+00:00,2026-01-10T12:00:00-05:00,1021,17.0,Lunch,2,Sat,Fri,12,278278,wisely
2026-01-09T23:58:46+00:00,2026-01-10T12:00:00-05:00,1021,17.0,Lunch,4,Sat,Fri,12,278278,wisely
2026-01-08T23:59:27+00:00,2026-01-10T12:15:00-05:00,2476,41.3,Dinner,2,Sat,Thu,12,278278,wisely
2026-01-10T05:02:16+00:00,2026-01-10T12:45:00-05:00,763,12.7,Lunch,2,Sat,Sat,12,278278,wisely
2026-01-10T05:02:17+00:00,2026-01-10T12:45:00-05:00,763,12.7,Lunch,4,Sat,Sat,12,278278,wisely
2026-01-10T15:59:25+00:00,2026-01-10T13:00:00-05:00,121,2.0,Lunch,2,Sat,Sat,13,278278,wisely
2026-01-10T15:59:25+00:00,2026-01-10T13:00:00-05:00,121,2.0,Lunch,4,Sat,Sat,13,278278,wisely
2026-01-10T04:46:12+00:00,2026-01-10T13:15:00-05:00,809,13.5,Lunch,2,Sat,Fri,13,278278,wisely
2026-01-10T04:46:13+00:00,2026-01-10T13:15:00-05:00,809,13.5,Lunch,4,Sat,Fri,13,278278,wisely
2026-01-09T23:56:00+00:00,2026-01-10T13:30:00-05:00,1114,18.6,Lunch,2,Sat,Fri,13,278278,wisely
2026-01-09T22:58:14+00:00,2026-01-10T13:45:00-05:00,1187,19.8,Lunch,2,Sat,Fri,13,278278,wisely
2026-01-09T17:55:13+00:00,2026-01-10T14:15:00-05:00,1520,25.3,Lunch,2,Sat,Fri,14,278278,wisely
2026-01-09T17:55:12+00:00,2026-01-10T14:15:00-05:00,1520,25.3,Lunch,4,Sat,Fri,14,278278,wisely
2026-01-08T20:28:05+00:00,2026-01-10T15:15:00-05:00,2867,47.8,Lunch,2,Sat,Thu,15,278278,wisely
2026-01-10T04:46:14+00:00,2026-01-10T15:15:00-05:00,929,15.5,Lunch,4,Sat,Fri,15,278278,wisely
2026-01-10T15:24:15+00:00,2026-01-10T16:45:00-05:00,381,6.3,Dinner,2,Sat,Sat,16,278278,wisely
2026-01-10T15:24:15+00:00,2026-01-10T16:45:00-05:00,381,6.3,Dinner,4,Sat,Sat,16,278278,wisely
2026-01-10T14:10:23+00:00,2026-01-10T17:15:00-05:00,485,8.1,Dinner,2,Sat,Sat,17,278278,wisely
2026-01-09T19:33:14+00:00,2026-01-10T17:30:00-05:00,1617,26.9,Dinner,2,Sat,Fri,17,278278,wisely
2026-01-10T17:48:08+00:00,2026-01-10T21:30:00-05:00,522,8.7,Dinner,2,Sat,Sat,21,278278,wisely
2026-01-10T22:24:04+00:00,2026-01-11T16:30:00+00:00,1086,18.1,Lunch,2,Sun,Sat,11,278278,wisely
2026-01-11T15:24:42+00:00,2026-01-11T11:30:00-05:00,65,1.1,Lunch,4,Sun,Sun,11,278278,wisely
2026-01-09T18:23:28+00:00,2026-01-11T11:45:00-05:00,2782,46.4,Lunch,2,Sun,Fri,11,278278,wisely
2026-01-10T22:24:05+00:00,2026-01-11T17:00:00+00:00,1116,18.6,Lunch,2,Sun,Sat,12,278278,wisely
2026-01-10T22:24:06+00:00,2026-01-11T17:00:00+00:00,1116,18.6,Lunch,4,Sun,Sat,12,278278,wisely
2026-01-09T17:55:32+00:00,2026-01-11T12:15:00-05:00,2839,47.3,Lunch,2,Sun,Fri,12,278278,wisely
2026-01-09T17:55:33+00:00,2026-01-11T12:15:00-05:00,2839,47.3,Lunch,4,Sun,Fri,12,278278,wisely
2026-01-10T22:24:05+00:00,2026-01-11T18:00:00+00:00,1176,19.6,Lunch,2,Sun,Sat,13,278278,wisely
2026-01-10T22:24:10+00:00,2026-01-11T18:15:00+00:00,1191,19.8,Lunch,2,Sun,Sat,13,278278,wisely
2026-01-10T22:24:11+00:00,2026-01-11T18:30:00+00:00,1206,20.1,Lunch,2,Sun,Sat,13,278278,wisely
2026-01-11T17:50:46+00:00,2026-01-11T13:45:00-05:00,54,0.9,Lunch,2,Sun,Sun,13,278278,wisely
2026-01-11T17:50:47+00:00,2026-01-11T13:45:00-05:00,54,0.9,Lunch,4,Sun,Sun,13,278278,wisely
2026-01-10T22:24:13+00:00,2026-01-11T19:00:00+00:00,1236,20.6,Lunch,2,Sun,Sat,14,278278,wisely
2026-01-10T22:24:06+00:00,2026-01-11T19:00:00+00:00,1236,20.6,Lunch,4,Sun,Sat,14,278278,wisely
2026-01-10T22:24:13+00:00,2026-01-11T19:15:00+00:00,1251,20.8,Lunch,2,Sun,Sat,14,278278,wisely
2026-01-10T22:24:06+00:00,2026-01-11T19:15:00+00:00,1251,20.8,Lunch,4,Sun,Sat,14,278278,wisely
2026-01-09T12:00:36+00:00,2026-01-11T14:45:00-05:00,3344,55.7,Lunch,2,Sun,Fri,14,278278,wisely
2026-01-09T12:00:38+00:00,2026-01-11T14:45:00-05:00,3344,55.7,Lunch,4,Sun,Fri,14,278278,wisely
2026-01-09T05:51:07+00:00,2026-01-11T15:00:00-05:00,3729,62.1,Lunch,2,Sun,Fri,15,278278,wisely
2026-01-10T22:54:47+00:00,2026-01-11T16:30:00-05:00,1355,22.6,Dinner,2,Sun,Sat,16,278278,wisely
2026-01-11T15:41:49+00:00,2026-01-11T17:00:00-05:00,378,6.3,Dinner,2,Sun,Sun,17,278278,wisely
2026-01-11T15:41:51+00:00,2026-01-11T17:00:00-05:00,378,6.3,Dinner,4,Sun,Sun,17,278278,wisely
2026-01-11T23:26:33+00:00,2026-01-11T18:45:00-05:00,18,0.3,Dinner,2,Sun,Sun,18,278278,wisely
2026-01-12T01:27:38+00:00,2026-01-11T20:45:00-05:00,17,0.3,Dinner,2,Sun,Sun,20,278278,wisely
2026-01-12T01:27:40+00:00,2026-01-11T20:45:00-05:00,17,0.3,Dinner,4,Sun,Sun,20,278278,wisely
2026-01-10T17:58:46+00:00,2026-01-11T21:00:00-05:00,1921,32.0,Dinner,2,Sun,Sat,21,278278,wisely
2026-01-10T17:58:47+00:00,2026-01-11T21:00:00-05:00,1921,32.0,Dinner,4,Sun,Sat,21,278278,wisely
2026-01-09T19:18:01+00:00,2026-01-11T21:15:00-05:00,3297,54.9,Dinner,2,Sun,Fri,21,278278,wisely
2026-01-09T19:18:03+00:00,2026-01-11T21:15:00-05:00,3297,54.9,Dinner,4,Sun,Fri,21,278278,wisely
2026-01-10T05:03:05+00:00,2026-01-12T11:30:00-05:00,3567,59.4,Lunch,2,Mon,Sat,11,278278,wisely
2026-01-10T05:03:05+00:00,2026-01-12T11:30:00-05:00,3567,59.4,Lunch,4,Mon,Sat,11,278278,wisely
2026-01-09T14:56:36+00:00,2026-01-12T11:45:00-05:00,4428,73.8,Dinner,2,Mon,Fri,11,278278,wisely
2026-01-10T05:03:05+00:00,2026-01-12T11:45:00-05:00,3582,59.7,Lunch,2,Mon,Sat,11,278278,wisely
2026-01-10T05:03:05+00:00,2026-01-12T11:45:00-05:00,3582,59.7,Lunch,4,Mon,Sat,11,278278,wisely
2026-01-11T18:36:16+00:00,2026-01-12T12:00:00-05:00,1344,22.4,Lunch,2,Mon,Sun,12,278278,wisely
2026-01-11T18:36:16+00:00,2026-01-12T12:00:00-05:00,1344,22.4,Lunch,4,Mon,Sun,12,278278,wisely
2026-01-11T22:58:21+00:00,2026-01-12T17:15:00+00:00,1097,18.3,Lunch,2,Mon,Sun,12,278278,wisely
2026-01-11T22:23:49+00:00,2026-01-12T12:45:00-05:00,1161,19.4,Lunch,2,Mon,Sun,12,278278,wisely
2026-01-12T01:28:12+00:00,2026-01-12T12:45:00-05:00,977,16.3,Lunch,4,Mon,Sun,12,278278,wisely
2026-01-12T01:28:20+00:00,2026-01-12T13:00:00-05:00,992,16.5,Lunch,2,Mon,Sun,13,278278,wisely
2026-01-12T01:28:20+00:00,2026-01-12T13:00:00-05:00,992,16.5,Lunch,4,Mon,Sun,13,278278,wisely
2026-01-10T05:03:05+00:00,2026-01-12T13:15:00-05:00,3672,61.2,Lunch,2,Mon,Sat,13,278278,wisely
2026-01-10T05:03:08+00:00,2026-01-12T13:30:00-05:00,3687,61.4,Lunch,2,Mon,Sat,13,278278,wisely
2026-01-10T05:03:05+00:00,2026-01-12T13:30:00-05:00,3687,61.4,Lunch,4,Mon,Sat,13,278278,wisely
2026-01-10T05:03:09+00:00,2026-01-12T13:45:00-05:00,3702,61.7,Lunch,2,Mon,Sat,13,278278,wisely
2026-01-10T05:03:08+00:00,2026-01-12T13:45:00-05:00,3702,61.7,Lunch,4,Mon,Sat,13,278278,wisely
2026-01-10T05:03:10+00:00,2026-01-12T14:00:00-05:00,3717,61.9,Lunch,2,Mon,Sat,14,278278,wisely
2026-01-10T05:03:11+00:00,2026-01-12T14:15:00-05:00,3732,62.2,Lunch,2,Mon,Sat,14,278278,wisely
2026-01-12T18:15:10+00:00,2026-01-12T14:15:00-05:00,60,1.0,Lunch,4,Mon,Mon,14,278278,wisely
2026-01-10T05:03:09+00:00,2026-01-12T14:30:00-05:00,3747,62.4,Lunch,4,Mon,Sat,14,278278,wisely
2026-01-11T22:24:02+00:00,2026-01-12T14:45:00-05:00,1281,21.3,Lunch,4,Mon,Sun,14,278278,wisely
2026-01-12T03:59:31+00:00,2026-01-12T15:00:00-05:00,960,16.0,Lunch,2,Mon,Sun,15,278278,wisely
2026-01-11T02:22:58+00:00,2026-01-12T15:00:00-05:00,2497,41.6,Lunch,4,Mon,Sat,15,278278,wisely
2026-01-11T12:49:47+00:00,2026-01-12T15:15:00-05:00,1885,31.4,Lunch,4,Mon,Sun,15,278278,wisely
2026-01-12T19:34:02+00:00,2026-01-12T16:15:00-05:00,101,1.7,Lunch,2,Mon,Mon,16,278278,wisely
2026-01-12T19:34:02+00:00,2026-01-12T16:15:00-05:00,101,1.7,Lunch,4,Mon,Mon,16,278278,wisely
2026-01-11T22:23:31+00:00,2026-01-12T16:30:00-05:00,1386,23.1,Dinner,2,Mon,Sun,16,278278,wisely
2026-01-11T22:23:33+00:00,2026-01-12T16:30:00-05:00,1386,23.1,Dinner,4,Mon,Sun,16,278278,wisely
2026-01-09T14:38:32+00:00,2026-01-12T16:45:00-05:00,4746,79.1,Dinner,2,Mon,Fri,16,278278,wisely
2026-01-12T14:59:37+00:00,2026-01-12T16:45:00-05:00,405,6.8,Dinner,4,Mon,Mon,16,278278,wisely
2026-01-12T14:59:35+00:00,2026-01-12T17:00:00-05:00,420,7.0,Dinner,2,Mon,Mon,17,278278,wisely
2026-01-11T20:25:29+00:00,2026-01-12T17:15:00-05:00,1550,25.8,Dinner,2,Mon,Sun,17,278278,wisely
2026-01-12T01:28:00+00:00,2026-01-12T17:15:00-05:00,1247,20.8,Dinner,4,Mon,Sun,17,278278,wisely
2026-01-12T14:59:38+00:00,2026-01-12T17:30:00-05:00,450,7.5,Dinner,2,Mon,Mon,17,278278,wisely
2026-01-12T14:59:39+00:00,2026-01-12T17:45:00-05:00,465,7.8,Dinner,2,Mon,Mon,17,278278,wisely
2026-01-12T14:59:38+00:00,2026-01-12T17:45:00-05:00,465,7.8,Dinner,4,Mon,Mon,17,278278,wisely
2026-01-11T13:44:47+00:00,2026-01-12T18:00:00-05:00,1995,33.3,Dinner,2,Mon,Sun,18,278278,wisely
2026-01-12T11:44:36+00:00,2026-01-12T18:15:00-05:00,690,11.5,Dinner,2,Mon,Mon,18,278278,wisely
2026-01-12T11:44:37+00:00,2026-01-12T18:15:00-05:00,690,11.5,Dinner,4,Mon,Mon,18,278278,wisely
2026-01-11T17:23:22+00:00,2026-01-12T19:45:00-05:00,1882,31.4,Dinner,2,Mon,Sun,19,278278,wisely
2026-01-12T22:45:41+00:00,2026-01-12T19:45:00-05:00,119,2.0,Dinner,4,Mon,Mon,19,278278,wisely
2026-01-12T23:31:22+00:00,2026-01-12T20:30:00-05:00,119,2.0,Dinner,2,Mon,Mon,20,278278,wisely
2026-01-12T23:31:23+00:00,2026-01-12T20:30:00-05:00,119,2.0,Dinner,4,Mon,Mon,20,278278,wisely
2026-01-11T22:23:32+00:00,2026-01-12T21:00:00-05:00,1656,27.6,Dinner,2,Mon,Sun,21,278278,wisely
2026-01-11T22:23:34+00:00,2026-01-12T21:00:00-05:00,1656,27.6,Dinner,4,Mon,Sun,21,278278,wisely
2026-01-11T22:23:33+00:00,2026-01-12T21:15:00-05:00,1671,27.9,Dinner,2,Mon,Sun,21,278278,wisely
2026-01-11T22:23:34+00:00,2026-01-12T21:15:00-05:00,1671,27.9,Dinner,4,Mon,Sun,21,278278,wisely
2026-01-10T15:25:01+00:00,2026-01-12T21:30:00-05:00,3545,59.1,Dinner,2,Mon,Sat,21,278278,wisely
2026-01-10T15:25:02+00:00,2026-01-12T21:30:00-05:00,3545,59.1,Dinner,4,Mon,Sat,21,278278,wisely
2026-01-11T22:23:44+00:00,2026-01-12T21:45:00-05:00,1701,28.4,Dinner,2,Mon,Sun,21,278278,wisely
2026-01-11T22:23:44+00:00,2026-01-12T21:45:00-05:00,1701,28.4,Dinner,4,Mon,Sun,21,278278,wisely
2026-01-12T22:11:26+00:00,2026-01-13T11:30:00-05:00,1099,18.3,Lunch,2,Tue,Mon,11,278278,wisely
2026-01-12T22:11:27+00:00,2026-01-13T11:30:00-05:00,1099,18.3,Lunch,4,Tue,Mon,11,278278,wisely
2026-01-13T02:34:35+00:00,2026-01-13T11:45:00-05:00,850,14.2,Lunch,2,Tue,Mon,11,278278,wisely
2026-01-13T02:34:36+00:00,2026-01-13T11:45:00-05:00,850,14.2,Lunch,4,Tue,Mon,11,278278,wisely
2026-01-12T22:11:26+00:00,2026-01-13T12:00:00-05:00,1129,18.8,Lunch,2,Tue,Mon,12,278278,wisely
2026-01-12T22:11:27+00:00,2026-01-13T12:00:00-05:00,1129,18.8,Lunch,4,Tue,Mon,12,278278,wisely
2026-01-12T22:11:26+00:00,2026-01-13T12:30:00-05:00,1159,19.3,Lunch,2,Tue,Mon,12,278278,wisely
2026-01-12T22:11:27+00:00,2026-01-13T12:30:00-05:00,1159,19.3,Lunch,4,Tue,Mon,12,278278,wisely
2026-01-12T22:11:29+00:00,2026-01-13T12:45:00-05:00,1174,19.6,Lunch,2,Tue,Mon,12,278278,wisely
2026-01-13T15:50:54+00:00,2026-01-13T12:45:00-05:00,114,1.9,Lunch,4,Tue,Tue,12,278278,wisely
2026-01-12T22:11:30+00:00,2026-01-13T13:15:00-05:00,1203,20.1,Lunch,2,Tue,Mon,13,278278,wisely
2026-01-12T22:11:30+00:00,2026-01-13T13:15:00-05:00,1203,20.1,Lunch,4,Tue,Mon,13,278278,wisely
2026-01-11T22:30:56+00:00,2026-01-13T14:00:00-05:00,2669,44.5,Lunch,2,Tue,Sun,14,278278,wisely
2026-01-11T22:30:57+00:00,2026-01-13T14:00:00-05:00,2669,44.5,Lunch,4,Tue,Sun,14,278278,wisely
2026-01-12T22:11:32+00:00,2026-01-13T14:15:00-05:00,1263,21.1,Lunch,2,Tue,Mon,14,278278,wisely
2026-01-12T22:11:32+00:00,2026-01-13T14:15:00-05:00,1263,21.1,Lunch,4,Tue,Mon,14,278278,wisely
2026-01-11T05:16:29+00:00,2026-01-13T14:30:00-05:00,3734,62.2,Lunch,2,Tue,Sun,14,278278,wisely
2026-01-11T05:16:29+00:00,2026-01-13T14:30:00-05:00,3734,62.2,Lunch,4,Tue,Sun,14,278278,wisely
2026-01-11T05:16:29+00:00,2026-01-13T14:45:00-05:00,3749,62.5,Lunch,2,Tue,Sun,14,278278,wisely
2026-01-11T05:16:29+00:00,2026-01-13T15:00:00-05:00,3764,62.7,Lunch,2,Tue,Sun,15,278278,wisely
2026-01-11T05:16:30+00:00,2026-01-13T15:00:00-05:00,3763,62.7,Lunch,4,Tue,Sun,15,278278,wisely
2026-01-12T20:28:17+00:00,2026-01-13T20:15:00+00:00,1427,23.8,Lunch,2,Tue,Mon,15,278278,wisely
2026-01-11T05:16:30+00:00,2026-01-13T15:15:00-05:00,3778,63.0,Lunch,4,Tue,Sun,15,278278,wisely
2026-01-13T12:57:53+00:00,2026-01-13T16:00:00-05:00,482,8.0,Lunch,4,Tue,Tue,16,278278,wisely
2026-01-12T20:48:43+00:00,2026-01-13T21:15:00+00:00,1466,24.4,Lunch,4,Tue,Mon,16,278278,wisely
2026-01-12T16:55:01+00:00,2026-01-13T16:30:00-05:00,1715,28.6,Dinner,2,Tue,Mon,16,278278,wisely
2026-01-12T22:45:57+00:00,2026-01-13T16:30:00-05:00,1364,22.7,Dinner,4,Tue,Mon,16,278278,wisely
2026-01-13T14:01:32+00:00,2026-01-13T16:45:00-05:00,463,7.7,Dinner,2,Tue,Tue,16,278278,wisely
2026-01-13T14:01:34+00:00,2026-01-13T16:45:00-05:00,463,7.7,Dinner,4,Tue,Tue,16,278278,wisely
2026-01-13T14:01:33+00:00,2026-01-13T17:00:00-05:00,478,8.0,Dinner,2,Tue,Tue,17,278278,wisely
2026-01-13T14:01:34+00:00,2026-01-13T17:00:00-05:00,478,8.0,Dinner,4,Tue,Tue,17,278278,wisely
2026-01-13T14:01:34+00:00,2026-01-13T17:15:00-05:00,493,8.2,Dinner,2,Tue,Tue,17,278278,wisely
2026-01-13T14:01:35+00:00,2026-01-13T17:15:00-05:00,493,8.2,Dinner,4,Tue,Tue,17,278278,wisely
2026-01-12T23:21:10+00:00,2026-01-13T22:45:00+00:00,1404,23.4,Dinner,2,Tue,Mon,17,278278,wisely
2026-01-12T23:21:09+00:00,2026-01-13T22:45:00+00:00,1404,23.4,Dinner,4,Tue,Mon,17,278278,wisely
2026-01-11T21:21:53+00:00,2026-01-14T00:45:00+00:00,3083,51.4,Dinner,2,Tue,Sun,19,278278,wisely
2026-01-11T21:21:54+00:00,2026-01-14T00:45:00+00:00,3083,51.4,Dinner,4,Tue,Sun,19,278278,wisely
2026-01-12T22:11:12+00:00,2026-01-13T20:00:00-05:00,1609,26.8,Dinner,2,Tue,Mon,20,278278,wisely
2026-01-12T19:48:33+00:00,2026-01-13T20:45:00-05:00,1796,29.9,Dinner,2,Tue,Mon,20,278278,wisely
2026-01-12T19:48:33+00:00,2026-01-13T20:45:00-05:00,1796,29.9,Dinner,4,Tue,Mon,20,278278,wisely
2026-01-13T02:34:22+00:00,2026-01-13T21:00:00-05:00,1406,23.4,Dinner,2,Tue,Mon,21,278278,wisely
2026-01-13T02:34:23+00:00,2026-01-13T21:00:00-05:00,1406,23.4,Dinner,4,Tue,Mon,21,278278,wisely
2026-01-13T14:01:39+00:00,2026-01-13T21:15:00-05:00,733,12.2,Dinner,2,Tue,Tue,21,278278,wisely
2026-01-13T14:01:40+00:00,2026-01-13T21:15:00-05:00,733,12.2,Dinner,4,Tue,Tue,21,278278,wisely
2026-01-12T22:11:13+00:00,2026-01-13T21:30:00-05:00,1699,28.3,Dinner,2,Tue,Mon,21,278278,wisely
2026-01-12T23:31:41+00:00,2026-01-13T21:30:00-05:00,1618,27.0,Dinner,4,Tue,Mon,21,278278,wisely
2026-01-10T17:23:10+00:00,2026-01-13T21:45:00-05:00,4882,81.4,Dinner,2,Tue,Sat,21,278278,wisely
2026-01-10T17:23:10+00:00,2026-01-13T21:45:00-05:00,4882,81.4,Dinner,4,Tue,Sat,21,278278,wisely
2026-01-12T22:35:01+00:00,2026-01-14T11:30:00-05:00,2515,41.9,Lunch,2,Wed,Mon,11,278278,wisely
2026-01-13T22:27:39+00:00,2026-01-14T11:30:00-05:00,1082,18.0,Lunch,4,Wed,Tue,11,278278,wisely
2026-01-13T00:44:42+00:00,2026-01-14T11:45:00-05:00,2400,40.0,Lunch,2,Wed,Mon,11,278278,wisely
2026-01-13T00:44:43+00:00,2026-01-14T11:45:00-05:00,2400,40.0,Lunch,4,Wed,Mon,11,278278,wisely
2026-01-13T22:27:39+00:00,2026-01-14T12:15:00-05:00,1127,18.8,Lunch,2,Wed,Tue,12,278278,wisely
2026-01-13T22:27:40+00:00,2026-01-14T12:15:00-05:00,1127,18.8,Lunch,4,Wed,Tue,12,278278,wisely
2026-01-12T17:20:09+00:00,2026-01-14T12:30:00-05:00,2890,48.2,Lunch,2,Wed,Mon,12,278278,wisely
2026-01-14T12:55:53+00:00,2026-01-14T12:30:00-05:00,274,4.6,Lunch,4,Wed,Wed,12,278278,wisely
2026-01-14T15:28:42+00:00,2026-01-14T13:00:00-05:00,151,2.5,Lunch,2,Wed,Wed,13,278278,wisely
2026-01-14T15:28:43+00:00,2026-01-14T13:00:00-05:00,151,2.5,Lunch,4,Wed,Wed,13,278278,wisely
2026-01-13T22:27:39+00:00,2026-01-14T13:45:00-05:00,1217,20.3,Lunch,2,Wed,Tue,13,278278,wisely
2026-01-12T14:43:33+00:00,2026-01-14T14:00:00-05:00,3136,52.3,Lunch,2,Wed,Mon,14,278278,wisely
2026-01-12T15:58:17+00:00,2026-01-14T14:00:00-05:00,3062,51.0,Lunch,4,Wed,Mon,14,278278,wisely
2026-01-13T22:27:44+00:00,2026-01-14T14:15:00-05:00,1247,20.8,Lunch,2,Wed,Tue,14,278278,wisely
2026-01-13T22:27:43+00:00,2026-01-14T14:15:00-05:00,1247,20.8,Lunch,4,Wed,Tue,14,278278,wisely
2026-01-12T05:24:25+00:00,2026-01-14T14:30:00-05:00,3726,62.1,Lunch,2,Wed,Mon,14,278278,wisely
2026-01-14T03:56:43+00:00,2026-01-14T14:45:00-05:00,948,15.8,Lunch,2,Wed,Tue,14,278278,wisely
2026-01-13T22:27:45+00:00,2026-01-14T14:45:00-05:00,1277,21.3,Lunch,4,Wed,Tue,14,278278,wisely
2026-01-12T05:24:25+00:00,2026-01-14T15:00:00-05:00,3756,62.6,Lunch,2,Wed,Mon,15,278278,wisely
2026-01-12T05:24:26+00:00,2026-01-14T15:00:00-05:00,3756,62.6,Lunch,4,Wed,Mon,15,278278,wisely
2026-01-12T05:24:26+00:00,2026-01-14T15:15:00-05:00,3771,62.8,Lunch,2,Wed,Mon,15,278278,wisely
2026-01-12T05:24:26+00:00,2026-01-14T15:15:00-05:00,3771,62.8,Lunch,4,Wed,Mon,15,278278,wisely
2026-01-13T12:58:20+00:00,2026-01-14T15:30:00-05:00,1892,31.5,Lunch,2,Wed,Tue,15,278278,wisely
2026-01-13T12:58:20+00:00,2026-01-14T15:30:00-05:00,1892,31.5,Lunch,4,Wed,Tue,15,278278,wisely
2026-01-14T18:45:52+00:00,2026-01-14T16:00:00-05:00,134,2.2,Lunch,2,Wed,Wed,16,278278,wisely
2026-01-12T02:23:19+00:00,2026-01-14T16:30:00-05:00,4027,67.1,Dinner,2,Wed,Sun,16,278278,wisely
2026-01-13T22:27:25+00:00,2026-01-14T16:30:00-05:00,1383,23.0,Dinner,4,Wed,Tue,16,278278,wisely
2026-01-14T22:00:55+00:00,2026-01-14T22:15:00+00:00,14,0.2,Dinner,2,Wed,Wed,17,278278,wisely
2026-01-14T22:00:56+00:00,2026-01-14T22:15:00+00:00,14,0.2,Dinner,4,Wed,Wed,17,278278,wisely
2026-01-14T20:34:54+00:00,2026-01-14T18:15:00-05:00,160,2.7,Dinner,2,Wed,Wed,18,278278,wisely
2026-01-11T20:26:26+00:00,2026-01-14T20:15:00-05:00,4609,76.8,Dinner,2,Wed,Sun,20,278278,wisely
2026-01-13T23:32:48+00:00,2026-01-14T20:30:00-05:00,1557,26.0,Dinner,2,Wed,Tue,20,278278,wisely
2026-01-13T23:32:48+00:00,2026-01-14T20:30:00-05:00,1557,26.0,Dinner,4,Wed,Tue,20,278278,wisely
2026-01-13T22:27:24+00:00,2026-01-14T21:00:00-05:00,1653,27.5,Dinner,2,Wed,Tue,21,278278,wisely
2026-01-13T22:27:25+00:00,2026-01-14T21:00:00-05:00,1653,27.5,Dinner,4,Wed,Tue,21,278278,wisely
2026-01-11T22:48:22+00:00,2026-01-14T21:15:00-05:00,4527,75.4,Dinner,2,Wed,Sun,21,278278,wisely
2026-01-11T22:48:23+00:00,2026-01-14T21:15:00-05:00,4527,75.4,Dinner,4,Wed,Sun,21,278278,wisely
2026-01-13T22:59:22+00:00,2026-01-14T21:30:00-05:00,1651,27.5,Dinner,2,Wed,Tue,21,278278,wisely
2026-01-13T22:59:23+00:00,2026-01-14T21:30:00-05:00,1651,27.5,Dinner,4,Wed,Tue,21,278278,wisely
2026-01-14T02:21:28+00:00,2026-01-14T21:45:00-05:00,1464,24.4,Dinner,2,Wed,Tue,21,278278,wisely
2026-01-14T02:21:29+00:00,2026-01-14T21:45:00-05:00,1464,24.4,Dinner,4,Wed,Tue,21,278278,wisely
2026-01-15T14:38:12+00:00,2026-01-15T11:30:00-05:00,112,1.9,Lunch,2,Thu,Thu,11,278278,wisely
2026-01-15T14:38:13+00:00,2026-01-15T11:30:00-05:00,112,1.9,Lunch,4,Thu,Thu,11,278278,wisely
2026-01-14T22:33:08+00:00,2026-01-15T11:45:00-05:00,1092,18.2,Lunch,2,Thu,Wed,11,278278,wisely
2026-01-14T22:33:10+00:00,2026-01-15T11:45:00-05:00,1092,18.2,Lunch,4,Thu,Wed,11,278278,wisely
2026-01-14T22:01:21+00:00,2026-01-15T12:30:00-05:00,1169,19.5,Lunch,2,Thu,Wed,12,278278,wisely
2026-01-14T22:01:22+00:00,2026-01-15T12:30:00-05:00,1169,19.5,Lunch,4,Thu,Wed,12,278278,wisely
2026-01-14T22:01:21+00:00,2026-01-15T12:45:00-05:00,1184,19.7,Lunch,2,Thu,Wed,12,278278,wisely
2026-01-14T22:01:22+00:00,2026-01-15T12:45:00-05:00,1184,19.7,Lunch,4,Thu,Wed,12,278278,wisely
2026-01-14T16:47:45+00:00,2026-01-15T13:15:00-05:00,1527,25.5,Lunch,2,Thu,Wed,13,278278,wisely
2026-01-14T16:47:46+00:00,2026-01-15T13:15:00-05:00,1527,25.5,Lunch,4,Thu,Wed,13,278278,wisely
2026-01-14T17:46:33+00:00,2026-01-15T13:30:00-05:00,1483,24.7,Lunch,2,Thu,Wed,13,278278,wisely
2026-01-14T23:44:32+00:00,2026-01-15T18:30:00+00:00,1125,18.8,Lunch,4,Thu,Wed,13,278278,wisely
2026-01-15T06:53:42+00:00,2026-01-15T13:45:00-05:00,711,11.9,Lunch,2,Thu,Thu,13,278278,wisely
2026-01-15T06:53:43+00:00,2026-01-15T13:45:00-05:00,711,11.9,Lunch,4,Thu,Thu,13,278278,wisely
2026-01-15T18:19:51+00:00,2026-01-15T14:15:00-05:00,55,0.9,Lunch,2,Thu,Thu,14,278278,wisely
2026-01-15T18:19:52+00:00,2026-01-15T14:15:00-05:00,55,0.9,Lunch,4,Thu,Thu,14,278278,wisely
2026-01-14T22:33:09+00:00,2026-01-15T15:00:00-05:00,1287,21.4,Lunch,2,Thu,Wed,15,278278,wisely
2026-01-14T22:33:10+00:00,2026-01-15T15:00:00-05:00,1287,21.4,Lunch,4,Thu,Wed,15,278278,wisely
2026-01-14T22:54:29+00:00,2026-01-15T15:15:00-05:00,1281,21.3,Lunch,2,Thu,Wed,15,278278,wisely
2026-01-14T22:54:31+00:00,2026-01-15T15:15:00-05:00,1280,21.3,Lunch,4,Thu,Wed,15,278278,wisely
2026-01-14T22:01:34+00:00,2026-01-15T20:45:00+00:00,1363,22.7,Lunch,2,Thu,Wed,15,278278,wisely
2026-01-14T22:01:35+00:00,2026-01-15T20:45:00+00:00,1363,22.7,Lunch,4,Thu,Wed,15,278278,wisely
2026-01-15T04:42:57+00:00,2026-01-15T16:00:00-05:00,977,16.3,Lunch,2,Thu,Wed,16,278278,wisely
2026-01-15T04:42:57+00:00,2026-01-15T16:00:00-05:00,977,16.3,Lunch,4,Thu,Wed,16,278278,wisely
2026-01-14T23:30:43+00:00,2026-01-15T23:15:00+00:00,1424,23.7,Dinner,2,Thu,Wed,18,278278,wisely
2026-01-14T23:30:44+00:00,2026-01-15T23:15:00+00:00,1424,23.7,Dinner,4,Thu,Wed,18,278278,wisely
2026-01-14T23:30:44+00:00,2026-01-16T00:15:00+00:00,1484,24.7,Dinner,2,Thu,Wed,19,278278,wisely
2026-01-15T20:51:16+00:00,2026-01-15T20:00:00-05:00,249,4.1,Dinner,2,Thu,Thu,20,278278,wisely
2026-01-15T20:51:18+00:00,2026-01-15T20:00:00-05:00,249,4.1,Dinner,4,Thu,Thu,20,278278,wisely
2026-01-14T22:01:15+00:00,2026-01-15T20:45:00-05:00,1664,27.7,Dinner,2,Thu,Wed,20,278278,wisely
2026-01-14T22:01:14+00:00,2026-01-15T20:45:00-05:00,1664,27.7,Dinner,4,Thu,Wed,20,278278,wisely
2026-01-14T22:36:50+00:00,2026-01-15T21:00:00-05:00,1643,27.4,Dinner,2,Thu,Wed,21,278278,wisely
2026-01-14T22:36:50+00:00,2026-01-15T21:00:00-05:00,1643,27.4,Dinner,4,Thu,Wed,21,278278,wisely
2026-01-15T00:45:52+00:00,2026-01-15T21:15:00-05:00,1529,25.5,Dinner,2,Thu,Wed,21,278278,wisely
2026-01-15T00:45:52+00:00,2026-01-15T21:15:00-05:00,1529,25.5,Dinner,4,Thu,Wed,21,278278,wisely
2026-01-14T23:44:17+00:00,2026-01-16T02:30:00+00:00,1606,26.8,Dinner,2,Thu,Wed,21,278278,wisely
2026-01-14T23:44:18+00:00,2026-01-16T02:30:00+00:00,1606,26.8,Dinner,4,Thu,Wed,21,278278,wisely
2026-01-14T13:38:50+00:00,2026-01-16T11:45:00-05:00,3066,51.1,Lunch,2,Fri,Wed,11,278278,wisely
2026-01-14T13:38:50+00:00,2026-01-16T11:45:00-05:00,3066,51.1,Lunch,4,Fri,Wed,11,278278,wisely
2026-01-15T22:26:39+00:00,2026-01-16T12:15:00-05:00,1128,18.8,Lunch,2,Fri,Thu,12,278278,wisely
2026-01-15T22:26:41+00:00,2026-01-16T12:15:00-05:00,1128,18.8,Lunch,4,Fri,Thu,12,278278,wisely
2026-01-15T20:50:31+00:00,2026-01-16T17:30:00+00:00,1239,20.7,Lunch,2,Fri,Thu,12,278278,wisely
2026-01-15T20:50:32+00:00,2026-01-16T17:30:00+00:00,1239,20.7,Lunch,4,Fri,Thu,12,278278,wisely
2026-01-16T00:55:14+00:00,2026-01-16T12:45:00-05:00,1010,16.8,Lunch,2,Fri,Thu,12,278278,wisely
2026-01-16T00:55:15+00:00,2026-01-16T12:45:00-05:00,1010,16.8,Lunch,4,Fri,Thu,12,278278,wisely
2026-01-15T22:48:20+00:00,2026-01-16T13:00:00-05:00,1152,19.2,Lunch,2,Fri,Thu,13,278278,wisely
2026-01-15T22:48:21+00:00,2026-01-16T13:00:00-05:00,1152,19.2,Lunch,4,Fri,Thu,13,278278,wisely
2026-01-16T16:00:09+00:00,2026-01-16T13:30:00-05:00,150,2.5,Lunch,2,Fri,Fri,13,278278,wisely
2026-01-15T22:48:32+00:00,2026-01-16T14:00:00-05:00,1211,20.2,Lunch,2,Fri,Thu,14,278278,wisely
2026-01-15T17:47:49+00:00,2026-01-16T14:15:00-05:00,1527,25.5,Lunch,2,Fri,Thu,14,278278,wisely
2026-01-15T17:47:51+00:00,2026-01-16T14:15:00-05:00,1527,25.5,Lunch,4,Fri,Thu,14,278278,wisely
2026-01-15T23:44:04+00:00,2026-01-16T14:30:00-05:00,1186,19.8,Lunch,2,Fri,Thu,14,278278,wisely
2026-01-15T23:44:05+00:00,2026-01-16T14:30:00-05:00,1186,19.8,Lunch,4,Fri,Thu,14,278278,wisely
2026-01-15T22:10:34+00:00,2026-01-16T14:45:00-05:00,1294,21.6,Lunch,2,Fri,Thu,14,278278,wisely
2026-01-15T22:10:36+00:00,2026-01-16T14:45:00-05:00,1294,21.6,Lunch,4,Fri,Thu,14,278278,wisely
2026-01-15T22:10:35+00:00,2026-01-16T15:00:00-05:00,1309,21.8,Lunch,2,Fri,Thu,15,278278,wisely
2026-01-15T22:10:36+00:00,2026-01-16T15:00:00-05:00,1309,21.8,Lunch,4,Fri,Thu,15,278278,wisely
2026-01-16T18:39:05+00:00,2026-01-16T15:15:00-05:00,96,1.6,Lunch,2,Fri,Fri,15,278278,wisely
2026-01-15T22:10:41+00:00,2026-01-16T15:30:00-05:00,1339,22.3,Lunch,2,Fri,Thu,15,278278,wisely
2026-01-15T22:10:42+00:00,2026-01-16T15:30:00-05:00,1339,22.3,Lunch,4,Fri,Thu,15,278278,wisely
2026-01-16T19:48:08+00:00,2026-01-16T16:00:00-05:00,72,1.2,Lunch,2,Fri,Fri,16,278278,wisely
2026-01-16T19:48:09+00:00,2026-01-16T16:00:00-05:00,72,1.2,Lunch,4,Fri,Fri,16,278278,wisely
2026-01-16T15:59:56+00:00,2026-01-16T16:45:00-05:00,345,5.8,Dinner,2,Fri,Fri,16,278278,wisely
2026-01-16T09:50:53+00:00,2026-01-16T17:45:00-05:00,774,12.9,Dinner,2,Fri,Fri,17,278278,wisely
2026-01-16T09:50:55+00:00,2026-01-16T17:45:00-05:00,774,12.9,Dinner,4,Fri,Fri,17,278278,wisely
2026-01-16T05:58:40+00:00,2026-01-16T20:15:00-05:00,1156,19.3,Dinner,2,Fri,Fri,20,278278,wisely
2026-01-16T14:37:46+00:00,2026-01-16T20:30:00-05:00,652,10.9,Dinner,2,Fri,Fri,20,278278,wisely
2026-01-16T14:37:47+00:00,2026-01-16T20:30:00-05:00,652,10.9,Dinner,4,Fri,Fri,20,278278,wisely
2026-01-15T22:10:21+00:00,2026-01-16T21:30:00-05:00,1700,28.3,Dinner,2,Fri,Thu,21,278278,wisely
2026-01-15T15:55:46+00:00,2026-01-16T21:45:00-05:00,2089,34.8,Dinner,2,Fri,Thu,21,278278,wisely
2026-01-15T15:55:46+00:00,2026-01-16T21:45:00-05:00,2089,34.8,Dinner,4,Fri,Thu,21,278278,wisely
2026-01-16T22:17:06+00:00,2026-01-17T11:30:00-05:00,1093,18.2,Lunch,2,Sat,Fri,11,278278,wisely
2026-01-16T23:20:20+00:00,2026-01-17T11:45:00-05:00,1045,17.4,Lunch,2,Sat,Fri,11,278278,wisely
2026-01-16T22:17:07+00:00,2026-01-17T12:15:00-05:00,1138,19.0,Lunch,2,Sat,Fri,12,278278,wisely
2026-01-16T22:17:08+00:00,2026-01-17T12:45:00-05:00,1168,19.5,Lunch,2,Sat,Fri,12,278278,wisely
2026-01-16T22:17:08+00:00,2026-01-17T12:45:00-05:00,1168,19.5,Lunch,4,Sat,Fri,12,278278,wisely
2026-01-16T22:41:58+00:00,2026-01-17T13:15:00-05:00,1173,19.6,Lunch,2,Sat,Fri,13,278278,wisely
2026-01-16T22:41:59+00:00,2026-01-17T13:15:00-05:00,1173,19.6,Lunch,4,Sat,Fri,13,278278,wisely
2026-01-16T22:17:12+00:00,2026-01-17T13:45:00-05:00,1228,20.5,Lunch,2,Sat,Fri,13,278278,wisely
2026-01-16T22:17:08+00:00,2026-01-17T13:45:00-05:00,1228,20.5,Lunch,4,Sat,Fri,13,278278,wisely
2026-01-17T14:46:01+00:00,2026-01-17T14:00:00-05:00,254,4.2,Lunch,2,Sat,Sat,14,278278,wisely
2026-01-16T22:17:14+00:00,2026-01-17T14:15:00-05:00,1258,21.0,Lunch,2,Sat,Fri,14,278278,wisely
2026-01-16T22:17:16+00:00,2026-01-17T14:30:00-05:00,1273,21.2,Lunch,2,Sat,Fri,14,278278,wisely
2026-01-16T22:17:08+00:00,2026-01-17T14:30:00-05:00,1273,21.2,Lunch,4,Sat,Fri,14,278278,wisely
2026-01-17T18:33:17+00:00,2026-01-17T15:00:00-05:00,87,1.4,Lunch,2,Sat,Sat,15,278278,wisely
2026-01-17T18:33:19+00:00,2026-01-17T15:00:00-05:00,87,1.4,Lunch,4,Sat,Sat,15,278278,wisely
2026-01-16T23:20:29+00:00,2026-01-17T16:15:00-05:00,1315,21.9,Lunch,2,Sat,Fri,16,278278,wisely
2026-01-16T23:20:21+00:00,2026-01-17T16:15:00-05:00,1315,21.9,Lunch,4,Sat,Fri,16,278278,wisely
2026-01-17T03:40:32+00:00,2026-01-17T16:30:00-05:00,1069,17.8,Dinner,2,Sat,Fri,16,278278,wisely
2026-01-17T04:46:57+00:00,2026-01-17T17:00:00-05:00,1033,17.2,Dinner,2,Sat,Fri,17,278278,wisely
2026-01-16T23:20:07+00:00,2026-01-17T20:30:00-05:00,1570,26.2,Dinner,2,Sat,Fri,20,278278,wisely
2026-01-16T23:20:08+00:00,2026-01-17T20:30:00-05:00,1570,26.2,Dinner,4,Sat,Fri,20,278278,wisely
2026-01-17T23:30:01+00:00,2026-01-17T21:00:00-05:00,150,2.5,Dinner,2,Sat,Sat,21,278278,wisely
2026-01-17T23:30:02+00:00,2026-01-17T21:00:00-05:00,150,2.5,Dinner,4,Sat,Sat,21,278278,wisely
2026-01-16T22:41:44+00:00,2026-01-17T21:45:00-05:00,1683,28.1,Dinner,2,Sat,Fri,21,278278,wisely
2026-01-16T22:41:45+00:00,2026-01-17T21:45:00-05:00,1683,28.1,Dinner,4,Sat,Fri,21,278278,wisely
2026-01-17T22:23:39+00:00,2026-01-18T16:45:00+00:00,1101,18.4,Lunch,2,Sun,Sat,11,278278,wisely
2026-01-17T22:23:39+00:00,2026-01-18T17:00:00+00:00,1116,18.6,Lunch,2,Sun,Sat,12,278278,wisely
2026-01-17T22:23:40+00:00,2026-01-18T17:00:00+00:00,1116,18.6,Lunch,4,Sun,Sat,12,278278,wisely
2026-01-17T22:23:40+00:00,2026-01-18T17:15:00+00:00,1131,18.9,Lunch,2,Sun,Sat,12,278278,wisely
2026-01-18T16:58:32+00:00,2026-01-18T12:30:00-05:00,31,0.5,Lunch,2,Sun,Sun,12,278278,wisely
2026-01-18T16:58:32+00:00,2026-01-18T12:30:00-05:00,31,0.5,Lunch,4,Sun,Sun,12,278278,wisely
2026-01-17T22:23:47+00:00,2026-01-18T17:45:00+00:00,1161,19.4,Lunch,2,Sun,Sat,12,278278,wisely
2026-01-17T22:24:06+00:00,2026-01-18T12:45:00-05:00,1161,19.3,Lunch,4,Sun,Sat,12,278278,wisely
2026-01-17T22:43:08+00:00,2026-01-18T18:00:00+00:00,1157,19.3,Lunch,2,Sun,Sat,13,278278,wisely
2026-01-17T22:23:47+00:00,2026-01-18T18:15:00+00:00,1191,19.9,Lunch,2,Sun,Sat,13,278278,wisely
2026-01-17T22:23:41+00:00,2026-01-18T18:15:00+00:00,1191,19.9,Lunch,4,Sun,Sat,13,278278,wisely
2026-01-17T22:43:12+00:00,2026-01-18T19:00:00+00:00,1217,20.3,Lunch,2,Sun,Sat,14,278278,wisely
2026-01-17T22:43:12+00:00,2026-01-18T19:00:00+00:00,1217,20.3,Lunch,4,Sun,Sat,14,278278,wisely
2026-01-17T15:51:41+00:00,2026-01-18T15:00:00-05:00,1688,28.1,Lunch,2,Sun,Sat,15,278278,wisely
2026-01-17T22:23:27+00:00,2026-01-18T21:45:00+00:00,1402,23.4,Dinner,2,Sun,Sat,16,278278,wisely
2026-01-17T22:23:29+00:00,2026-01-18T21:45:00+00:00,1402,23.4,Dinner,4,Sun,Sat,16,278278,wisely
2026-01-18T00:00:49+00:00,2026-01-18T20:00:00-05:00,1499,25.0,Dinner,2,Sun,Sat,20,278278,wisely
2026-01-18T20:24:27+00:00,2026-01-19T02:00:00+00:00,336,5.6,Dinner,2,Sun,Sun,21,278278,wisely
2026-01-18T20:24:28+00:00,2026-01-19T02:00:00+00:00,336,5.6,Dinner,4,Sun,Sun,21,278278,wisely
2026-01-18T22:58:51+00:00,2026-01-18T21:15:00-05:00,196,3.3,Dinner,2,Sun,Sun,21,278278,wisely
2026-01-18T22:58:52+00:00,2026-01-18T21:15:00-05:00,196,3.3,Dinner,4,Sun,Sun,21,278278,wisely
2026-01-19T16:01:20+00:00,2026-01-19T11:30:00-05:00,29,0.5,Lunch,2,Mon,Mon,11,278278,wisely
2026-01-19T16:01:21+00:00,2026-01-19T11:30:00-05:00,29,0.5,Lunch,4,Mon,Mon,11,278278,wisely
2026-01-18T22:01:23+00:00,2026-01-19T11:45:00-05:00,1124,18.7,Lunch,2,Mon,Sun,11,278278,wisely
2026-01-18T22:01:24+00:00,2026-01-19T11:45:00-05:00,1124,18.7,Lunch,4,Mon,Sun,11,278278,wisely
2026-01-18T22:01:23+00:00,2026-01-19T12:00:00-05:00,1139,19.0,Lunch,2,Mon,Sun,12,278278,wisely
2026-01-18T22:01:24+00:00,2026-01-19T12:00:00-05:00,1139,19.0,Lunch,4,Mon,Sun,12,278278,wisely
2026-01-18T22:01:23+00:00,2026-01-19T12:30:00-05:00,1169,19.5,Lunch,2,Mon,Sun,12,278278,wisely
2026-01-18T22:01:24+00:00,2026-01-19T12:30:00-05:00,1169,19.5,Lunch,4,Mon,Sun,12,278278,wisely
2026-01-18T23:27:03+00:00,2026-01-19T12:45:00-05:00,1098,18.3,Lunch,2,Mon,Sun,12,278278,wisely
2026-01-17T21:10:18+00:00,2026-01-19T13:45:00-05:00,2735,45.6,Lunch,2,Mon,Sat,13,278278,wisely
2026-01-18T21:52:40+00:00,2026-01-19T14:45:00-05:00,1312,21.9,Lunch,2,Mon,Sun,14,278278,wisely
2026-01-18T21:52:41+00:00,2026-01-19T14:45:00-05:00,1312,21.9,Lunch,4,Mon,Sun,14,278278,wisely
2026-01-19T17:13:10+00:00,2026-01-19T16:00:00-05:00,227,3.8,Lunch,2,Mon,Mon,16,278278,wisely
2026-01-19T17:13:11+00:00,2026-01-19T16:00:00-05:00,227,3.8,Lunch,4,Mon,Mon,16,278278,wisely
2026-01-18T22:01:08+00:00,2026-01-19T16:30:00-05:00,1409,23.5,Dinner,2,Mon,Sun,16,278278,wisely
2026-01-17T21:50:36+00:00,2026-01-19T16:45:00-05:00,2874,47.9,Dinner,2,Mon,Sat,16,278278,wisely
2026-01-17T21:50:37+00:00,2026-01-19T16:45:00-05:00,2874,47.9,Dinner,4,Mon,Sat,16,278278,wisely
2026-01-18T22:29:33+00:00,2026-01-19T19:15:00-05:00,1545,25.8,Dinner,2,Mon,Sun,19,278278,wisely
2026-01-19T22:57:28+00:00,2026-01-20T00:45:00+00:00,108,1.8,Dinner,2,Mon,Mon,19,278278,wisely
2026-01-19T22:57:29+00:00,2026-01-20T00:45:00+00:00,108,1.8,Dinner,4,Mon,Mon,19,278278,wisely
2026-01-18T22:29:21+00:00,2026-01-19T20:00:00-05:00,1591,26.5,Dinner,2,Mon,Sun,20,278278,wisely
2026-01-18T22:29:22+00:00,2026-01-19T20:00:00-05:00,1591,26.5,Dinner,4,Mon,Sun,20,278278,wisely
2026-01-19T23:45:57+00:00,2026-01-19T20:30:00-05:00,104,1.7,Dinner,2,Mon,Mon,20,278278,wisely
2026-01-18T22:01:08+00:00,2026-01-19T20:45:00-05:00,1664,27.7,Dinner,2,Mon,Sun,20,278278,wisely
2026-01-19T01:43:45+00:00,2026-01-19T20:45:00-05:00,1441,24.0,Dinner,4,Mon,Sun,20,278278,wisely
2026-01-18T22:29:22+00:00,2026-01-19T21:30:00-05:00,1681,28.0,Dinner,2,Mon,Sun,21,278278,wisely
2026-01-18T22:29:23+00:00,2026-01-19T21:30:00-05:00,1681,28.0,Dinner,4,Mon,Sun,21,278278,wisely
2026-01-18T22:01:08+00:00,2026-01-19T21:45:00-05:00,1724,28.7,Dinner,2,Mon,Sun,21,278278,wisely
2026-01-18T22:01:08+00:00,2026-01-19T21:45:00-05:00,1724,28.7,Dinner,4,Mon,Sun,21,278278,wisely
2026-01-20T14:48:05+00:00,2026-01-20T11:30:00-05:00,102,1.7,Lunch,2,Tue,Tue,11,278278,wisely
2026-01-20T14:48:06+00:00,2026-01-20T11:30:00-05:00,102,1.7,Lunch,4,Tue,Tue,11,278278,wisely
2026-01-19T22:25:30+00:00,2026-01-20T16:45:00+00:00,1099,18.3,Lunch,2,Tue,Mon,11,278278,wisely
2026-01-19T22:25:30+00:00,2026-01-20T16:45:00+00:00,1099,18.3,Lunch,4,Tue,Mon,11,278278,wisely
2026-01-20T17:21:17+00:00,2026-01-20T13:30:00-05:00,69,1.1,Lunch,2,Tue,Tue,13,278278,wisely
2026-01-20T17:21:19+00:00,2026-01-20T13:30:00-05:00,69,1.1,Lunch,4,Tue,Tue,13,278278,wisely
2026-01-19T22:25:30+00:00,2026-01-20T18:45:00+00:00,1219,20.3,Lunch,2,Tue,Mon,13,278278,wisely
2026-01-19T22:25:31+00:00,2026-01-20T18:45:00+00:00,1219,20.3,Lunch,4,Tue,Mon,13,278278,wisely
2026-01-19T22:25:30+00:00,2026-01-20T19:00:00+00:00,1234,20.6,Lunch,2,Tue,Mon,14,278278,wisely
2026-01-19T22:25:31+00:00,2026-01-20T19:00:00+00:00,1234,20.6,Lunch,4,Tue,Mon,14,278278,wisely
2026-01-19T14:17:24+00:00,2026-01-20T14:15:00-05:00,1738,29.0,Lunch,2,Tue,Mon,14,278278,wisely
2026-01-19T22:25:35+00:00,2026-01-20T19:15:00+00:00,1249,20.8,Lunch,4,Tue,Mon,14,278278,wisely
2026-01-18T05:13:40+00:00,2026-01-20T14:30:00-05:00,3736,62.3,Lunch,2,Tue,Sun,14,278278,wisely
2026-01-18T05:13:41+00:00,2026-01-20T14:45:00-05:00,3751,62.5,Lunch,2,Tue,Sun,14,278278,wisely
2026-01-19T19:53:23+00:00,2026-01-20T14:45:00-05:00,1432,23.9,Lunch,4,Tue,Mon,14,278278,wisely
2026-01-18T05:13:42+00:00,2026-01-20T15:00:00-05:00,3766,62.8,Lunch,2,Tue,Sun,15,278278,wisely
2026-01-18T05:13:42+00:00,2026-01-20T15:00:00-05:00,3766,62.8,Lunch,4,Tue,Sun,15,278278,wisely
2026-01-20T05:25:28+00:00,2026-01-20T15:15:00-05:00,890,14.8,Lunch,2,Tue,Tue,15,278278,wisely
2026-01-20T06:57:26+00:00,2026-01-20T15:15:00-05:00,798,13.3,Lunch,4,Tue,Tue,15,278278,wisely
2026-01-20T19:10:40+00:00,2026-01-20T16:00:00-05:00,109,1.8,Lunch,2,Tue,Tue,16,278278,wisely
2026-01-20T19:10:42+00:00,2026-01-20T16:00:00-05:00,109,1.8,Lunch,4,Tue,Tue,16,278278,wisely
2026-01-20T02:08:51+00:00,2026-01-20T16:30:00-05:00,1161,19.4,Dinner,2,Tue,Mon,16,278278,wisely
2026-01-20T02:08:52+00:00,2026-01-20T16:30:00-05:00,1161,19.4,Dinner,4,Tue,Mon,16,278278,wisely
2026-01-19T22:47:29+00:00,2026-01-20T16:45:00-05:00,1378,23.0,Dinner,2,Tue,Mon,16,278278,wisely
2026-01-19T22:47:30+00:00,2026-01-20T16:45:00-05:00,1377,23.0,Dinner,4,Tue,Mon,16,278278,wisely
2026-01-20T21:31:45+00:00,2026-01-20T22:00:00+00:00,28,0.5,Dinner,2,Tue,Tue,17,278278,wisely
2026-01-20T15:17:05+00:00,2026-01-20T17:15:00-05:00,418,7.0,Dinner,2,Tue,Tue,17,278278,wisely
2026-01-20T15:17:06+00:00,2026-01-20T17:15:00-05:00,418,7.0,Dinner,4,Tue,Tue,17,278278,wisely
2026-01-20T21:31:46+00:00,2026-01-20T22:30:00+00:00,58,1.0,Dinner,2,Tue,Tue,17,278278,wisely
2026-01-20T21:31:45+00:00,2026-01-20T22:30:00+00:00,58,1.0,Dinner,4,Tue,Tue,17,278278,wisely
2026-01-19T18:56:04+00:00,2026-01-20T18:15:00-05:00,1699,28.3,Dinner,2,Tue,Mon,18,278278,wisely
2026-01-19T18:56:05+00:00,2026-01-20T18:15:00-05:00,1699,28.3,Dinner,4,Tue,Mon,18,278278,wisely
2026-01-17T19:25:59+00:00,2026-01-20T19:45:00-05:00,4639,77.3,Dinner,2,Tue,Sat,19,278278,wisely
2026-01-17T19:26:01+00:00,2026-01-20T19:45:00-05:00,4639,77.3,Dinner,4,Tue,Sat,19,278278,wisely
2026-01-19T20:58:48+00:00,2026-01-20T21:00:00-05:00,1741,29.0,Dinner,2,Tue,Mon,21,278278,wisely
2026-01-20T04:08:38+00:00,2026-01-20T21:15:00-05:00,1326,22.1,Dinner,2,Tue,Mon,21,278278,wisely
2026-01-20T04:08:39+00:00,2026-01-20T21:15:00-05:00,1326,22.1,Dinner,4,Tue,Mon,21,278278,wisely
2026-01-19T16:46:18+00:00,2026-01-20T21:30:00-05:00,2024,33.7,Dinner,2,Tue,Mon,21,278278,wisely
2026-01-19T16:46:18+00:00,2026-01-20T21:30:00-05:00,2024,33.7,Dinner,4,Tue,Mon,21,278278,wisely
2026-01-19T13:07:24+00:00,2026-01-20T21:45:00-05:00,2258,37.6,Dinner,2,Tue,Mon,21,278278,wisely
2026-01-19T22:25:17+00:00,2026-01-21T02:45:00+00:00,1700,28.3,Dinner,4,Tue,Mon,21,278278,wisely
2026-01-20T22:27:36+00:00,2026-01-21T11:45:00-05:00,1097,18.3,Lunch,2,Wed,Tue,11,278278,wisely
2026-01-20T22:27:36+00:00,2026-01-21T11:45:00-05:00,1097,18.3,Lunch,4,Wed,Tue,11,278278,wisely
2026-01-20T21:02:27+00:00,2026-01-21T12:15:00-05:00,1213,20.2,Lunch,2,Wed,Tue,12,278278,wisely
2026-01-21T12:29:20+00:00,2026-01-21T13:15:00-05:00,346,5.8,Lunch,2,Wed,Wed,13,278278,wisely
2026-01-21T12:29:21+00:00,2026-01-21T13:15:00-05:00,346,5.8,Lunch,4,Wed,Wed,13,278278,wisely
2026-01-21T18:09:04+00:00,2026-01-21T14:00:00-05:00,51,0.8,Lunch,2,Wed,Wed,14,278278,wisely
2026-01-21T18:09:04+00:00,2026-01-21T14:00:00-05:00,51,0.8,Lunch,4,Wed,Wed,14,278278,wisely
2026-01-19T16:46:51+00:00,2026-01-21T14:15:00-05:00,3028,50.5,Lunch,2,Wed,Mon,14,278278,wisely
2026-01-19T16:46:52+00:00,2026-01-21T14:15:00-05:00,3028,50.5,Lunch,4,Wed,Mon,14,278278,wisely
2026-01-19T05:00:04+00:00,2026-01-21T14:30:00-05:00,3750,62.5,Lunch,2,Wed,Mon,14,278278,wisely
2026-01-19T05:00:05+00:00,2026-01-21T14:30:00-05:00,3750,62.5,Lunch,4,Wed,Mon,14,278278,wisely
2026-01-19T05:00:04+00:00,2026-01-21T14:45:00-05:00,3765,62.7,Lunch,2,Wed,Mon,14,278278,wisely
2026-01-19T05:00:05+00:00,2026-01-21T14:45:00-05:00,3765,62.7,Lunch,4,Wed,Mon,14,278278,wisely
2026-01-19T05:00:04+00:00,2026-01-21T15:00:00-05:00,3780,63.0,Lunch,2,Wed,Mon,15,278278,wisely
2026-01-19T05:00:05+00:00,2026-01-21T15:00:00-05:00,3780,63.0,Lunch,4,Wed,Mon,15,278278,wisely
2026-01-19T14:49:41+00:00,2026-01-21T15:15:00-05:00,3205,53.4,Lunch,2,Wed,Mon,15,278278,wisely
2026-01-19T14:49:42+00:00,2026-01-21T15:15:00-05:00,3205,53.4,Lunch,4,Wed,Mon,15,278278,wisely
2026-01-20T22:27:36+00:00,2026-01-21T15:30:00-05:00,1322,22.0,Lunch,2,Wed,Tue,15,278278,wisely
2026-01-20T00:56:36+00:00,2026-01-21T16:00:00-05:00,2643,44.1,Lunch,2,Wed,Mon,16,278278,wisely
2026-01-20T00:56:37+00:00,2026-01-21T16:00:00-05:00,2643,44.1,Lunch,4,Wed,Mon,16,278278,wisely
2026-01-21T02:04:00+00:00,2026-01-21T16:15:00-05:00,1151,19.2,Lunch,2,Wed,Tue,16,278278,wisely
2026-01-21T02:04:02+00:00,2026-01-21T16:15:00-05:00,1151,19.2,Lunch,4,Wed,Tue,16,278278,wisely
2026-01-20T22:58:53+00:00,2026-01-21T21:30:00+00:00,1351,22.5,Dinner,2,Wed,Tue,16,278278,wisely
2026-01-20T22:58:54+00:00,2026-01-21T21:30:00+00:00,1351,22.5,Dinner,4,Wed,Tue,16,278278,wisely
2026-01-21T21:56:40+00:00,2026-01-21T17:15:00-05:00,18,0.3,Dinner,2,Wed,Wed,17,278278,wisely
2026-01-21T21:56:41+00:00,2026-01-21T17:15:00-05:00,18,0.3,Dinner,4,Wed,Wed,17,278278,wisely
2026-01-21T18:08:49+00:00,2026-01-21T18:15:00-05:00,306,5.1,Dinner,2,Wed,Wed,18,278278,wisely
2026-01-20T23:59:44+00:00,2026-01-21T19:45:00-05:00,1485,24.8,Dinner,2,Wed,Tue,19,278278,wisely
2026-01-20T22:31:14+00:00,2026-01-21T20:00:00-05:00,1589,26.5,Dinner,2,Wed,Tue,20,278278,wisely
2026-01-20T22:31:15+00:00,2026-01-21T20:00:00-05:00,1589,26.5,Dinner,4,Wed,Tue,20,278278,wisely
2026-01-21T20:59:43+00:00,2026-01-21T21:15:00-05:00,315,5.3,Dinner,2,Wed,Wed,21,278278,wisely
2026-01-20T22:27:22+00:00,2026-01-21T21:30:00-05:00,1683,28.0,Dinner,2,Wed,Tue,21,278278,wisely
2026-01-20T22:27:22+00:00,2026-01-21T21:30:00-05:00,1683,28.0,Dinner,4,Wed,Tue,21,278278,wisely
2026-01-21T22:30:58+00:00,2026-01-22T11:30:00-05:00,1079,18.0,Lunch,2,Thu,Wed,11,278278,wisely
2026-01-21T22:31:00+00:00,2026-01-22T11:30:00-05:00,1079,18.0,Lunch,4,Thu,Wed,11,278278,wisely
2026-01-21T20:21:42+00:00,2026-01-22T12:00:00-05:00,1238,20.6,Lunch,2,Thu,Wed,12,278278,wisely
2026-01-21T20:21:44+00:00,2026-01-22T12:00:00-05:00,1238,20.6,Lunch,4,Thu,Wed,12,278278,wisely
2026-01-21T22:30:59+00:00,2026-01-22T12:30:00-05:00,1139,19.0,Lunch,2,Thu,Wed,12,278278,wisely
2026-01-21T22:31:00+00:00,2026-01-22T12:30:00-05:00,1139,19.0,Lunch,4,Thu,Wed,12,278278,wisely
2026-01-20T19:11:23+00:00,2026-01-22T12:45:00-05:00,2794,46.6,Lunch,2,Thu,Tue,12,278278,wisely
2026-01-20T05:26:07+00:00,2026-01-22T13:30:00-05:00,3664,61.1,Lunch,2,Thu,Tue,13,278278,wisely
2026-01-21T22:01:37+00:00,2026-01-22T13:45:00-05:00,1243,20.7,Lunch,2,Thu,Wed,13,278278,wisely
2026-01-21T22:01:37+00:00,2026-01-22T13:45:00-05:00,1243,20.7,Lunch,4,Thu,Wed,13,278278,wisely
2026-01-22T00:00:40+00:00,2026-01-22T19:00:00+00:00,1139,19.0,Lunch,2,Thu,Wed,14,278278,wisely
2026-01-22T04:52:16+00:00,2026-01-22T14:00:00-05:00,848,14.1,Lunch,4,Thu,Wed,14,278278,wisely
2026-01-21T19:31:18+00:00,2026-01-22T14:15:00-05:00,1424,23.7,Lunch,2,Thu,Wed,14,278278,wisely
2026-01-22T02:27:04+00:00,2026-01-22T14:30:00-05:00,1023,17.0,Lunch,2,Thu,Wed,14,278278,wisely
2026-01-21T17:31:59+00:00,2026-01-22T14:45:00-05:00,1573,26.2,Lunch,2,Thu,Wed,14,278278,wisely
2026-01-21T17:32:01+00:00,2026-01-22T14:45:00-05:00,1573,26.2,Lunch,4,Thu,Wed,14,278278,wisely
2026-01-21T14:01:55+00:00,2026-01-22T15:00:00-05:00,1798,30.0,Lunch,2,Thu,Wed,15,278278,wisely
2026-01-21T14:01:56+00:00,2026-01-22T15:00:00-05:00,1798,30.0,Lunch,4,Thu,Wed,15,278278,wisely
2026-01-21T17:32:00+00:00,2026-01-22T15:15:00-05:00,1603,26.7,Lunch,2,Thu,Wed,15,278278,wisely
2026-01-21T17:32:01+00:00,2026-01-22T15:15:00-05:00,1603,26.7,Lunch,4,Thu,Wed,15,278278,wisely
2026-01-21T22:55:59+00:00,2026-01-22T15:45:00-05:00,1309,21.8,Lunch,2,Thu,Wed,15,278278,wisely
2026-01-21T22:56:00+00:00,2026-01-22T15:45:00-05:00,1309,21.8,Lunch,4,Thu,Wed,15,278278,wisely
2026-01-21T23:49:53+00:00,2026-01-22T16:15:00-05:00,1285,21.4,Lunch,2,Thu,Wed,16,278278,wisely
2026-01-21T23:49:54+00:00,2026-01-22T16:15:00-05:00,1285,21.4,Lunch,4,Thu,Wed,16,278278,wisely
2026-01-21T22:30:38+00:00,2026-01-22T16:30:00-05:00,1379,23.0,Dinner,2,Thu,Wed,16,278278,wisely
2026-01-21T22:30:40+00:00,2026-01-22T16:30:00-05:00,1379,23.0,Dinner,4,Thu,Wed,16,278278,wisely
2026-01-22T21:01:42+00:00,2026-01-22T16:45:00-05:00,43,0.7,Dinner,2,Thu,Thu,16,278278,wisely
2026-01-22T03:58:44+00:00,2026-01-22T17:00:00-05:00,1081,18.0,Dinner,2,Thu,Wed,17,278278,wisely
2026-01-22T03:58:45+00:00,2026-01-22T17:00:00-05:00,1081,18.0,Dinner,4,Thu,Wed,17,278278,wisely
2026-01-22T20:53:32+00:00,2026-01-22T17:15:00-05:00,81,1.4,Dinner,2,Thu,Thu,17,278278,wisely
2026-01-22T20:53:33+00:00,2026-01-22T17:15:00-05:00,81,1.4,Dinner,4,Thu,Thu,17,278278,wisely
2026-01-21T22:30:39+00:00,2026-01-22T21:15:00-05:00,1664,27.7,Dinner,2,Thu,Wed,21,278278,wisely
2026-01-21T22:01:19+00:00,2026-01-22T21:45:00-05:00,1724,28.7,Dinner,2,Thu,Wed,21,278278,wisely
2026-01-22T20:45:34+00:00,2026-01-22T21:45:00-05:00,359,6.0,Dinner,4,Thu,Thu,21,278278,wisely
2026-01-22T16:17:19+00:00,2026-01-23T11:30:00-05:00,1453,24.2,Lunch,2,Fri,Thu,11,278278,wisely
2026-01-22T16:17:19+00:00,2026-01-23T11:30:00-05:00,1453,24.2,Lunch,4,Fri,Thu,11,278278,wisely
2026-01-23T15:12:44+00:00,2026-01-23T11:45:00-05:00,92,1.5,Lunch,2,Fri,Fri,11,278278,wisely
2026-01-23T15:12:46+00:00,2026-01-23T11:45:00-05:00,92,1.5,Lunch,4,Fri,Fri,11,278278,wisely
2026-01-23T14:13:22+00:00,2026-01-23T12:00:00-05:00,167,2.8,Lunch,2,Fri,Fri,12,278278,wisely
2026-01-23T14:13:24+00:00,2026-01-23T12:00:00-05:00,167,2.8,Lunch,4,Fri,Fri,12,278278,wisely
2026-01-22T22:16:13+00:00,2026-01-23T12:15:00-05:00,1139,19.0,Lunch,2,Fri,Thu,12,278278,wisely
2026-01-22T22:16:14+00:00,2026-01-23T12:15:00-05:00,1139,19.0,Lunch,4,Fri,Thu,12,278278,wisely
2026-01-22T16:17:19+00:00,2026-01-23T12:45:00-05:00,1528,25.5,Lunch,2,Fri,Thu,12,278278,wisely
2026-01-22T16:17:19+00:00,2026-01-23T12:45:00-05:00,1528,25.5,Lunch,4,Fri,Thu,12,278278,wisely
2026-01-22T22:16:13+00:00,2026-01-23T13:00:00-05:00,1184,19.7,Lunch,2,Fri,Thu,13,278278,wisely
2026-01-23T02:24:48+00:00,2026-01-23T13:15:00-05:00,950,15.8,Lunch,2,Fri,Thu,13,278278,wisely
2026-01-23T02:24:49+00:00,2026-01-23T13:15:00-05:00,950,15.8,Lunch,4,Fri,Thu,13,278278,wisely
2026-01-23T14:13:23+00:00,2026-01-23T13:45:00-05:00,272,4.5,Lunch,2,Fri,Fri,13,278278,wisely
2026-01-23T14:13:24+00:00,2026-01-23T13:45:00-05:00,272,4.5,Lunch,4,Fri,Fri,13,278278,wisely
2026-01-22T22:16:20+00:00,2026-01-23T14:45:00-05:00,1289,21.5,Lunch,2,Fri,Thu,14,278278,wisely
2026-01-22T22:44:03+00:00,2026-01-23T14:45:00-05:00,1261,21.0,Lunch,4,Fri,Thu,14,278278,wisely
2026-01-22T23:16:59+00:00,2026-01-23T15:15:00-05:00,1258,21.0,Lunch,2,Fri,Thu,15,278278,wisely
2026-01-22T23:16:44+00:00,2026-01-23T15:15:00-05:00,1258,21.0,Lunch,4,Fri,Thu,15,278278,wisely
2026-01-22T22:32:35+00:00,2026-01-23T15:30:00-05:00,1317,22.0,Lunch,2,Fri,Thu,15,278278,wisely
2026-01-23T19:17:33+00:00,2026-01-23T15:30:00-05:00,72,1.2,Lunch,4,Fri,Fri,15,278278,wisely
2026-01-22T22:16:14+00:00,2026-01-23T16:15:00-05:00,1379,23.0,Lunch,4,Fri,Thu,16,278278,wisely
2026-01-22T22:16:02+00:00,2026-01-23T16:30:00-05:00,1394,23.2,Dinner,2,Fri,Thu,16,278278,wisely
2026-01-22T22:16:03+00:00,2026-01-23T16:30:00-05:00,1394,23.2,Dinner,4,Fri,Thu,16,278278,wisely
2026-01-23T22:29:52+00:00,2026-01-23T18:45:00-05:00,75,1.3,Dinner,2,Fri,Fri,18,278278,wisely
2026-01-23T03:54:05+00:00,2026-01-24T11:30:00-05:00,2196,36.6,Lunch,2,Sat,Thu,11,278278,wisely
2026-01-24T03:40:12+00:00,2026-01-24T11:30:00-05:00,770,12.8,Lunch,4,Sat,Fri,11,278278,wisely
2026-01-23T18:17:38+00:00,2026-01-24T11:45:00-05:00,1347,22.5,Lunch,2,Sat,Fri,11,278278,wisely
2026-01-23T18:17:40+00:00,2026-01-24T11:45:00-05:00,1347,22.5,Lunch,4,Sat,Fri,11,278278,wisely
2026-01-24T04:21:28+00:00,2026-01-24T15:15:00-05:00,954,15.9,Lunch,2,Sat,Fri,15,278278,wisely
2026-01-24T04:21:29+00:00,2026-01-24T15:15:00-05:00,954,15.9,Lunch,4,Sat,Fri,15,278278,wisely
2026-01-22T09:38:06+00:00,2026-01-24T15:30:00-05:00,3532,58.9,Lunch,2,Sat,Thu,15,278278,wisely
2026-01-22T09:38:07+00:00,2026-01-24T15:30:00-05:00,3532,58.9,Lunch,4,Sat,Thu,15,278278,wisely
2026-01-24T05:11:03+00:00,2026-01-24T15:45:00-05:00,934,15.6,Lunch,2,Sat,Sat,15,278278,wisely
2026-01-24T05:11:04+00:00,2026-01-24T15:45:00-05:00,934,15.6,Lunch,4,Sat,Sat,15,278278,wisely
2026-01-23T22:01:22+00:00,2026-01-24T16:00:00-05:00,1379,23.0,Lunch,2,Sat,Fri,16,278278,wisely
2026-01-23T22:01:22+00:00,2026-01-24T16:00:00-05:00,1379,23.0,Lunch,4,Sat,Fri,16,278278,wisely
2026-01-23T22:22:07+00:00,2026-01-24T16:15:00-05:00,1373,22.9,Lunch,2,Sat,Fri,16,278278,wisely
2026-01-23T13:46:43+00:00,2026-01-24T16:30:00-05:00,1903,31.7,Dinner,2,Sat,Fri,16,278278,wisely
2026-01-23T13:46:44+00:00,2026-01-24T16:30:00-05:00,1903,31.7,Dinner,4,Sat,Fri,16,278278,wisely
2026-01-24T21:09:54+00:00,2026-01-24T17:00:00-05:00,50,0.8,Dinner,2,Sat,Sat,17,278278,wisely
2026-01-24T21:45:44+00:00,2026-01-24T17:15:00-05:00,29,0.5,Dinner,2,Sat,Sat,17,278278,wisely
2026-01-24T21:45:47+00:00,2026-01-24T17:15:00-05:00,29,0.5,Dinner,4,Sat,Sat,17,278278,wisely
2026-01-24T21:29:27+00:00,2026-01-24T18:30:00-05:00,121,2.0,Dinner,2,Sat,Sat,18,278278,wisely
2026-01-23T22:58:29+00:00,2026-01-24T21:30:00-05:00,1652,27.5,Dinner,2,Sat,Fri,21,278278,wisely
2026-01-23T22:58:30+00:00,2026-01-24T21:30:00-05:00,1651,27.5,Dinner,4,Sat,Fri,21,278278,wisely
2026-01-23T02:24:55+00:00,2026-01-24T21:45:00-05:00,2900,48.3,Dinner,2,Sat,Thu,21,278278,wisely
2026-01-23T02:24:56+00:00,2026-01-24T21:45:00-05:00,2900,48.3,Dinner,4,Sat,Thu,21,278278,wisely
2026-01-23T22:41:31+00:00,2026-01-25T11:30:00-05:00,2508,41.8,Lunch,2,Sun,Fri,11,278278,wisely
2026-01-24T21:57:21+00:00,2026-01-25T17:00:00+00:00,1143,19.0,Lunch,2,Sun,Sat,12,278278,wisely
2026-01-24T21:57:21+00:00,2026-01-25T17:00:00+00:00,1143,19.0,Lunch,4,Sun,Sat,12,278278,wisely
2026-01-23T12:59:35+00:00,2026-01-25T12:30:00-05:00,3150,52.5,Lunch,2,Sun,Fri,12,278278,wisely
2026-01-23T12:59:36+00:00,2026-01-25T12:30:00-05:00,3150,52.5,Lunch,4,Sun,Fri,12,278278,wisely
2026-01-24T23:51:20+00:00,2026-01-25T13:00:00-05:00,1089,18.1,Lunch,2,Sun,Sat,13,278278,wisely
2026-01-24T22:24:04+00:00,2026-01-25T18:15:00+00:00,1191,19.8,Lunch,2,Sun,Sat,13,278278,wisely
2026-01-25T00:00:23+00:00,2026-01-25T13:30:00-05:00,1110,18.5,Lunch,2,Sun,Sat,13,278278,wisely
2026-01-25T00:00:23+00:00,2026-01-25T13:30:00-05:00,1110,18.5,Lunch,4,Sun,Sat,13,278278,wisely
2026-01-23T22:41:32+00:00,2026-01-25T14:30:00-05:00,2688,44.8,Lunch,2,Sun,Fri,14,278278,wisely
2026-01-24T14:24:21+00:00,2026-01-25T15:00:00-05:00,1776,29.6,Lunch,2,Sun,Sat,15,278278,wisely
2026-01-23T12:59:35+00:00,2026-01-25T15:15:00-05:00,3315,55.3,Lunch,2,Sun,Fri,15,278278,wisely
2026-01-24T23:51:21+00:00,2026-01-25T15:15:00-05:00,1224,20.4,Lunch,4,Sun,Sat,15,278278,wisely
2026-01-24T22:24:05+00:00,2026-01-25T20:30:00+00:00,1326,22.1,Lunch,2,Sun,Sat,15,278278,wisely
2026-01-23T13:47:02+00:00,2026-01-25T17:15:00-05:00,3388,56.5,Dinner,2,Sun,Fri,17,278278,wisely
2026-01-23T21:59:03+00:00,2026-01-25T22:30:00+00:00,2911,48.5,Dinner,2,Sun,Fri,17,278278,wisely
2026-01-25T21:54:15+00:00,2026-01-25T18:00:00-05:00,66,1.1,Dinner,2,Sun,Sun,18,278278,wisely
2026-01-22T21:55:12+00:00,2026-01-25T19:15:00-05:00,4460,74.3,Dinner,2,Sun,Thu,19,278278,wisely
2026-01-25T21:43:15+00:00,2026-01-25T19:30:00-05:00,167,2.8,Dinner,2,Sun,Sun,19,278278,wisely
2026-01-25T05:51:31+00:00,2026-01-25T19:45:00-05:00,1133,18.9,Dinner,2,Sun,Sun,19,278278,wisely
2026-01-23T15:13:08+00:00,2026-01-25T20:15:00-05:00,3482,58.0,Dinner,2,Sun,Fri,20,278278,wisely
2026-01-23T15:13:09+00:00,2026-01-25T20:15:00-05:00,3482,58.0,Dinner,4,Sun,Fri,20,278278,wisely
2026-01-24T16:54:23+00:00,2026-01-25T20:45:00-05:00,1971,32.8,Dinner,2,Sun,Sat,20,278278,wisely
2026-01-24T16:54:24+00:00,2026-01-25T20:45:00-05:00,1971,32.8,Dinner,4,Sun,Sat,20,278278,wisely
2026-01-24T22:59:06+00:00,2026-01-25T21:00:00-05:00,1621,27.0,Dinner,2,Sun,Sat,21,278278,wisely
2026-01-24T22:59:07+00:00,2026-01-25T21:00:00-05:00,1621,27.0,Dinner,4,Sun,Sat,21,278278,wisely
2026-01-24T04:50:55+00:00,2026-01-25T21:15:00-05:00,2724,45.4,Dinner,2,Sun,Fri,21,278278,wisely
2026-01-24T04:50:55+00:00,2026-01-25T21:15:00-05:00,2724,45.4,Dinner,4,Sun,Fri,21,278278,wisely
2026-01-24T05:11:46+00:00,2026-01-26T11:30:00-05:00,3558,59.3,Lunch,2,Mon,Sat,11,278278,wisely
2026-01-24T05:11:47+00:00,2026-01-26T11:30:00-05:00,3558,59.3,Lunch,4,Mon,Sat,11,278278,wisely
2026-01-24T05:11:47+00:00,2026-01-26T11:45:00-05:00,3573,59.6,Lunch,2,Mon,Sat,11,278278,wisely
2026-01-24T05:11:47+00:00,2026-01-26T11:45:00-05:00,3573,59.6,Lunch,4,Mon,Sat,11,278278,wisely
2026-01-24T18:35:54+00:00,2026-01-26T12:00:00-05:00,2784,46.4,Lunch,2,Mon,Sat,12,278278,wisely
2026-01-24T18:35:55+00:00,2026-01-26T12:00:00-05:00,2784,46.4,Lunch,4,Mon,Sat,12,278278,wisely
2026-01-25T15:53:17+00:00,2026-01-26T12:15:00-05:00,1522,25.4,Lunch,2,Mon,Sun,12,278278,wisely
2026-01-25T22:20:20+00:00,2026-01-26T12:15:00-05:00,1135,18.9,Lunch,4,Mon,Sun,12,278278,wisely
2026-01-24T05:11:47+00:00,2026-01-26T12:30:00-05:00,3618,60.3,Lunch,2,Mon,Sat,12,278278,wisely
2026-01-24T05:11:47+00:00,2026-01-26T12:30:00-05:00,3618,60.3,Lunch,4,Mon,Sat,12,278278,wisely
2026-01-25T22:20:22+00:00,2026-01-26T13:00:00-05:00,1180,19.7,Lunch,2,Mon,Sun,13,278278,wisely
2026-01-25T22:20:23+00:00,2026-01-26T13:00:00-05:00,1180,19.7,Lunch,4,Mon,Sun,13,278278,wisely
2026-01-24T05:11:49+00:00,2026-01-26T13:15:00-05:00,3663,61.1,Lunch,2,Mon,Sat,13,278278,wisely
2026-01-24T05:11:50+00:00,2026-01-26T13:15:00-05:00,3663,61.1,Lunch,4,Mon,Sat,13,278278,wisely
2026-01-24T05:11:51+00:00,2026-01-26T13:45:00-05:00,3693,61.6,Lunch,2,Mon,Sat,13,278278,wisely
2026-01-24T05:11:51+00:00,2026-01-26T13:45:00-05:00,3693,61.6,Lunch,4,Mon,Sat,13,278278,wisely
2026-01-24T05:11:52+00:00,2026-01-26T14:00:00-05:00,3708,61.8,Lunch,2,Mon,Sat,14,278278,wisely
2026-01-24T05:11:52+00:00,2026-01-26T14:00:00-05:00,3708,61.8,Lunch,4,Mon,Sat,14,278278,wisely
2026-01-24T05:11:53+00:00,2026-01-26T14:15:00-05:00,3723,62.1,Lunch,2,Mon,Sat,14,278278,wisely
2026-01-24T05:11:53+00:00,2026-01-26T14:15:00-05:00,3723,62.1,Lunch,4,Mon,Sat,14,278278,wisely
2026-01-25T14:24:47+00:00,2026-01-26T15:00:00-05:00,1775,29.6,Lunch,2,Mon,Sun,15,278278,wisely
2026-01-25T23:20:35+00:00,2026-01-26T15:00:00-05:00,1239,20.7,Lunch,4,Mon,Sun,15,278278,wisely
2026-01-26T16:55:18+00:00,2026-01-26T15:15:00-05:00,200,3.3,Lunch,2,Mon,Mon,15,278278,wisely
2026-01-26T16:55:13+00:00,2026-01-26T15:15:00-05:00,200,3.3,Lunch,4,Mon,Mon,15,278278,wisely
2026-01-26T04:35:33+00:00,2026-01-26T15:30:00-05:00,954,15.9,Lunch,4,Mon,Sun,15,278278,wisely
2026-01-25T20:26:57+00:00,2026-01-26T20:45:00+00:00,1458,24.3,Lunch,2,Mon,Sun,15,278278,wisely
2026-01-26T18:20:52+00:00,2026-01-26T16:15:00-05:00,174,2.9,Dinner,2,Mon,Mon,16,278278,wisely
2026-01-25T17:00:10+00:00,2026-01-26T16:15:00-05:00,1695,28.2,Lunch,2,Mon,Sun,16,278278,wisely
2026-01-26T18:20:53+00:00,2026-01-26T16:15:00-05:00,174,2.9,Dinner,4,Mon,Mon,16,278278,wisely
2026-01-25T17:00:10+00:00,2026-01-26T16:15:00-05:00,1695,28.2,Lunch,4,Mon,Sun,16,278278,wisely
2026-01-25T22:20:03+00:00,2026-01-26T16:30:00-05:00,1390,23.2,Dinner,2,Mon,Sun,16,278278,wisely
2026-01-25T22:20:04+00:00,2026-01-26T16:45:00-05:00,1405,23.4,Dinner,2,Mon,Sun,16,278278,wisely
2026-01-25T22:41:38+00:00,2026-01-26T16:45:00-05:00,1383,23.1,Dinner,4,Mon,Sun,16,278278,wisely
2026-01-24T19:59:12+00:00,2026-01-26T17:00:00-05:00,3001,50.0,Dinner,2,Mon,Sat,17,278278,wisely
2026-01-24T19:59:13+00:00,2026-01-26T17:00:00-05:00,3001,50.0,Dinner,4,Mon,Sat,17,278278,wisely
2026-01-25T22:25:25+00:00,2026-01-26T17:15:00-05:00,1430,23.8,Dinner,2,Mon,Sun,17,278278,wisely
2026-01-25T22:41:40+00:00,2026-01-26T17:30:00-05:00,1428,23.8,Dinner,2,Mon,Sun,17,278278,wisely
2026-01-26T00:56:42+00:00,2026-01-26T17:30:00-05:00,1293,21.6,Dinner,4,Mon,Sun,17,278278,wisely
2026-01-25T05:29:46+00:00,2026-01-26T17:45:00-05:00,2475,41.3,Dinner,2,Mon,Sun,17,278278,wisely
2026-01-25T22:20:07+00:00,2026-01-26T18:15:00-05:00,1495,24.9,Dinner,2,Mon,Sun,18,278278,wisely
2026-01-26T05:50:36+00:00,2026-01-26T18:30:00-05:00,1059,17.7,Dinner,2,Mon,Mon,18,278278,wisely
2026-01-26T05:50:37+00:00,2026-01-26T18:30:00-05:00,1059,17.7,Dinner,4,Mon,Mon,18,278278,wisely
2026-01-25T21:42:29+00:00,2026-01-27T00:15:00+00:00,1593,26.5,Dinner,2,Mon,Sun,19,278278,wisely
2026-01-25T22:20:10+00:00,2026-01-26T20:00:00-05:00,1600,26.7,Dinner,2,Mon,Sun,20,278278,wisely
2026-01-26T21:22:04+00:00,2026-01-26T20:15:00-05:00,233,3.9,Dinner,2,Mon,Mon,20,278278,wisely
2026-01-26T21:22:05+00:00,2026-01-26T20:15:00-05:00,233,3.9,Dinner,4,Mon,Mon,20,278278,wisely
2026-01-27T01:01:09+00:00,2026-01-26T20:30:00-05:00,29,0.5,Dinner,2,Mon,Mon,20,278278,wisely
2026-01-27T01:01:10+00:00,2026-01-26T20:30:00-05:00,29,0.5,Dinner,4,Mon,Mon,20,278278,wisely
2026-01-25T23:38:44+00:00,2026-01-26T20:45:00-05:00,1566,26.1,Dinner,2,Mon,Sun,20,278278,wisely
2026-01-25T23:38:45+00:00,2026-01-26T20:45:00-05:00,1566,26.1,Dinner,4,Mon,Sun,20,278278,wisely
2026-01-25T02:32:37+00:00,2026-01-26T21:00:00-05:00,2847,47.5,Dinner,2,Mon,Sat,21,278278,wisely
2026-01-25T02:32:38+00:00,2026-01-26T21:00:00-05:00,2847,47.5,Dinner,4,Mon,Sat,21,278278,wisely
2026-01-25T22:20:13+00:00,2026-01-26T21:15:00-05:00,1675,27.9,Dinner,2,Mon,Sun,21,278278,wisely
2026-01-25T22:20:05+00:00,2026-01-26T21:15:00-05:00,1675,27.9,Dinner,4,Mon,Sun,21,278278,wisely
2026-01-24T17:12:16+00:00,2026-01-26T21:30:00-05:00,3438,57.3,Dinner,2,Mon,Sat,21,278278,wisely
2026-01-25T22:20:06+00:00,2026-01-26T21:30:00-05:00,1690,28.2,Dinner,4,Mon,Sun,21,278278,wisely
2026-01-25T22:42:05+00:00,2026-01-26T21:45:00-05:00,1683,28.0,Dinner,2,Mon,Sun,21,278278,wisely
2026-01-26T19:23:03+00:00,2026-01-27T11:30:00-05:00,1267,21.1,Lunch,2,Tue,Mon,11,278278,wisely
2026-01-26T19:23:05+00:00,2026-01-27T11:30:00-05:00,1267,21.1,Lunch,4,Tue,Mon,11,278278,wisely
2026-01-25T20:58:42+00:00,2026-01-27T16:45:00+00:00,2626,43.8,Lunch,2,Tue,Sun,11,278278,wisely
2026-01-25T20:58:43+00:00,2026-01-27T16:45:00+00:00,2626,43.8,Lunch,4,Tue,Sun,11,278278,wisely
2026-01-26T17:54:00+00:00,2026-01-27T12:00:00-05:00,1386,23.1,Lunch,2,Tue,Mon,12,278278,wisely
2026-01-26T17:54:00+00:00,2026-01-27T12:00:00-05:00,1386,23.1,Lunch,4,Tue,Mon,12,278278,wisely
2026-01-26T15:16:08+00:00,2026-01-27T12:15:00-05:00,1559,26.0,Lunch,2,Tue,Mon,12,278278,wisely
2026-01-26T15:16:11+00:00,2026-01-27T12:15:00-05:00,1559,26.0,Lunch,4,Tue,Mon,12,278278,wisely
2026-01-26T22:19:27+00:00,2026-01-27T12:30:00-05:00,1151,19.2,Lunch,2,Tue,Mon,12,278278,wisely
2026-01-27T05:32:00+00:00,2026-01-27T12:30:00-05:00,718,12.0,Lunch,4,Tue,Tue,12,278278,wisely
2026-01-27T14:03:16+00:00,2026-01-27T12:45:00-05:00,222,3.7,Lunch,2,Tue,Tue,12,278278,wisely
2026-01-27T14:03:17+00:00,2026-01-27T12:45:00-05:00,222,3.7,Lunch,4,Tue,Tue,12,278278,wisely
2026-01-26T15:16:10+00:00,2026-01-27T13:15:00-05:00,1619,27.0,Lunch,2,Tue,Mon,13,278278,wisely
2026-01-26T15:16:11+00:00,2026-01-27T13:15:00-05:00,1619,27.0,Lunch,4,Tue,Mon,13,278278,wisely
2026-01-26T13:49:38+00:00,2026-01-27T13:30:00-05:00,1720,28.7,Lunch,2,Tue,Mon,13,278278,wisely
2026-01-27T16:46:33+00:00,2026-01-27T13:45:00-05:00,118,2.0,Lunch,2,Tue,Tue,13,278278,wisely
2026-01-27T18:24:41+00:00,2026-01-27T18:45:00+00:00,20,0.3,Lunch,4,Tue,Tue,13,278278,wisely
2026-01-26T22:52:55+00:00,2026-01-27T14:00:00-05:00,1207,20.1,Lunch,2,Tue,Mon,14,278278,wisely
2026-01-25T05:30:18+00:00,2026-01-27T14:15:00-05:00,3705,61.7,Lunch,2,Tue,Sun,14,278278,wisely
2026-01-25T05:30:19+00:00,2026-01-27T14:15:00-05:00,3705,61.7,Lunch,4,Tue,Sun,14,278278,wisely
2026-01-25T05:30:18+00:00,2026-01-27T14:30:00-05:00,3720,62.0,Lunch,2,Tue,Sun,14,278278,wisely
2026-01-25T05:30:19+00:00,2026-01-27T14:30:00-05:00,3720,62.0,Lunch,4,Tue,Sun,14,278278,wisely
2026-01-25T05:30:18+00:00,2026-01-27T14:45:00-05:00,3735,62.2,Lunch,2,Tue,Sun,14,278278,wisely
2026-01-25T05:30:19+00:00,2026-01-27T14:45:00-05:00,3735,62.2,Lunch,4,Tue,Sun,14,278278,wisely
2026-01-27T19:31:27+00:00,2026-01-27T15:00:00-05:00,29,0.5,Lunch,2,Tue,Tue,15,278278,wisely
2026-01-27T19:31:28+00:00,2026-01-27T15:00:00-05:00,29,0.5,Lunch,4,Tue,Tue,15,278278,wisely
2026-01-27T19:31:27+00:00,2026-01-27T15:15:00-05:00,44,0.7,Lunch,2,Tue,Tue,15,278278,wisely
2026-01-27T19:31:29+00:00,2026-01-27T15:15:00-05:00,44,0.7,Lunch,4,Tue,Tue,15,278278,wisely
2026-01-27T19:49:42+00:00,2026-01-27T15:30:00-05:00,40,0.7,Lunch,2,Tue,Tue,15,278278,wisely
2026-01-27T19:49:44+00:00,2026-01-27T15:30:00-05:00,40,0.7,Lunch,4,Tue,Tue,15,278278,wisely
2026-01-27T19:49:43+00:00,2026-01-27T15:45:00-05:00,55,0.9,Lunch,2,Tue,Tue,15,278278,wisely
2026-01-27T19:49:44+00:00,2026-01-27T15:45:00-05:00,55,0.9,Lunch,4,Tue,Tue,15,278278,wisely
2026-01-27T21:26:11+00:00,2026-01-27T21:45:00+00:00,19,0.3,Dinner,2,Tue,Tue,16,278278,wisely
2026-01-27T21:45:56+00:00,2026-01-27T17:00:00-05:00,14,0.2,Dinner,2,Tue,Tue,17,278278,wisely
2026-01-25T19:27:06+00:00,2026-01-27T17:15:00-05:00,3048,50.8,Dinner,2,Tue,Sun,17,278278,wisely
2026-01-25T19:27:07+00:00,2026-01-27T17:15:00-05:00,3048,50.8,Dinner,4,Tue,Sun,17,278278,wisely
2026-01-27T22:15:18+00:00,2026-01-27T18:15:00-05:00,60,1.0,Dinner,2,Tue,Tue,18,278278,wisely
2026-01-27T21:53:57+00:00,2026-01-27T18:45:00-05:00,111,1.9,Dinner,2,Tue,Tue,18,278278,wisely
2026-01-27T21:53:58+00:00,2026-01-27T18:45:00-05:00,111,1.9,Dinner,4,Tue,Tue,18,278278,wisely
2026-01-24T19:59:52+00:00,2026-01-27T20:45:00-05:00,4665,77.8,Dinner,2,Tue,Sat,20,278278,wisely
2026-01-24T19:59:52+00:00,2026-01-27T20:45:00-05:00,4665,77.8,Dinner,4,Tue,Sat,20,278278,wisely
2026-01-26T22:19:06+00:00,2026-01-27T21:15:00-05:00,1676,27.9,Dinner,2,Tue,Mon,21,278278,wisely
2026-01-26T22:19:07+00:00,2026-01-27T21:15:00-05:00,1676,27.9,Dinner,4,Tue,Mon,21,278278,wisely
2026-01-25T23:52:34+00:00,2026-01-28T02:30:00+00:00,3037,50.6,Dinner,2,Tue,Sun,21,278278,wisely
2026-01-25T23:52:34+00:00,2026-01-28T02:30:00+00:00,3037,50.6,Dinner,4,Tue,Sun,21,278278,wisely
2026-01-26T17:25:11+00:00,2026-01-27T21:45:00-05:00,2000,33.3,Dinner,2,Tue,Mon,21,278278,wisely
2026-01-26T17:25:12+00:00,2026-01-27T21:45:00-05:00,2000,33.3,Dinner,4,Tue,Mon,21,278278,wisely
2026-01-27T14:48:48+00:00,2026-01-28T11:45:00-05:00,1556,25.9,Lunch,2,Wed,Tue,11,278278,wisely
2026-01-27T14:48:49+00:00,2026-01-28T11:45:00-05:00,1556,25.9,Lunch,4,Wed,Tue,11,278278,wisely
2026-01-28T16:54:25+00:00,2026-01-28T12:15:00-05:00,21,0.3,Lunch,2,Wed,Wed,12,278278,wisely
2026-01-28T16:54:26+00:00,2026-01-28T12:15:00-05:00,21,0.3,Lunch,4,Wed,Wed,12,278278,wisely
2026-01-26T20:54:18+00:00,2026-01-28T18:00:00+00:00,2706,45.1,Lunch,2,Wed,Mon,13,278278,wisely
2026-01-26T20:54:19+00:00,2026-01-28T18:00:00+00:00,2706,45.1,Lunch,4,Wed,Mon,13,278278,wisely
2026-01-27T15:46:49+00:00,2026-01-28T13:15:00-05:00,1588,26.5,Lunch,2,Wed,Tue,13,278278,wisely
2026-01-27T15:46:49+00:00,2026-01-28T13:15:00-05:00,1588,26.5,Lunch,4,Wed,Tue,13,278278,wisely
2026-01-27T22:41:25+00:00,2026-01-28T13:30:00-05:00,1189,19.8,Lunch,2,Wed,Tue,13,278278,wisely
2026-01-27T22:41:25+00:00,2026-01-28T13:30:00-05:00,1189,19.8,Lunch,4,Wed,Tue,13,278278,wisely
2026-01-28T16:54:26+00:00,2026-01-28T13:45:00-05:00,111,1.8,Lunch,2,Wed,Wed,13,278278,wisely
2026-01-28T13:54:54+00:00,2026-01-28T14:15:00-05:00,320,5.3,Lunch,2,Wed,Wed,14,278278,wisely
2026-01-28T13:54:56+00:00,2026-01-28T14:15:00-05:00,320,5.3,Lunch,4,Wed,Wed,14,278278,wisely
2026-01-26T05:20:45+00:00,2026-01-28T14:30:00-05:00,3729,62.2,Lunch,2,Wed,Mon,14,278278,wisely
2026-01-27T22:15:58+00:00,2026-01-28T14:30:00-05:00,1274,21.2,Lunch,4,Wed,Tue,14,278278,wisely
2026-01-26T05:20:46+00:00,2026-01-28T14:45:00-05:00,3744,62.4,Lunch,2,Wed,Mon,14,278278,wisely
2026-01-26T05:20:46+00:00,2026-01-28T14:45:00-05:00,3744,62.4,Lunch,4,Wed,Mon,14,278278,wisely
2026-01-26T05:20:46+00:00,2026-01-28T15:00:00-05:00,3759,62.7,Lunch,2,Wed,Mon,15,278278,wisely
2026-01-26T05:20:46+00:00,2026-01-28T15:00:00-05:00,3759,62.7,Lunch,4,Wed,Mon,15,278278,wisely
2026-01-26T22:44:40+00:00,2026-01-28T15:15:00-05:00,2730,45.5,Lunch,2,Wed,Mon,15,278278,wisely
2026-01-26T05:20:46+00:00,2026-01-28T15:15:00-05:00,3774,62.9,Lunch,4,Wed,Mon,15,278278,wisely
2026-01-26T23:21:51+00:00,2026-01-28T15:30:00-05:00,2708,45.1,Lunch,2,Wed,Mon,15,278278,wisely
2026-01-26T23:21:51+00:00,2026-01-28T15:30:00-05:00,2708,45.1,Lunch,4,Wed,Mon,15,278278,wisely
2026-01-28T20:34:05+00:00,2026-01-28T15:45:00-05:00,11,0.2,Lunch,2,Wed,Wed,15,278278,wisely
2026-01-28T20:34:06+00:00,2026-01-28T15:45:00-05:00,11,0.2,Lunch,4,Wed,Wed,15,278278,wisely
2026-01-26T21:43:38+00:00,2026-01-28T21:30:00+00:00,2866,47.8,Dinner,2,Wed,Mon,16,278278,wisely
2026-01-27T20:30:41+00:00,2026-01-28T16:30:00-05:00,1499,25.0,Dinner,4,Wed,Tue,16,278278,wisely
2026-01-27T23:16:26+00:00,2026-01-28T16:45:00-05:00,1349,22.5,Dinner,2,Wed,Tue,16,278278,wisely
2026-01-27T23:16:28+00:00,2026-01-28T16:45:00-05:00,1349,22.5,Dinner,4,Wed,Tue,16,278278,wisely
2026-01-27T22:15:40+00:00,2026-01-28T17:00:00-05:00,1424,23.7,Dinner,2,Wed,Tue,17,278278,wisely
2026-01-26T18:57:32+00:00,2026-01-28T17:15:00-05:00,3077,51.3,Dinner,2,Wed,Mon,17,278278,wisely
2026-01-26T18:57:32+00:00,2026-01-28T17:15:00-05:00,3077,51.3,Dinner,4,Wed,Mon,17,278278,wisely
2026-01-28T00:50:41+00:00,2026-01-28T23:00:00+00:00,1329,22.2,Dinner,2,Wed,Tue,18,278278,wisely
2026-01-28T00:50:43+00:00,2026-01-28T23:00:00+00:00,1329,22.2,Dinner,4,Wed,Tue,18,278278,wisely
2026-01-27T22:29:54+00:00,2026-01-28T21:00:00-05:00,1650,27.5,Dinner,2,Wed,Tue,21,278278,wisely
2026-01-27T22:15:41+00:00,2026-01-28T21:15:00-05:00,1679,28.0,Dinner,2,Wed,Tue,21,278278,wisely
2026-01-27T22:15:41+00:00,2026-01-28T21:15:00-05:00,1679,28.0,Dinner,4,Wed,Tue,21,278278,wisely
2026-01-26T11:59:49+00:00,2026-01-28T21:30:00-05:00,3750,62.5,Dinner,2,Wed,Mon,21,278278,wisely
2026-01-26T11:59:50+00:00,2026-01-28T21:30:00-05:00,3750,62.5,Dinner,4,Wed,Mon,21,278278,wisely
2026-01-27T23:16:44+00:00,2026-01-28T21:45:00-05:00,1648,27.5,Dinner,2,Wed,Tue,21,278278,wisely
2026-01-27T23:16:44+00:00,2026-01-28T21:45:00-05:00,1648,27.5,Dinner,4,Wed,Tue,21,278278,wisely
2026-01-27T19:00:22+00:00,2026-01-29T11:30:00-05:00,2730,45.5,Lunch,2,Thu,Tue,11,278278,wisely
2026-01-27T19:00:22+00:00,2026-01-29T11:30:00-05:00,2730,45.5,Lunch,4,Thu,Tue,11,278278,wisely
2026-01-29T14:24:03+00:00,2026-01-29T11:45:00-05:00,141,2.3,Lunch,2,Thu,Thu,11,278278,wisely
2026-01-29T14:24:04+00:00,2026-01-29T11:45:00-05:00,141,2.3,Lunch,4,Thu,Thu,11,278278,wisely
2026-01-27T23:33:56+00:00,2026-01-29T12:00:00-05:00,2486,41.4,Lunch,2,Thu,Tue,12,278278,wisely
2026-01-27T23:33:57+00:00,2026-01-29T12:00:00-05:00,2486,41.4,Lunch,4,Thu,Tue,12,278278,wisely
2026-01-27T23:17:33+00:00,2026-01-29T12:30:00-05:00,2532,42.2,Lunch,2,Thu,Tue,12,278278,wisely
2026-01-27T23:17:33+00:00,2026-01-29T12:30:00-05:00,2532,42.2,Lunch,4,Thu,Tue,12,278278,wisely
2026-01-28T22:38:21+00:00,2026-01-29T12:45:00-05:00,1147,19.1,Lunch,2,Thu,Wed,12,278278,wisely
2026-01-28T22:38:22+00:00,2026-01-29T12:45:00-05:00,1147,19.1,Lunch,4,Thu,Wed,12,278278,wisely
2026-01-29T04:14:44+00:00,2026-01-29T13:00:00-05:00,825,13.8,Lunch,2,Thu,Wed,13,278278,wisely
2026-01-28T22:21:55+00:00,2026-01-29T13:15:00-05:00,1193,19.9,Lunch,2,Thu,Wed,13,278278,wisely
2026-01-28T22:21:58+00:00,2026-01-29T13:15:00-05:00,1193,19.9,Lunch,4,Thu,Wed,13,278278,wisely
2026-01-28T22:22:03+00:00,2026-01-29T13:30:00-05:00,1208,20.1,Lunch,2,Thu,Wed,13,278278,wisely
2026-01-28T22:21:58+00:00,2026-01-29T13:30:00-05:00,1208,20.1,Lunch,4,Thu,Wed,13,278278,wisely
2026-01-28T20:34:29+00:00,2026-01-29T13:45:00-05:00,1331,22.2,Lunch,2,Thu,Wed,13,278278,wisely
2026-01-28T20:34:30+00:00,2026-01-29T13:45:00-05:00,1330,22.2,Lunch,4,Thu,Wed,13,278278,wisely
2026-01-28T22:22:09+00:00,2026-01-29T14:15:00-05:00,1253,20.9,Lunch,2,Thu,Wed,14,278278,wisely
2026-01-29T14:24:04+00:00,2026-01-29T14:30:00-05:00,306,5.1,Lunch,2,Thu,Thu,14,278278,wisely
2026-01-29T14:24:05+00:00,2026-01-29T14:30:00-05:00,306,5.1,Lunch,4,Thu,Thu,14,278278,wisely
2026-01-27T14:49:12+00:00,2026-01-29T15:15:00-05:00,3206,53.4,Lunch,2,Thu,Tue,15,278278,wisely
2026-01-27T14:49:13+00:00,2026-01-29T15:15:00-05:00,3206,53.4,Lunch,4,Thu,Tue,15,278278,wisely
2026-01-28T23:14:41+00:00,2026-01-29T15:45:00-05:00,1290,21.5,Lunch,2,Thu,Wed,15,278278,wisely
2026-01-29T19:42:11+00:00,2026-01-29T16:15:00-05:00,93,1.5,Dinner,2,Thu,Thu,16,278278,wisely
2026-01-28T07:18:08+00:00,2026-01-29T16:15:00-05:00,2277,37.9,Lunch,2,Thu,Wed,16,278278,wisely
2026-01-29T20:33:15+00:00,2026-01-29T16:30:00-05:00,57,0.9,Dinner,2,Thu,Thu,16,278278,wisely
2026-01-28T22:21:43+00:00,2026-01-29T16:45:00-05:00,1403,23.4,Dinner,2,Thu,Wed,16,278278,wisely
2026-01-28T22:21:44+00:00,2026-01-29T16:45:00-05:00,1403,23.4,Dinner,4,Thu,Wed,16,278278,wisely
2026-01-29T20:33:16+00:00,2026-01-29T17:00:00-05:00,87,1.4,Dinner,2,Thu,Thu,17,278278,wisely
2026-01-28T22:21:43+00:00,2026-01-29T21:15:00-05:00,1673,27.9,Dinner,2,Thu,Wed,21,278278,wisely
2026-01-29T17:51:36+00:00,2026-01-29T21:30:00-05:00,518,8.6,Dinner,2,Thu,Thu,21,278278,wisely
2026-01-29T17:51:38+00:00,2026-01-29T21:30:00-05:00,518,8.6,Dinner,4,Thu,Thu,21,278278,wisely
2026-01-30T02:21:57+00:00,2026-01-29T21:45:00-05:00,23,0.4,Dinner,2,Thu,Thu,21,278278,wisely
2026-01-30T02:21:59+00:00,2026-01-29T21:45:00-05:00,23,0.4,Dinner,4,Thu,Thu,21,278278,wisely
2026-01-29T22:29:11+00:00,2026-01-30T11:30:00-05:00,1081,18.0,Lunch,2,Fri,Thu,11,278278,wisely
2026-01-29T22:29:12+00:00,2026-01-30T11:30:00-05:00,1081,18.0,Lunch,4,Fri,Thu,11,278278,wisely
2026-01-29T15:06:18+00:00,2026-01-30T11:45:00-05:00,1539,25.6,Lunch,2,Fri,Thu,11,278278,wisely
2026-01-29T15:06:19+00:00,2026-01-30T11:45:00-05:00,1539,25.6,Lunch,4,Fri,Thu,11,278278,wisely
2026-01-28T22:22:20+00:00,2026-01-30T12:00:00-05:00,2558,42.6,Lunch,2,Fri,Wed,12,278278,wisely
2026-01-28T22:22:21+00:00,2026-01-30T12:00:00-05:00,2558,42.6,Lunch,4,Fri,Wed,12,278278,wisely
2026-01-29T02:02:14+00:00,2026-01-30T12:15:00-05:00,2353,39.2,Lunch,2,Fri,Wed,12,278278,wisely
2026-01-29T02:02:14+00:00,2026-01-30T12:15:00-05:00,2353,39.2,Lunch,4,Fri,Wed,12,278278,wisely
2026-01-29T22:56:04+00:00,2026-01-30T17:30:00+00:00,1114,18.6,Lunch,2,Fri,Thu,12,278278,wisely
2026-01-29T22:56:05+00:00,2026-01-30T17:30:00+00:00,1114,18.6,Lunch,4,Fri,Thu,12,278278,wisely
2026-01-29T22:29:17+00:00,2026-01-30T12:45:00-05:00,1156,19.3,Lunch,2,Fri,Thu,12,278278,wisely
2026-01-29T22:29:18+00:00,2026-01-30T12:45:00-05:00,1156,19.3,Lunch,4,Fri,Thu,12,278278,wisely
2026-01-29T17:07:04+00:00,2026-01-30T13:30:00-05:00,1523,25.4,Lunch,2,Fri,Thu,13,278278,wisely
2026-01-29T22:29:20+00:00,2026-01-30T13:45:00-05:00,1216,20.3,Lunch,2,Fri,Thu,13,278278,wisely
2026-01-29T22:29:20+00:00,2026-01-30T13:45:00-05:00,1216,20.3,Lunch,4,Fri,Thu,13,278278,wisely
2026-01-30T18:23:01+00:00,2026-01-30T14:00:00-05:00,37,0.6,Lunch,2,Fri,Fri,14,278278,wisely
2026-01-30T18:23:03+00:00,2026-01-30T14:00:00-05:00,37,0.6,Lunch,4,Fri,Fri,14,278278,wisely
2026-01-29T15:51:12+00:00,2026-01-30T14:15:00-05:00,1644,27.4,Lunch,2,Fri,Thu,14,278278,wisely
2026-01-29T23:22:33+00:00,2026-01-30T14:45:00-05:00,1222,20.4,Lunch,2,Fri,Thu,14,278278,wisely
2026-01-29T23:22:34+00:00,2026-01-30T14:45:00-05:00,1222,20.4,Lunch,4,Fri,Thu,14,278278,wisely
2026-01-29T22:33:37+00:00,2026-01-30T15:00:00-05:00,1286,21.4,Lunch,2,Fri,Thu,15,278278,wisely
2026-01-29T22:33:38+00:00,2026-01-30T15:00:00-05:00,1286,21.4,Lunch,4,Fri,Thu,15,278278,wisely
2026-01-28T16:02:23+00:00,2026-01-30T15:15:00-05:00,3133,52.2,Lunch,2,Fri,Wed,15,278278,wisely
2026-01-28T16:02:24+00:00,2026-01-30T15:15:00-05:00,3133,52.2,Lunch,4,Fri,Wed,15,278278,wisely
2026-01-30T19:08:43+00:00,2026-01-30T16:00:00-05:00,111,1.9,Lunch,2,Fri,Fri,16,278278,wisely
2026-01-30T19:08:44+00:00,2026-01-30T16:00:00-05:00,111,1.9,Lunch,4,Fri,Fri,16,278278,wisely
2026-01-30T14:27:29+00:00,2026-01-30T16:15:00-05:00,408,6.8,Lunch,2,Fri,Fri,16,278278,wisely
2026-01-30T14:27:31+00:00,2026-01-30T16:15:00-05:00,407,6.8,Lunch,4,Fri,Fri,16,278278,wisely
2026-01-30T20:13:31+00:00,2026-01-30T17:00:00-05:00,106,1.8,Dinner,2,Fri,Fri,17,278278,wisely
2026-01-30T20:13:33+00:00,2026-01-30T17:00:00-05:00,106,1.8,Dinner,4,Fri,Fri,17,278278,wisely
2026-01-29T22:28:58+00:00,2026-01-30T21:45:00-05:00,1696,28.3,Dinner,2,Fri,Thu,21,278278,wisely
2026-01-30T22:24:32+00:00,2026-01-31T11:30:00-05:00,1085,18.1,Lunch,2,Sat,Fri,11,278278,wisely
2026-01-30T22:24:34+00:00,2026-01-31T11:30:00-05:00,1085,18.1,Lunch,4,Sat,Fri,11,278278,wisely
2026-01-30T22:24:33+00:00,2026-01-31T11:45:00-05:00,1100,18.3,Lunch,2,Sat,Fri,11,278278,wisely
2026-01-30T22:24:34+00:00,2026-01-31T11:45:00-05:00,1100,18.3,Lunch,4,Sat,Fri,11,278278,wisely
2026-01-30T22:24:33+00:00,2026-01-31T12:30:00-05:00,1145,19.1,Lunch,2,Sat,Fri,12,278278,wisely
2026-01-31T17:44:13+00:00,2026-01-31T13:45:00-05:00,61,1.0,Lunch,2,Sat,Sat,13,278278,wisely
2026-01-31T17:44:14+00:00,2026-01-31T13:45:00-05:00,61,1.0,Lunch,4,Sat,Sat,13,278278,wisely
2026-01-30T22:24:41+00:00,2026-01-31T20:30:00+00:00,1325,22.1,Lunch,2,Sat,Fri,15,278278,wisely
2026-01-30T23:44:02+00:00,2026-01-31T20:45:00+00:00,1261,21.0,Lunch,2,Sat,Fri,15,278278,wisely
2026-01-30T23:44:03+00:00,2026-01-31T20:45:00+00:00,1261,21.0,Lunch,4,Sat,Fri,15,278278,wisely
2026-01-30T22:24:42+00:00,2026-01-31T21:00:00+00:00,1355,22.6,Lunch,2,Sat,Fri,16,278278,wisely
2026-01-30T22:24:34+00:00,2026-01-31T16:00:00-05:00,1355,22.6,Lunch,4,Sat,Fri,16,278278,wisely
2026-02-01T01:27:29+00:00,2026-01-31T21:15:00-05:00,48,0.8,Dinner,2,Sat,Sat,21,278278,wisely
2026-02-01T01:27:30+00:00,2026-01-31T21:15:00-05:00,47,0.8,Dinner,4,Sat,Sat,21,278278,wisely
2026-01-30T22:53:03+00:00,2026-02-01T02:30:00+00:00,1657,27.6,Dinner,2,Sat,Fri,21,278278,wisely
