seen_at_iso,slot_at_iso,lead_minutes,lead_hours,service,party_size,weekday_slot,weekday_seen,hour_slot,merchant_id,source
2026-07-30T06:07:38+00:00,2026-08-01T11:30:00-04:00,3442,57.4,Lunch,2,Sat,Thu,11,278278,wisely
2026-07-30T06:07:39+00:00,2026-08-01T11:45:00-04:00,3457,57.6,Lunch,2,Sat,Thu,11,278278,wisely
2026-07-30T06:07:39+00:00,2026-08-01T11:45:00-04:00,3457,57.6,Lunch,4,Sat,Thu,11,278278,wisely
2026-07-30T06:07:39+00:00,2026-08-01T12:00:00-04:00,3472,57.9,Lunch,2,Sat,Thu,12,278278,wisely
2026-07-30T06:07:39+00:00,2026-08-01T12:00:00-04:00,3472,57.9,Lunch,4,Sat,Thu,12,278278,wisely
2026-07-30T06:07:41+00:00,2026-08-01T12:15:00-04:00,3487,58.1,Lunch,2,Sat,Thu,12,278278,wisely
2026-07-30T06:07:40+00:00,2026-08-01T12:15:00-04:00,3487,58.1,Lunch,4,Sat,Thu,12,278278,wisely
2026-07-30T06:07:42+00:00,2026-08-01T12:45:00-04:00,3517,58.6,Lunch,2,Sat,Thu,12,278278,wisely
2026-07-30T06:07:42+00:00,2026-08-01T12:45:00-04:00,3517,58.6,Lunch,4,Sat,Thu,12,278278,wisely
2026-07-31T07:41:30+00:00,2026-08-01T13:00:00-04:00,1998,33.3,Lunch,2,Sat,Fri,13,278278,wisely
2026-07-31T21:52:35+00:00,2026-08-01T13:15:00-04:00,1162,19.4,Lunch,2,Sat,Fri,13,278278,wisely
2026-07-31T21:52:36+00:00,2026-08-01T13:15:00-04:00,1162,19.4,Lunch,4,Sat,Fri,13,278278,wisely
2026-07-30T06:07:43+00:00,2026-08-01T13:30:00-04:00,3562,59.4,Lunch,2,Sat,Thu,13,278278,wisely
2026-07-30T06:07:43+00:00,2026-08-01T13:30:00-04:00,3562,59.4,Lunch,4,Sat,Thu,13,278278,wisely
2026-07-30T06:07:44+00:00,2026-08-01T13:45:00-04:00,3577,59.6,Lunch,2,Sat,Thu,13,278278,wisely
2026-07-30T06:07:44+00:00,2026-08-01T13:45:00-04:00,3577,59.6,Lunch,4,Sat,Thu,13,278278,wisely
2026-07-30T06:07:45+00:00,2026-08-01T14:00:00-04:00,3592,59.9,Lunch,2,Sat,Thu,14,278278,wisely
2026-07-30T06:07:45+00:00,2026-08-01T14:00:00-04:00,3592,59.9,Lunch,4,Sat,Thu,14,278278,wisely
2026-07-30T06:07:46+00:00,2026-08-01T14:15:00-04:00,3607,60.1,Lunch,2,Sat,Thu,14,278278,wisely
2026-07-30T06:07:46+00:00,2026-08-01T14:15:00-04:00,3607,60.1,Lunch,4,Sat,Thu,14,278278,wisely
2026-07-31T04:47:03+00:00,2026-08-01T14:30:00-04:00,2263,37.7,Lunch,2,Sat,Fri,14,278278,wisely
2026-07-30T23:30:10+00:00,2026-08-01T14:30:00-04:00,2580,43.0,Lunch,4,Sat,Thu,14,278278,wisely
2026-07-31T14:43:02+00:00,2026-08-01T14:45:00-04:00,1682,28.0,Lunch,2,Sat,Fri,14,278278,wisely
2026-07-31T04:47:04+00:00,2026-08-01T14:45:00-04:00,2278,38.0,Lunch,4,Sat,Fri,14,278278,wisely
2026-07-31T16:24:08+00:00,2026-08-01T15:00:00-04:00,1596,26.6,Lunch,2,Sat,Fri,15,278278,wisely
2026-07-31T14:43:03+00:00,2026-08-01T15:00:00-04:00,1697,28.3,Lunch,4,Sat,Fri,15,278278,wisely
2026-08-01T14:49:20+00:00,2026-08-01T15:30:00-04:00,281,4.7,Lunch,2,Sat,Sat,15,278278,wisely
2026-08-01T14:49:21+00:00,2026-08-01T16:00:00-04:00,311,5.2,Lunch,4,Sat,Sat,16,278278,wisely
2026-08-01T15:46:18+00:00,2026-08-01T16:15:00-04:00,269,4.5,Lunch,2,Sat,Sat,16,278278,wisely
2026-08-01T15:46:18+00:00,2026-08-01T16:15:00-04:00,269,4.5,Lunch,4,Sat,Sat,16,278278,wisely
2026-07-31T04:46:49+00:00,2026-08-01T16:45:00-04:00,2398,40.0,Dinner,2,Sat,Fri,16,278278,wisely
2026-07-31T04:46:50+00:00,2026-08-01T16:45:00-04:00,2398,40.0,Dinner,4,Sat,Fri,16,278278,wisely
2026-07-31T14:42:12+00:00,2026-08-01T17:15:00-04:00,1833,30.5,Dinner,2,Sat,Fri,17,278278,wisely
2026-07-31T14:42:13+00:00,2026-08-01T18:15:00-04:00,1893,31.5,Dinner,2,Sat,Fri,18,278278,wisely
2026-07-31T14:42:14+00:00,2026-08-01T18:15:00-04:00,1893,31.5,Dinner,4,Sat,Fri,18,278278,wisely
2026-08-01T04:42:05+00:00,2026-08-01T19:00:00-04:00,1098,18.3,Dinner,2,Sat,Sat,19,278278,wisely
2026-07-31T14:42:13+00:00,2026-08-01T19:45:00-04:00,1983,33.0,Dinner,2,Sat,Fri,19,278278,wisely
2026-07-30T22:48:02+00:00,2026-08-01T20:15:00-04:00,2967,49.4,Dinner,2,Sat,Thu,20,278278,wisely
2026-07-30T22:48:02+00:00,2026-08-01T20:15:00-04:00,2967,49.4,Dinner,4,Sat,Thu,20,278278,wisely
2026-07-31T14:42:20+00:00,2026-08-01T20:30:00-04:00,2028,33.8,Dinner,2,Sat,Fri,20,278278,wisely
2026-07-31T18:04:26+00:00,2026-08-01T20:45:00-04:00,1841,30.7,Dinner,2,Sat,Fri,20,278278,wisely
2026-07-31T18:04:27+00:00,2026-08-01T20:45:00-04:00,1841,30.7,Dinner,4,Sat,Fri,20,278278,wisely
2026-07-31T23:17:11+00:00,2026-08-01T21:00:00-04:00,1543,25.7,Dinner,2,Sat,Fri,21,278278,wisely
2026-07-31T23:17:12+00:00,2026-08-01T21:00:00-04:00,1543,25.7,Dinner,4,Sat,Fri,21,278278,wisely
2026-07-31T21:52:02+00:00,2026-08-01T21:15:00-04:00,1643,27.4,Dinner,2,Sat,Fri,21,278278,wisely
2026-07-31T21:52:03+00:00,2026-08-01T21:15:00-04:00,1643,27.4,Dinner,4,Sat,Fri,21,278278,wisely
2026-07-31T12:21:00+00:00,2026-08-01T21:30:00-04:00,2229,37.1,Dinner,2,Sat,Fri,21,278278,wisely
2026-07-31T12:21:01+00:00,2026-08-01T21:30:00-04:00,2229,37.1,Dinner,4,Sat,Fri,21,278278,wisely
2026-07-31T12:21:01+00:00,2026-08-01T21:45:00-04:00,2244,37.4,Dinner,2,Sat,Fri,21,278278,wisely
2026-07-31T12:21:01+00:00,2026-08-01T21:45:00-04:00,2244,37.4,Dinner,4,Sat,Fri,21,278278,wisely
2026-07-31T04:47:12+00:00,2026-08-02T11:30:00-04:00,3523,58.7,Lunch,2,Sun,Fri,11,278278,wisely
2026-07-31T04:47:13+00:00,2026-08-02T11:30:00-04:00,3523,58.7,Lunch,4,Sun,Fri,11,278278,wisely
2026-07-31T04:47:12+00:00,2026-08-02T11:45:00-04:00,3538,59.0,Lunch,2,Sun,Fri,11,278278,wisely
2026-07-31T04:47:13+00:00,2026-08-02T11:45:00-04:00,3538,59.0,Lunch,4,Sun,Fri,11,278278,wisely
2026-07-31T04:47:13+00:00,2026-08-02T12:00:00-04:00,3553,59.2,Lunch,2,Sun,Fri,12,278278,wisely
2026-07-31T04:47:14+00:00,2026-08-02T12:00:00-04:00,3553,59.2,Lunch,4,Sun,Fri,12,278278,wisely
2026-07-31T04:47:15+00:00,2026-08-02T12:15:00-04:00,3568,59.5,Lunch,2,Sun,Fri,12,278278,wisely
2026-07-31T04:47:15+00:00,2026-08-02T12:15:00-04:00,3568,59.5,Lunch,4,Sun,Fri,12,278278,wisely
2026-07-31T04:47:15+00:00,2026-08-02T12:30:00-04:00,3583,59.7,Lunch,2,Sun,Fri,12,278278,wisely
2026-08-01T21:35:09+00:00,2026-08-02T12:30:00-04:00,1135,18.9,Lunch,4,Sun,Sat,12,278278,wisely
2026-07-31T04:47:16+00:00,2026-08-02T13:00:00-04:00,3613,60.2,Lunch,2,Sun,Fri,13,278278,wisely
2026-08-01T21:52:30+00:00,2026-08-02T13:00:00-04:00,1147,19.1,Lunch,4,Sun,Sat,13,278278,wisely
2026-07-31T04:47:17+00:00,2026-08-02T13:15:00-04:00,3628,60.5,Lunch,2,Sun,Fri,13,278278,wisely
2026-07-31T04:47:17+00:00,2026-08-02T13:15:00-04:00,3628,60.5,Lunch,4,Sun,Fri,13,278278,wisely
2026-07-31T04:47:18+00:00,2026-08-02T13:30:00-04:00,3643,60.7,Lunch,2,Sun,Fri,13,278278,wisely
2026-08-01T15:46:58+00:00,2026-08-02T13:30:00-04:00,1543,25.7,Lunch,4,Sun,Sat,13,278278,wisely
2026-07-31T04:47:19+00:00,2026-08-02T13:45:00-04:00,3658,61.0,Lunch,2,Sun,Fri,13,278278,wisely
2026-07-31T04:47:18+00:00,2026-08-02T13:45:00-04:00,3658,61.0,Lunch,4,Sun,Fri,13,278278,wisely
2026-07-31T04:47:20+00:00,2026-08-02T14:00:00-04:00,3673,61.2,Lunch,2,Sun,Fri,14,278278,wisely
2026-07-31T04:47:19+00:00,2026-08-02T14:00:00-04:00,3673,61.2,Lunch,4,Sun,Fri,14,278278,wisely
2026-07-31T04:47:20+00:00,2026-08-02T14:15:00-04:00,3688,61.5,Lunch,2,Sun,Fri,14,278278,wisely
2026-07-31T04:47:21+00:00,2026-08-02T14:15:00-04:00,3688,61.5,Lunch,4,Sun,Fri,14,278278,wisely
2026-08-01T19:54:03+00:00,2026-08-02T14:45:00-04:00,1371,22.8,Lunch,4,Sun,Sat,14,278278,wisely
2026-08-02T11:00:55+00:00,2026-08-02T15:00:00-04:00,479,8.0,Lunch,2,Sun,Sun,15,278278,wisely
2026-08-02T11:00:39+00:00,2026-08-02T15:00:00-04:00,479,8.0,Lunch,4,Sun,Sun,15,278278,wisely
2026-08-02T04:42:35+00:00,2026-08-02T15:15:00-04:00,872,14.5,Lunch,2,Sun,Sun,15,278278,wisely
2026-08-02T04:42:31+00:00,2026-08-02T15:15:00-04:00,872,14.5,Lunch,4,Sun,Sun,15,278278,wisely
2026-08-02T07:18:53+00:00,2026-08-02T16:15:00-04:00,776,12.9,Lunch,4,Sun,Sun,16,278278,wisely
2026-08-02T04:42:19+00:00,2026-08-02T16:30:00-04:00,948,15.8,Dinner,2,Sun,Sun,16,278278,wisely
2026-08-02T04:42:22+00:00,2026-08-02T16:30:00-04:00,948,15.8,Dinner,4,Sun,Sun,16,278278,wisely
2026-08-01T16:42:06+00:00,2026-08-02T16:45:00-04:00,1683,28.0,Dinner,2,Sun,Sat,16,278278,wisely
2026-08-01T16:42:08+00:00,2026-08-02T16:45:00-04:00,1683,28.0,Dinner,4,Sun,Sat,16,278278,wisely
2026-08-01T21:52:07+00:00,2026-08-02T17:00:00-04:00,1388,23.1,Dinner,2,Sun,Sat,17,278278,wisely
2026-08-01T21:52:09+00:00,2026-08-02T17:00:00-04:00,1388,23.1,Dinner,4,Sun,Sat,17,278278,wisely
2026-07-30T20:23:39+00:00,2026-08-02T17:15:00-04:00,4371,72.9,Dinner,2,Sun,Thu,17,278278,wisely
2026-07-30T20:23:40+00:00,2026-08-02T17:15:00-04:00,4371,72.9,Dinner,4,Sun,Thu,17,278278,wisely
2026-08-01T16:42:06+00:00,2026-08-02T18:15:00-04:00,1773,29.5,Dinner,2,Sun,Sat,18,278278,wisely
2026-08-01T16:42:08+00:00,2026-08-02T18:15:00-04:00,1773,29.5,Dinner,4,Sun,Sat,18,278278,wisely
2026-08-01T04:42:25+00:00,2026-08-02T19:00:00-04:00,2538,42.3,Dinner,2,Sun,Sat,19,278278,wisely
2026-08-01T04:42:26+00:00,2026-08-02T19:00:00-04:00,2538,42.3,Dinner,4,Sun,Sat,19,278278,wisely
2026-08-02T04:42:20+00:00,2026-08-02T20:15:00-04:00,1173,19.5,Dinner,2,Sun,Sun,20,278278,wisely
2026-08-02T04:42:22+00:00,2026-08-02T20:15:00-04:00,1173,19.5,Dinner,4,Sun,Sun,20,278278,wisely
2026-08-01T04:42:25+00:00,2026-08-02T20:30:00-04:00,2628,43.8,Dinner,2,Sun,Sat,20,278278,wisely
2026-08-01T04:42:26+00:00,2026-08-02T20:30:00-04:00,2628,43.8,Dinner,4,Sun,Sat,20,278278,wisely
2026-08-02T20:56:06+00:00,2026-08-02T20:45:00-04:00,229,3.8,Dinner,2,Sun,Sun,20,278278,wisely
2026-08-02T20:56:07+00:00,2026-08-02T20:45:00-04:00,229,3.8,Dinner,4,Sun,Sun,20,278278,wisely
2026-07-30T06:07:47+00:00,2026-08-02T21:00:00-04:00,5452,90.9,Dinner,2,Sun,Thu,21,278278,wisely
2026-07-30T06:07:47+00:00,2026-08-02T21:00:00-04:00,5452,90.9,Dinner,4,Sun,Thu,21,278278,wisely
2026-07-30T06:07:47+00:00,2026-08-02T21:15:00-04:00,5467,91.1,Dinner,2,Sun,Thu,21,278278,wisely
2026-07-30T06:07:48+00:00,2026-08-02T21:15:00-04:00,5467,91.1,Dinner,4,Sun,Thu,21,278278,wisely
2026-08-01T04:42:57+00:00,2026-08-03T11:30:00-04:00,3527,58.8,Lunch,2,Mon,Sat,11,278278,wisely
2026-08-01T04:42:58+00:00,2026-08-03T11:30:00-04:00,3527,58.8,Lunch,4,Mon,Sat,11,278278,wisely
2026-08-01T04:42:57+00:00,2026-08-03T11:45:00-04:00,3542,59.0,Lunch,2,Mon,Sat,11,278278,wisely
2026-08-01T04:42:58+00:00,2026-08-03T11:45:00-04:00,3542,59.0,Lunch,4,Mon,Sat,11,278278,wisely
2026-08-01T04:42:57+00:00,2026-08-03T12:00:00-04:00,3557,59.3,Lunch,2,Mon,Sat,12,278278,wisely
2026-08-01T04:42:58+00:00,2026-08-03T12:00:00-04:00,3557,59.3,Lunch,4,Mon,Sat,12,278278,wisely
2026-08-01T04:43:00+00:00,2026-08-03T12:15:00-04:00,3572,59.5,Lunch,2,Mon,Sat,12,278278,wisely
2026-08-01T04:43:00+00:00,2026-08-03T12:15:00-04:00,3572,59.5,Lunch,4,Mon,Sat,12,278278,wisely
2026-08-01T04:43:01+00:00,2026-08-03T12:30:00-04:00,3587,59.8,Lunch,2,Mon,Sat,12,278278,wisely
2026-08-01T04:43:01+00:00,2026-08-03T12:30:00-04:00,3587,59.8,Lunch,4,Mon,Sat,12,278278,wisely
2026-08-01T04:43:02+00:00,2026-08-03T12:45:00-04:00,3602,60.0,Lunch,2,Mon,Sat,12,278278,wisely
2026-08-03T01:14:28+00:00,2026-08-03T12:45:00-04:00,931,15.5,Lunch,4,Mon,Sun,12,278278,wisely
2026-08-01T04:43:02+00:00,2026-08-03T13:00:00-04:00,3617,60.3,Lunch,2,Mon,Sat,13,278278,wisely
2026-08-01T04:43:03+00:00,2026-08-03T13:00:00-04:00,3617,60.3,Lunch,4,Mon,Sat,13,278278,wisely
2026-08-01T04:43:03+00:00,2026-08-03T13:15:00-04:00,3632,60.5,Lunch,2,Mon,Sat,13,278278,wisely
2026-08-01T04:43:04+00:00,2026-08-03T13:15:00-04:00,3632,60.5,Lunch,4,Mon,Sat,13,278278,wisely
2026-08-01T04:43:04+00:00,2026-08-03T13:30:00-04:00,3647,60.8,Lunch,2,Mon,Sat,13,278278,wisely
2026-08-01T04:43:05+00:00,2026-08-03T13:30:00-04:00,3647,60.8,Lunch,4,Mon,Sat,13,278278,wisely
2026-08-01T04:43:05+00:00,2026-08-03T13:45:00-04:00,3662,61.0,Lunch,2,Mon,Sat,13,278278,wisely
2026-08-01T04:43:06+00:00,2026-08-03T13:45:00-04:00,3662,61.0,Lunch,4,Mon,Sat,13,278278,wisely
2026-08-01T04:43:06+00:00,2026-08-03T14:00:00-04:00,3677,61.3,Lunch,2,Mon,Sat,14,278278,wisely
2026-08-01T04:43:07+00:00,2026-08-03T14:00:00-04:00,3677,61.3,Lunch,4,Mon,Sat,14,278278,wisely
2026-08-01T04:43:07+00:00,2026-08-03T14:15:00-04:00,3692,61.5,Lunch,2,Mon,Sat,14,278278,wisely
2026-08-01T04:43:08+00:00,2026-08-03T14:15:00-04:00,3692,61.5,Lunch,4,Mon,Sat,14,278278,wisely
2026-08-03T18:24:52+00:00,2026-08-03T14:45:00-04:00,20,0.3,Lunch,2,Mon,Mon,14,278278,wisely
2026-08-03T18:24:53+00:00,2026-08-03T14:45:00-04:00,20,0.3,Lunch,4,Mon,Mon,14,278278,wisely
2026-08-03T18:24:52+00:00,2026-08-03T15:15:00-04:00,50,0.8,Lunch,2,Mon,Mon,15,278278,wisely
2026-08-03T18:24:53+00:00,2026-08-03T15:15:00-04:00,50,0.8,Lunch,4,Mon,Mon,15,278278,wisely
2026-08-03T18:24:52+00:00,2026-08-03T15:30:00-04:00,65,1.1,Lunch,2,Mon,Mon,15,278278,wisely
2026-08-03T18:24:53+00:00,2026-08-03T15:30:00-04:00,65,1.1,Lunch,4,Mon,Mon,15,278278,wisely
2026-08-01T15:47:22+00:00,2026-08-03T16:45:00-04:00,3178,53.0,Dinner,2,Mon,Sat,16,278278,wisely
2026-08-01T15:47:23+00:00,2026-08-03T16:45:00-04:00,3178,53.0,Dinner,4,Mon,Sat,16,278278,wisely
2026-08-02T07:19:06+00:00,2026-08-03T17:15:00-04:00,2276,37.9,Dinner,2,Mon,Sun,17,278278,wisely
2026-07-31T07:42:27+00:00,2026-08-03T17:45:00-04:00,5163,86.0,Dinner,2,Mon,Fri,17,278278,wisely
2026-08-02T21:58:34+00:00,2026-08-03T19:15:00-04:00,1516,25.3,Dinner,2,Mon,Sun,19,278278,wisely
2026-08-02T21:58:34+00:00,2026-08-03T19:15:00-04:00,1516,25.3,Dinner,4,Mon,Sun,19,278278,wisely
2026-08-01T14:50:23+00:00,2026-08-03T20:15:00-04:00,3445,57.4,Dinner,2,Mon,Sat,20,278278,wisely
2026-08-01T14:50:24+00:00,2026-08-03T20:15:00-04:00,3445,57.4,Dinner,4,Mon,Sat,20,278278,wisely
2026-08-03T11:48:11+00:00,2026-08-03T20:30:00-04:00,762,12.7,Dinner,2,Mon,Mon,20,278278,wisely
2026-08-03T11:48:13+00:00,2026-08-03T20:30:00-04:00,762,12.7,Dinner,4,Mon,Mon,20,278278,wisely
2026-07-31T04:47:21+00:00,2026-08-03T21:15:00-04:00,5548,92.5,Dinner,2,Mon,Fri,21,278278,wisely
2026-07-31T04:47:22+00:00,2026-08-03T21:15:00-04:00,5548,92.5,Dinner,4,Mon,Fri,21,278278,wisely
2026-07-31T04:47:21+00:00,2026-08-03T21:30:00-04:00,5563,92.7,Dinner,2,Mon,Fri,21,278278,wisely
2026-07-31T04:47:22+00:00,2026-08-03T21:30:00-04:00,5563,92.7,Dinner,4,Mon,Fri,21,278278,wisely
2026-07-31T04:47:21+00:00,2026-08-03T21:45:00-04:00,5578,93.0,Dinner,2,Mon,Fri,21,278278,wisely
2026-07-31T04:47:22+00:00,2026-08-03T21:45:00-04:00,5578,93.0,Dinner,4,Mon,Fri,21,278278,wisely
2026-08-02T04:43:03+00:00,2026-08-04T11:30:00-04:00,3527,58.8,Lunch,2,Tue,Sun,11,278278,wisely
2026-08-02T04:43:04+00:00,2026-08-04T11:30:00-04:00,3527,58.8,Lunch,4,Tue,Sun,11,278278,wisely
2026-08-02T04:43:03+00:00,2026-08-04T11:45:00-04:00,3542,59.0,Lunch,2,Tue,Sun,11,278278,wisely
2026-08-02T04:43:04+00:00,2026-08-04T11:45:00-04:00,3542,59.0,Lunch,4,Tue,Sun,11,278278,wisely
2026-08-03T18:25:21+00:00,2026-08-04T12:30:00-04:00,1325,22.1,Lunch,2,Tue,Mon,12,278278,wisely
2026-08-03T18:25:22+00:00,2026-08-04T12:30:00-04:00,1325,22.1,Lunch,4,Tue,Mon,12,278278,wisely
2026-08-03T14:07:02+00:00,2026-08-04T13:00:00-04:00,1613,26.9,Lunch,2,Tue,Mon,13,278278,wisely
2026-08-03T14:07:03+00:00,2026-08-04T13:00:00-04:00,1613,26.9,Lunch,4,Tue,Mon,13,278278,wisely
2026-08-02T04:43:04+00:00,2026-08-04T13:15:00-04:00,3632,60.5,Lunch,2,Tue,Sun,13,278278,wisely
2026-08-02T04:43:05+00:00,2026-08-04T13:15:00-04:00,3632,60.5,Lunch,4,Tue,Sun,13,278278,wisely
2026-08-02T04:43:07+00:00,2026-08-04T13:30:00-04:00,3647,60.8,Lunch,2,Tue,Sun,13,278278,wisely
2026-08-02T04:43:07+00:00,2026-08-04T13:30:00-04:00,3647,60.8,Lunch,4,Tue,Sun,13,278278,wisely
2026-08-02T04:43:07+00:00,2026-08-04T13:45:00-04:00,3662,61.0,Lunch,2,Tue,Sun,13,278278,wisely
2026-08-02T04:43:08+00:00,2026-08-04T13:45:00-04:00,3662,61.0,Lunch,4,Tue,Sun,13,278278,wisely
2026-08-02T04:43:09+00:00,2026-08-04T14:00:00-04:00,3677,61.3,Lunch,2,Tue,Sun,14,278278,wisely
2026-08-02T04:43:09+00:00,2026-08-04T14:00:00-04:00,3677,61.3,Lunch,4,Tue,Sun,14,278278,wisely
2026-08-02T04:43:10+00:00,2026-08-04T14:15:00-04:00,3692,61.5,Lunch,2,Tue,Sun,14,278278,wisely
2026-08-02T04:43:10+00:00,2026-08-04T14:15:00-04:00,3692,61.5,Lunch,4,Tue,Sun,14,278278,wisely
2026-08-03T20:12:43+00:00,2026-08-04T14:30:00-04:00,1337,22.3,Lunch,2,Tue,Mon,14,278278,wisely
2026-08-03T20:12:44+00:00,2026-08-04T14:30:00-04:00,1337,22.3,Lunch,4,Tue,Mon,14,278278,wisely
2026-08-04T16:31:02+00:00,2026-08-04T14:45:00-04:00,134,2.2,Lunch,2,Tue,Tue,14,278278,wisely
2026-08-04T16:31:03+00:00,2026-08-04T14:45:00-04:00,134,2.2,Lunch,4,Tue,Tue,14,278278,wisely
2026-08-04T18:12:24+00:00,2026-08-04T15:00:00-04:00,48,0.8,Lunch,2,Tue,Tue,15,278278,wisely
2026-08-04T18:12:26+00:00,2026-08-04T15:00:00-04:00,48,0.8,Lunch,4,Tue,Tue,15,278278,wisely
2026-08-03T16:37:33+00:00,2026-08-04T16:30:00-04:00,1672,27.9,Dinner,2,Tue,Mon,16,278278,wisely
2026-08-03T14:06:46+00:00,2026-08-04T17:00:00-04:00,1853,30.9,Dinner,2,Tue,Mon,17,278278,wisely
2026-08-03T18:25:01+00:00,2026-08-04T17:00:00-04:00,1595,26.6,Dinner,4,Tue,Mon,17,278278,wisely
2026-08-02T14:52:38+00:00,2026-08-04T18:45:00-04:00,3352,55.9,Dinner,2,Tue,Sun,18,278278,wisely
2026-08-02T14:52:39+00:00,2026-08-04T18:45:00-04:00,3352,55.9,Dinner,4,Tue,Sun,18,278278,wisely
2026-08-03T08:16:48+00:00,2026-08-04T20:45:00-04:00,2428,40.5,Dinner,2,Tue,Mon,20,278278,wisely
2026-08-03T14:06:47+00:00,2026-08-04T20:45:00-04:00,2078,34.6,Dinner,4,Tue,Mon,20,278278,wisely
2026-08-03T14:06:47+00:00,2026-08-04T21:00:00-04:00,2093,34.9,Dinner,2,Tue,Mon,21,278278,wisely
2026-08-03T14:06:48+00:00,2026-08-04T21:00:00-04:00,2093,34.9,Dinner,4,Tue,Mon,21,278278,wisely
2026-08-01T04:43:08+00:00,2026-08-04T21:30:00-04:00,5567,92.8,Dinner,2,Tue,Sat,21,278278,wisely
2026-08-01T04:43:09+00:00,2026-08-04T21:30:00-04:00,5567,92.8,Dinner,4,Tue,Sat,21,278278,wisely
2026-08-01T04:43:08+00:00,2026-08-04T21:45:00-04:00,5582,93.0,Dinner,2,Tue,Sat,21,278278,wisely
2026-08-01T04:43:09+00:00,2026-08-04T21:45:00-04:00,5582,93.0,Dinner,4,Tue,Sat,21,278278,wisely
2026-08-03T04:51:26+00:00,2026-08-05T11:30:00-04:00,3519,58.6,Lunch,2,Wed,Mon,11,278278,wisely
2026-08-03T04:51:27+00:00,2026-08-05T11:30:00-04:00,3519,58.6,Lunch,4,Wed,Mon,11,278278,wisely
2026-08-04T20:03:29+00:00,2026-08-05T11:45:00-04:00,1182,19.7,Lunch,2,Wed,Tue,11,278278,wisely
2026-08-04T20:03:30+00:00,2026-08-05T11:45:00-04:00,1181,19.7,Lunch,4,Wed,Tue,11,278278,wisely
2026-08-04T14:43:51+00:00,2026-08-05T12:15:00-04:00,1531,25.5,Lunch,2,Wed,Tue,12,278278,wisely
2026-08-04T14:43:52+00:00,2026-08-05T12:15:00-04:00,1531,25.5,Lunch,4,Wed,Tue,12,278278,wisely
2026-08-03T04:51:26+00:00,2026-08-05T13:15:00-04:00,3624,60.4,Lunch,2,Wed,Mon,13,278278,wisely
2026-08-03T04:51:27+00:00,2026-08-05T13:30:00-04:00,3639,60.6,Lunch,2,Wed,Mon,13,278278,wisely
2026-08-03T21:05:02+00:00,2026-08-05T13:30:00-04:00,2665,44.4,Lunch,4,Wed,Mon,13,278278,wisely
2026-08-03T04:51:29+00:00,2026-08-05T13:45:00-04:00,3654,60.9,Lunch,2,Wed,Mon,13,278278,wisely
2026-08-03T04:51:27+00:00,2026-08-05T13:45:00-04:00,3654,60.9,Lunch,4,Wed,Mon,13,278278,wisely
2026-08-03T04:51:31+00:00,2026-08-05T14:00:00-04:00,3668,61.1,Lunch,2,Wed,Mon,14,278278,wisely
2026-08-03T04:51:27+00:00,2026-08-05T14:00:00-04:00,3669,61.1,Lunch,4,Wed,Mon,14,278278,wisely
2026-08-03T04:51:32+00:00,2026-08-05T14:15:00-04:00,3683,61.4,Lunch,2,Wed,Mon,14,278278,wisely
2026-08-03T04:51:30+00:00,2026-08-05T14:15:00-04:00,3683,61.4,Lunch,4,Wed,Mon,14,278278,wisely
2026-08-05T01:00:55+00:00,2026-08-05T18:30:00+00:00,1049,17.5,Lunch,2,Wed,Tue,14,278278,wisely
2026-08-03T20:13:24+00:00,2026-08-05T14:30:00-04:00,2777,46.3,Lunch,4,Wed,Mon,14,278278,wisely
2026-08-05T01:00:56+00:00,2026-08-05T18:45:00+00:00,1064,17.7,Lunch,2,Wed,Tue,14,278278,wisely
2026-08-05T01:00:57+00:00,2026-08-05T18:45:00+00:00,1064,17.7,Lunch,4,Wed,Tue,14,278278,wisely
2026-08-05T17:55:52+00:00,2026-08-05T15:00:00-04:00,64,1.1,Lunch,2,Wed,Wed,15,278278,wisely
2026-08-05T17:55:53+00:00,2026-08-05T15:00:00-04:00,64,1.1,Lunch,4,Wed,Wed,15,278278,wisely
2026-08-05T17:55:52+00:00,2026-08-05T15:15:00-04:00,79,1.3,Lunch,2,Wed,Wed,15,278278,wisely
2026-08-05T17:55:53+00:00,2026-08-05T15:15:00-04:00,79,1.3,Lunch,4,Wed,Wed,15,278278,wisely
2026-08-05T19:23:52+00:00,2026-08-05T15:45:00-04:00,21,0.4,Lunch,2,Wed,Wed,15,278278,wisely
2026-08-05T19:23:53+00:00,2026-08-05T15:45:00-04:00,21,0.4,Lunch,4,Wed,Wed,15,278278,wisely
2026-08-03T18:25:34+00:00,2026-08-05T16:45:00-04:00,3019,50.3,Dinner,2,Wed,Mon,16,278278,wisely
2026-08-04T14:43:41+00:00,2026-08-05T16:45:00-04:00,1801,30.0,Dinner,4,Wed,Tue,16,278278,wisely
2026-08-03T23:30:17+00:00,2026-08-05T17:00:00-04:00,2730,45.5,Dinner,2,Wed,Mon,17,278278,wisely
2026-08-04T01:11:37+00:00,2026-08-05T20:00:00-04:00,2808,46.8,Dinner,2,Wed,Mon,20,278278,wisely
2026-08-04T22:30:01+00:00,2026-08-05T20:30:00-04:00,1560,26.0,Dinner,2,Wed,Tue,20,278278,wisely
2026-08-04T22:30:03+00:00,2026-08-05T20:30:00-04:00,1560,26.0,Dinner,4,Wed,Tue,20,278278,wisely
2026-08-04T14:43:39+00:00,2026-08-05T20:45:00-04:00,2041,34.0,Dinner,2,Wed,Tue,20,278278,wisely
2026-08-04T14:43:41+00:00,2026-08-05T20:45:00-04:00,2041,34.0,Dinner,4,Wed,Tue,20,278278,wisely
2026-08-04T14:43:40+00:00,2026-08-05T21:00:00-04:00,2056,34.3,Dinner,2,Wed,Tue,21,278278,wisely
2026-08-04T14:43:41+00:00,2026-08-05T21:00:00-04:00,2056,34.3,Dinner,4,Wed,Tue,21,278278,wisely
2026-08-02T04:43:11+00:00,2026-08-05T21:15:00-04:00,5552,92.5,Dinner,2,Wed,Sun,21,278278,wisely
2026-08-02T04:43:12+00:00,2026-08-05T21:15:00-04:00,5552,92.5,Dinner,4,Wed,Sun,21,278278,wisely
2026-08-02T04:43:11+00:00,2026-08-05T21:30:00-04:00,5567,92.8,Dinner,2,Wed,Sun,21,278278,wisely
2026-08-02T04:43:12+00:00,2026-08-05T21:30:00-04:00,5567,92.8,Dinner,4,Wed,Sun,21,278278,wisely
2026-08-02T04:43:11+00:00,2026-08-05T21:45:00-04:00,5582,93.0,Dinner,2,Wed,Sun,21,278278,wisely
2026-08-02T04:43:12+00:00,2026-08-05T21:45:00-04:00,5582,93.0,Dinner,4,Wed,Sun,21,278278,wisely
2026-08-04T04:29:34+00:00,2026-08-06T11:30:00-04:00,3540,59.0,Lunch,2,Thu,Tue,11,278278,wisely
2026-08-04T04:29:35+00:00,2026-08-06T11:30:00-04:00,3540,59.0,Lunch,4,Thu,Tue,11,278278,wisely
2026-08-04T04:29:35+00:00,2026-08-06T11:45:00-04:00,3555,59.3,Lunch,2,Thu,Tue,11,278278,wisely
2026-08-04T04:29:35+00:00,2026-08-06T11:45:00-04:00,3555,59.3,Lunch,4,Thu,Tue,11,278278,wisely
2026-08-04T16:33:10+00:00,2026-08-06T12:00:00-04:00,2847,47.4,Lunch,2,Thu,Tue,12,278278,wisely
2026-08-04T16:33:12+00:00,2026-08-06T12:00:00-04:00,2847,47.4,Lunch,4,Thu,Tue,12,278278,wisely
2026-08-04T04:29:35+00:00,2026-08-06T12:15:00-04:00,3585,59.8,Lunch,2,Thu,Tue,12,278278,wisely
2026-08-05T21:57:04+00:00,2026-08-06T12:15:00-04:00,1098,18.3,Lunch,4,Thu,Wed,12,278278,wisely
2026-08-05T14:29:11+00:00,2026-08-06T12:30:00-04:00,1561,26.0,Lunch,2,Thu,Wed,12,278278,wisely
2026-08-05T14:29:14+00:00,2026-08-06T12:30:00-04:00,1561,26.0,Lunch,4,Thu,Wed,12,278278,wisely
2026-08-04T04:29:37+00:00,2026-08-06T12:45:00-04:00,3615,60.3,Lunch,2,Thu,Tue,12,278278,wisely
2026-08-04T04:29:38+00:00,2026-08-06T13:00:00-04:00,3630,60.5,Lunch,2,Thu,Tue,13,278278,wisely
2026-08-04T21:14:04+00:00,2026-08-06T13:00:00-04:00,2626,43.8,Lunch,4,Thu,Tue,13,278278,wisely
2026-08-04T04:29:39+00:00,2026-08-06T13:15:00-04:00,3645,60.8,Lunch,2,Thu,Tue,13,278278,wisely
2026-08-04T04:29:35+00:00,2026-08-06T13:15:00-04:00,3645,60.8,Lunch,4,Thu,Tue,13,278278,wisely
2026-08-04T04:29:40+00:00,2026-08-06T13:30:00-04:00,3660,61.0,Lunch,2,Thu,Tue,13,278278,wisely
2026-08-04T04:29:38+00:00,2026-08-06T13:30:00-04:00,3660,61.0,Lunch,4,Thu,Tue,13,278278,wisely
2026-08-04T04:29:40+00:00,2026-08-06T13:45:00-04:00,3675,61.3,Lunch,2,Thu,Tue,13,278278,wisely
2026-08-04T04:29:39+00:00,2026-08-06T13:45:00-04:00,3675,61.3,Lunch,4,Thu,Tue,13,278278,wisely
2026-08-04T04:29:41+00:00,2026-08-06T14:00:00-04:00,3690,61.5,Lunch,2,Thu,Tue,14,278278,wisely
2026-08-04T04:29:41+00:00,2026-08-06T14:00:00-04:00,3690,61.5,Lunch,4,Thu,Tue,14,278278,wisely
2026-08-04T04:29:41+00:00,2026-08-06T14:15:00-04:00,3705,61.8,Lunch,2,Thu,Tue,14,278278,wisely
2026-08-04T04:29:42+00:00,2026-08-06T14:15:00-04:00,3705,61.8,Lunch,4,Thu,Tue,14,278278,wisely
2026-08-04T20:03:53+00:00,2026-08-06T16:45:00-04:00,2921,48.7,Dinner,2,Thu,Tue,16,278278,wisely
2026-08-05T14:29:02+00:00,2026-08-06T16:45:00-04:00,1816,30.3,Dinner,4,Thu,Wed,16,278278,wisely
2026-08-05T16:16:24+00:00,2026-08-06T17:00:00-04:00,1724,28.7,Dinner,2,Thu,Wed,17,278278,wisely
2026-08-05T16:16:26+00:00,2026-08-06T17:00:00-04:00,1724,28.7,Dinner,4,Thu,Wed,17,278278,wisely
2026-08-05T21:56:54+00:00,2026-08-06T17:15:00-04:00,1398,23.3,Dinner,2,Thu,Wed,17,278278,wisely
2026-08-05T21:56:55+00:00,2026-08-06T17:15:00-04:00,1398,23.3,Dinner,4,Thu,Wed,17,278278,wisely
2026-08-06T05:28:11+00:00,2026-08-06T17:45:00-04:00,977,16.3,Dinner,2,Thu,Thu,17,278278,wisely
2026-08-06T02:14:41+00:00,2026-08-06T19:15:00-04:00,1260,21.0,Dinner,2,Thu,Wed,19,278278,wisely
2026-08-06T02:14:43+00:00,2026-08-06T19:15:00-04:00,1260,21.0,Dinner,4,Thu,Wed,19,278278,wisely
2026-08-03T14:08:17+00:00,2026-08-06T20:15:00-04:00,4927,82.1,Dinner,2,Thu,Mon,20,278278,wisely
2026-08-03T14:08:18+00:00,2026-08-06T20:15:00-04:00,4927,82.1,Dinner,4,Thu,Mon,20,278278,wisely
2026-08-05T22:21:12+00:00,2026-08-06T20:30:00-04:00,1569,26.1,Dinner,2,Thu,Wed,20,278278,wisely
2026-08-05T22:21:13+00:00,2026-08-06T20:30:00-04:00,1569,26.1,Dinner,4,Thu,Wed,20,278278,wisely
2026-08-05T14:29:01+00:00,2026-08-06T20:45:00-04:00,2056,34.3,Dinner,2,Thu,Wed,20,278278,wisely
2026-08-05T14:29:02+00:00,2026-08-06T21:00:00-04:00,2071,34.5,Dinner,2,Thu,Wed,21,278278,wisely
2026-08-05T14:29:03+00:00,2026-08-06T21:00:00-04:00,2071,34.5,Dinner,4,Thu,Wed,21,278278,wisely
2026-08-03T20:13:31+00:00,2026-08-06T21:15:00-04:00,4621,77.0,Dinner,2,Thu,Mon,21,278278,wisely
2026-08-03T20:13:32+00:00,2026-08-06T21:15:00-04:00,4621,77.0,Dinner,4,Thu,Mon,21,278278,wisely
2026-08-03T04:51:32+00:00,2026-08-06T21:30:00-04:00,5558,92.6,Dinner,2,Thu,Mon,21,278278,wisely
2026-08-03T04:51:33+00:00,2026-08-06T21:30:00-04:00,5558,92.6,Dinner,4,Thu,Mon,21,278278,wisely
2026-08-03T04:51:33+00:00,2026-08-06T21:45:00-04:00,5573,92.9,Dinner,2,Thu,Mon,21,278278,wisely
2026-08-03T04:51:33+00:00,2026-08-06T21:45:00-04:00,5573,92.9,Dinner,4,Thu,Mon,21,278278,wisely
2026-08-05T04:24:19+00:00,2026-08-07T11:30:00-04:00,3546,59.1,Lunch,2,Fri,Wed,11,278278,wisely
2026-08-05T04:24:21+00:00,2026-08-07T11:30:00-04:00,3546,59.1,Lunch,4,Fri,Wed,11,278278,wisely
2026-08-05T04:24:20+00:00,2026-08-07T11:45:00-04:00,3561,59.3,Lunch,2,Fri,Wed,11,278278,wisely
2026-08-05T04:24:22+00:00,2026-08-07T11:45:00-04:00,3561,59.3,Lunch,4,Fri,Wed,11,278278,wisely
2026-08-07T00:19:11+00:00,2026-08-07T12:00:00-04:00,941,15.7,Lunch,2,Fri,Thu,12,278278,wisely
2026-08-07T00:19:12+00:00,2026-08-07T12:00:00-04:00,941,15.7,Lunch,4,Fri,Thu,12,278278,wisely
2026-08-05T04:24:21+00:00,2026-08-07T12:15:00-04:00,3591,59.8,Lunch,2,Fri,Wed,12,278278,wisely
2026-08-07T15:33:21+00:00,2026-08-07T12:15:00-04:00,42,0.7,Lunch,4,Fri,Fri,12,278278,wisely
2026-08-05T20:45:07+00:00,2026-08-07T12:30:00-04:00,2625,43.7,Lunch,2,Fri,Wed,12,278278,wisely
2026-08-05T20:45:08+00:00,2026-08-07T12:30:00-04:00,2625,43.7,Lunch,4,Fri,Wed,12,278278,wisely
2026-08-05T16:17:51+00:00,2026-08-07T12:45:00-04:00,2907,48.5,Lunch,2,Fri,Wed,12,278278,wisely
2026-08-05T16:17:43+00:00,2026-08-07T12:45:00-04:00,2907,48.5,Lunch,4,Fri,Wed,12,278278,wisely
2026-08-05T04:24:23+00:00,2026-08-07T13:00:00-04:00,3636,60.6,Lunch,2,Fri,Wed,13,278278,wisely
2026-08-05T04:24:24+00:00,2026-08-07T13:15:00-04:00,3651,60.8,Lunch,2,Fri,Wed,13,278278,wisely
2026-08-05T04:24:22+00:00,2026-08-07T13:15:00-04:00,3651,60.8,Lunch,4,Fri,Wed,13,278278,wisely
2026-08-05T04:24:25+00:00,2026-08-07T13:45:00-04:00,3681,61.3,Lunch,2,Fri,Wed,13,278278,wisely
2026-08-05T04:24:24+00:00,2026-08-07T13:45:00-04:00,3681,61.3,Lunch,4,Fri,Wed,13,278278,wisely
2026-08-05T04:24:26+00:00,2026-08-07T14:15:00-04:00,3711,61.8,Lunch,2,Fri,Wed,14,278278,wisely
2026-08-05T04:24:26+00:00,2026-08-07T14:15:00-04:00,3711,61.8,Lunch,4,Fri,Wed,14,278278,wisely
2026-08-05T04:24:27+00:00,2026-08-07T14:30:00-04:00,3726,62.1,Lunch,2,Fri,Wed,14,278278,wisely
2026-08-05T04:24:28+00:00,2026-08-07T14:30:00-04:00,3726,62.1,Lunch,4,Fri,Wed,14,278278,wisely
2026-08-07T00:19:25+00:00,2026-08-07T14:45:00-04:00,1106,18.4,Lunch,2,Fri,Thu,14,278278,wisely
2026-08-07T00:19:25+00:00,2026-08-07T14:45:00-04:00,1106,18.4,Lunch,4,Fri,Thu,14,278278,wisely
2026-08-06T14:57:14+00:00,2026-08-07T16:30:00-04:00,1773,29.5,Dinner,2,Fri,Thu,16,278278,wisely
2026-08-06T14:57:15+00:00,2026-08-07T16:30:00-04:00,1773,29.5,Dinner,4,Fri,Thu,16,278278,wisely
2026-08-07T10:32:08+00:00,2026-08-07T16:45:00-04:00,613,10.2,Dinner,2,Fri,Fri,16,278278,wisely
2026-08-05T04:24:13+00:00,2026-08-07T17:15:00-04:00,3891,64.8,Dinner,2,Fri,Wed,17,278278,wisely
2026-08-05T04:24:13+00:00,2026-08-07T17:15:00-04:00,3891,64.8,Dinner,4,Fri,Wed,17,278278,wisely
2026-08-06T12:31:34+00:00,2026-08-07T18:00:00-04:00,2008,33.5,Dinner,2,Fri,Thu,18,278278,wisely
2026-08-07T19:23:11+00:00,2026-08-07T20:45:00-04:00,322,5.4,Dinner,2,Fri,Fri,20,278278,wisely
2026-08-07T19:23:12+00:00,2026-08-07T20:45:00-04:00,322,5.4,Dinner,4,Fri,Fri,20,278278,wisely
2026-08-04T22:31:57+00:00,2026-08-07T21:00:00-04:00,4468,74.5,Dinner,2,Fri,Tue,21,278278,wisely
2026-08-04T22:31:58+00:00,2026-08-07T21:00:00-04:00,4468,74.5,Dinner,4,Fri,Tue,21,278278,wisely
2026-08-06T00:53:23+00:00,2026-08-07T21:15:00-04:00,2902,48.4,Dinner,2,Fri,Wed,21,278278,wisely
2026-08-06T00:53:23+00:00,2026-08-07T21:15:00-04:00,2902,48.4,Dinner,4,Fri,Wed,21,278278,wisely
2026-08-06T05:28:51+00:00,2026-08-08T11:30:00-04:00,3481,58.0,Lunch,2,Sat,Thu,11,278278,wisely
2026-08-06T05:28:52+00:00,2026-08-08T11:45:00-04:00,3496,58.3,Lunch,2,Sat,Thu,11,278278,wisely
2026-08-06T05:28:53+00:00,2026-08-08T11:45:00-04:00,3496,58.3,Lunch,4,Sat,Thu,11,278278,wisely
2026-08-06T05:28:53+00:00,2026-08-08T12:00:00-04:00,3511,58.5,Lunch,2,Sat,Thu,12,278278,wisely
2026-08-06T05:28:54+00:00,2026-08-08T12:00:00-04:00,3511,58.5,Lunch,4,Sat,Thu,12,278278,wisely
2026-08-06T05:28:55+00:00,2026-08-08T12:15:00-04:00,3526,58.8,Lunch,2,Sat,Thu,12,278278,wisely
2026-08-06T05:28:54+00:00,2026-08-08T12:15:00-04:00,3526,58.8,Lunch,4,Sat,Thu,12,278278,wisely
2026-08-06T05:28:55+00:00,2026-08-08T12:30:00-04:00,3541,59.0,Lunch,2,Sat,Thu,12,278278,wisely
2026-08-07T23:21:02+00:00,2026-08-08T16:30:00+00:00,1029,17.1,Lunch,4,Sat,Fri,12,278278,wisely
2026-08-06T05:28:56+00:00,2026-08-08T12:45:00-04:00,3556,59.3,Lunch,2,Sat,Thu,12,278278,wisely
2026-08-06T05:28:58+00:00,2026-08-08T13:15:00-04:00,3586,59.8,Lunch,2,Sat,Thu,13,278278,wisely
2026-08-06T05:28:57+00:00,2026-08-08T13:15:00-04:00,3586,59.8,Lunch,4,Sat,Thu,13,278278,wisely
2026-08-06T05:28:59+00:00,2026-08-08T13:30:00-04:00,3601,60.0,Lunch,2,Sat,Thu,13,278278,wisely
2026-08-06T05:29:00+00:00,2026-08-08T13:45:00-04:00,3616,60.3,Lunch,2,Sat,Thu,13,278278,wisely
2026-08-06T05:28:58+00:00,2026-08-08T13:45:00-04:00,3616,60.3,Lunch,4,Sat,Thu,13,278278,wisely
2026-08-06T05:29:00+00:00,2026-08-08T14:00:00-04:00,3631,60.5,Lunch,2,Sat,Thu,14,278278,wisely
2026-08-06T05:28:59+00:00,2026-08-08T14:00:00-04:00,3631,60.5,Lunch,4,Sat,Thu,14,278278,wisely
2026-08-07T00:19:55+00:00,2026-08-08T15:00:00-04:00,2560,42.7,Lunch,2,Sat,Thu,15,278278,wisely
2026-08-06T14:58:25+00:00,2026-08-08T15:00:00-04:00,3122,52.0,Lunch,4,Sat,Thu,15,278278,wisely
2026-08-07T19:24:04+00:00,2026-08-08T15:15:00-04:00,1431,23.8,Lunch,2,Sat,Fri,15,278278,wisely
2026-08-07T19:24:05+00:00,2026-08-08T15:15:00-04:00,1431,23.8,Lunch,4,Sat,Fri,15,278278,wisely
2026-08-07T18:12:18+00:00,2026-08-08T15:30:00-04:00,1518,25.3,Lunch,2,Sat,Fri,15,278278,wisely
2026-08-07T18:12:19+00:00,2026-08-08T15:30:00-04:00,1518,25.3,Lunch,4,Sat,Fri,15,278278,wisely
2026-08-07T17:24:16+00:00,2026-08-08T16:00:00-04:00,1596,26.6,Lunch,2,Sat,Fri,16,278278,wisely
2026-08-07T17:24:18+00:00,2026-08-08T16:00:00-04:00,1596,26.6,Lunch,4,Sat,Fri,16,278278,wisely
2026-08-07T21:22:59+00:00,2026-08-08T16:15:00-04:00,1372,22.9,Lunch,2,Sat,Fri,16,278278,wisely
2026-08-07T21:22:46+00:00,2026-08-08T16:15:00-04:00,1372,22.9,Lunch,4,Sat,Fri,16,278278,wisely
2026-08-05T22:57:31+00:00,2026-08-08T16:30:00-04:00,4172,69.5,Dinner,2,Sat,Wed,16,278278,wisely
2026-08-07T22:51:30+00:00,2026-08-08T22:15:00+00:00,1403,23.4,Dinner,2,Sat,Fri,18,278278,wisely
2026-08-07T22:51:31+00:00,2026-08-08T22:15:00+00:00,1403,23.4,Dinner,4,Sat,Fri,18,278278,wisely
2026-08-07T12:09:52+00:00,2026-08-08T18:30:00-04:00,2060,34.3,Dinner,2,Sat,Fri,18,278278,wisely
2026-08-07T12:09:52+00:00,2026-08-08T18:30:00-04:00,2060,34.3,Dinner,4,Sat,Fri,18,278278,wisely
2026-08-07T00:19:28+00:00,2026-08-08T19:00:00-04:00,2801,46.7,Dinner,2,Sat,Thu,19,278278,wisely
2026-08-08T09:32:53+00:00,2026-08-08T20:15:00-04:00,882,14.7,Dinner,2,Sat,Sat,20,278278,wisely
2026-08-08T09:32:54+00:00,2026-08-08T20:15:00-04:00,882,14.7,Dinner,4,Sat,Sat,20,278278,wisely
2026-08-07T14:38:30+00:00,2026-08-08T20:30:00-04:00,2031,33.9,Dinner,2,Sat,Fri,20,278278,wisely
2026-08-07T14:38:31+00:00,2026-08-08T20:30:00-04:00,2031,33.9,Dinner,4,Sat,Fri,20,278278,wisely
2026-08-08T12:16:51+00:00,2026-08-08T20:45:00-04:00,748,12.5,Dinner,2,Sat,Sat,20,278278,wisely
2026-08-08T12:16:52+00:00,2026-08-08T20:45:00-04:00,748,12.5,Dinner,4,Sat,Sat,20,278278,wisely
2026-08-07T14:38:30+00:00,2026-08-08T21:00:00-04:00,2061,34.4,Dinner,2,Sat,Fri,21,278278,wisely
2026-08-07T14:38:32+00:00,2026-08-08T21:00:00-04:00,2061,34.4,Dinner,4,Sat,Fri,21,278278,wisely
2026-08-07T14:38:31+00:00,2026-08-08T21:15:00-04:00,2076,34.6,Dinner,2,Sat,Fri,21,278278,wisely
2026-08-07T14:38:32+00:00,2026-08-08T21:15:00-04:00,2076,34.6,Dinner,4,Sat,Fri,21,278278,wisely
2026-08-06T05:28:44+00:00,2026-08-08T21:30:00-04:00,4081,68.0,Dinner,2,Sat,Thu,21,278278,wisely
2026-08-06T05:28:45+00:00,2026-08-08T21:30:00-04:00,4081,68.0,Dinner,4,Sat,Thu,21,278278,wisely
2026-08-05T19:25:14+00:00,2026-08-08T21:45:00-04:00,4700,78.3,Dinner,2,Sat,Wed,21,278278,wisely
2026-08-05T19:25:14+00:00,2026-08-08T21:45:00-04:00,4700,78.3,Dinner,4,Sat,Wed,21,278278,wisely
2026-08-07T05:08:37+00:00,2026-08-09T11:30:00-04:00,3501,58.4,Lunch,2,Sun,Fri,11,278278,wisely
2026-08-07T05:08:38+00:00,2026-08-09T11:30:00-04:00,3501,58.4,Lunch,4,Sun,Fri,11,278278,wisely
2026-08-07T05:08:37+00:00,2026-08-09T11:45:00-04:00,3516,58.6,Lunch,2,Sun,Fri,11,278278,wisely
2026-08-07T05:08:38+00:00,2026-08-09T11:45:00-04:00,3516,58.6,Lunch,4,Sun,Fri,11,278278,wisely
2026-08-07T05:08:37+00:00,2026-08-09T12:00:00-04:00,3531,58.9,Lunch,2,Sun,Fri,12,278278,wisely
2026-08-07T05:08:38+00:00,2026-08-09T12:00:00-04:00,3531,58.9,Lunch,4,Sun,Fri,12,278278,wisely
2026-08-07T05:08:39+00:00,2026-08-09T12:15:00-04:00,3546,59.1,Lunch,2,Sun,Fri,12,278278,wisely
2026-08-07T05:08:40+00:00,2026-08-09T12:15:00-04:00,3546,59.1,Lunch,4,Sun,Fri,12,278278,wisely
2026-08-07T05:08:40+00:00,2026-08-09T12:30:00-04:00,3561,59.4,Lunch,2,Sun,Fri,12,278278,wisely
2026-08-07T05:08:40+00:00,2026-08-09T12:45:00-04:00,3576,59.6,Lunch,2,Sun,Fri,12,278278,wisely
2026-08-07T22:52:23+00:00,2026-08-09T16:45:00+00:00,2513,41.9,Lunch,4,Sun,Fri,12,278278,wisely
2026-08-07T05:08:42+00:00,2026-08-09T13:00:00-04:00,3591,59.9,Lunch,2,Sun,Fri,13,278278,wisely
2026-08-07T05:08:41+00:00,2026-08-09T13:00:00-04:00,3591,59.9,Lunch,4,Sun,Fri,13,278278,wisely
2026-08-07T05:08:43+00:00,2026-08-09T13:15:00-04:00,3606,60.1,Lunch,2,Sun,Fri,13,278278,wisely
2026-08-07T05:08:42+00:00,2026-08-09T13:15:00-04:00,3606,60.1,Lunch,4,Sun,Fri,13,278278,wisely
2026-08-09T02:50:20+00:00,2026-08-09T13:30:00-04:00,880,14.7,Lunch,2,Sun,Sat,13,278278,wisely
2026-08-07T05:08:44+00:00,2026-08-09T13:45:00-04:00,3636,60.6,Lunch,2,Sun,Fri,13,278278,wisely
2026-08-07T05:08:44+00:00,2026-08-09T13:45:00-04:00,3636,60.6,Lunch,4,Sun,Fri,13,278278,wisely
2026-08-08T14:39:03+00:00,2026-08-09T14:00:00-04:00,1641,27.3,Lunch,2,Sun,Sat,14,278278,wisely
2026-08-08T14:39:04+00:00,2026-08-09T14:00:00-04:00,1641,27.3,Lunch,4,Sun,Sat,14,278278,wisely
2026-08-07T05:08:45+00:00,2026-08-09T14:15:00-04:00,3666,61.1,Lunch,2,Sun,Fri,14,278278,wisely
2026-08-07T05:08:45+00:00,2026-08-09T14:15:00-04:00,3666,61.1,Lunch,4,Sun,Fri,14,278278,wisely
2026-08-07T05:08:46+00:00,2026-08-09T14:30:00-04:00,3681,61.4,Lunch,2,Sun,Fri,14,278278,wisely
2026-08-07T05:08:46+00:00,2026-08-09T14:30:00-04:00,3681,61.4,Lunch,4,Sun,Fri,14,278278,wisely
2026-08-07T22:52:30+00:00,2026-08-09T18:45:00+00:00,2632,43.9,Lunch,2,Sun,Fri,14,278278,wisely
2026-08-07T22:52:31+00:00,2026-08-09T18:45:00+00:00,2632,43.9,Lunch,4,Sun,Fri,14,278278,wisely
2026-08-08T17:16:59+00:00,2026-08-09T15:00:00-04:00,1543,25.7,Lunch,2,Sun,Sat,15,278278,wisely
2026-08-08T17:17:00+00:00,2026-08-09T15:00:00-04:00,1543,25.7,Lunch,4,Sun,Sat,15,278278,wisely
2026-08-08T22:13:34+00:00,2026-08-09T15:15:00-04:00,1261,21.0,Lunch,2,Sun,Sat,15,278278,wisely
2026-08-09T14:07:24+00:00,2026-08-09T15:45:00-04:00,338,5.6,Lunch,2,Sun,Sun,15,278278,wisely
2026-08-08T23:41:17+00:00,2026-08-09T15:45:00-04:00,1204,20.1,Lunch,4,Sun,Sat,15,278278,wisely
2026-08-08T14:38:30+00:00,2026-08-09T17:15:00-04:00,1836,30.6,Dinner,2,Sun,Sat,17,278278,wisely
2026-08-08T16:02:20+00:00,2026-08-09T17:15:00-04:00,1753,29.2,Dinner,4,Sun,Sat,17,278278,wisely
2026-08-08T14:38:30+00:00,2026-08-09T18:15:00-04:00,1896,31.6,Dinner,2,Sun,Sat,18,278278,wisely
2026-08-08T14:38:30+00:00,2026-08-09T18:15:00-04:00,1896,31.6,Dinner,4,Sun,Sat,18,278278,wisely
2026-08-08T16:02:19+00:00,2026-08-09T19:00:00-04:00,1858,31.0,Dinner,2,Sun,Sat,19,278278,wisely
2026-08-08T16:02:20+00:00,2026-08-09T19:00:00-04:00,1858,31.0,Dinner,4,Sun,Sat,19,278278,wisely
2026-08-08T23:04:42+00:00,2026-08-09T19:15:00-04:00,1450,24.2,Dinner,2,Sun,Sat,19,278278,wisely
2026-08-08T23:04:43+00:00,2026-08-09T19:15:00-04:00,1450,24.2,Dinner,4,Sun,Sat,19,278278,wisely
2026-08-08T23:13:35+00:00,2026-08-09T19:45:00-04:00,1471,24.5,Dinner,2,Sun,Sat,19,278278,wisely
2026-08-08T23:13:37+00:00,2026-08-09T19:45:00-04:00,1471,24.5,Dinner,4,Sun,Sat,19,278278,wisely
2026-08-08T22:12:45+00:00,2026-08-09T20:00:00-04:00,1547,25.8,Dinner,2,Sun,Sat,20,278278,wisely
2026-08-09T02:49:54+00:00,2026-08-09T20:15:00-04:00,1285,21.4,Dinner,2,Sun,Sat,20,278278,wisely
2026-08-09T02:49:55+00:00,2026-08-09T20:15:00-04:00,1285,21.4,Dinner,4,Sun,Sat,20,278278,wisely
2026-08-08T23:41:04+00:00,2026-08-09T20:30:00-04:00,1489,24.8,Dinner,2,Sun,Sat,20,278278,wisely
2026-08-08T23:41:04+00:00,2026-08-09T20:30:00-04:00,1489,24.8,Dinner,4,Sun,Sat,20,278278,wisely
2026-08-08T14:00:03+00:00,2026-08-09T20:45:00-04:00,2085,34.7,Dinner,2,Sun,Sat,20,278278,wisely
2026-08-08T14:00:04+00:00,2026-08-09T20:45:00-04:00,2085,34.7,Dinner,4,Sun,Sat,20,278278,wisely
2026-08-06T05:29:01+00:00,2026-08-09T21:00:00-04:00,5491,91.5,Dinner,2,Sun,Thu,21,278278,wisely
2026-08-09T02:49:56+00:00,2026-08-09T21:00:00-04:00,1330,22.2,Dinner,4,Sun,Sat,21,278278,wisely
2026-08-06T05:29:02+00:00,2026-08-09T21:15:00-04:00,5506,91.8,Dinner,2,Sun,Thu,21,278278,wisely
2026-08-06T05:29:02+00:00,2026-08-09T21:15:00-04:00,5506,91.8,Dinner,4,Sun,Thu,21,278278,wisely
2026-08-08T04:55:35+00:00,2026-08-10T11:30:00-04:00,3514,58.6,Lunch,2,Mon,Sat,11,278278,wisely
2026-08-08T04:55:36+00:00,2026-08-10T11:30:00-04:00,3514,58.6,Lunch,4,Mon,Sat,11,278278,wisely
2026-08-08T04:55:35+00:00,2026-08-10T11:45:00-04:00,3529,58.8,Lunch,2,Mon,Sat,11,278278,wisely
2026-08-08T04:55:36+00:00,2026-08-10T11:45:00-04:00,3529,58.8,Lunch,4,Mon,Sat,11,278278,wisely
2026-08-08T04:55:36+00:00,2026-08-10T12:00:00-04:00,3544,59.1,Lunch,2,Mon,Sat,12,278278,wisely
2026-08-08T04:55:36+00:00,2026-08-10T12:00:00-04:00,3544,59.1,Lunch,4,Mon,Sat,12,278278,wisely
2026-08-08T04:55:38+00:00,2026-08-10T12:15:00-04:00,3559,59.3,Lunch,2,Mon,Sat,12,278278,wisely
2026-08-08T04:55:39+00:00,2026-08-10T12:15:00-04:00,3559,59.3,Lunch,4,Mon,Sat,12,278278,wisely
2026-08-08T04:55:39+00:00,2026-08-10T12:45:00-04:00,3589,59.8,Lunch,2,Mon,Sat,12,278278,wisely
2026-08-08T04:55:40+00:00,2026-08-10T13:00:00-04:00,3604,60.1,Lunch,2,Mon,Sat,13,278278,wisely
2026-08-10T14:58:13+00:00,2026-08-10T13:00:00-04:00,122,2.0,Lunch,4,Mon,Mon,13,278278,wisely
2026-08-08T04:55:41+00:00,2026-08-10T13:30:00-04:00,3634,60.6,Lunch,2,Mon,Sat,13,278278,wisely
2026-08-08T04:55:41+00:00,2026-08-10T13:30:00-04:00,3634,60.6,Lunch,4,Mon,Sat,13,278278,wisely
2026-08-08T04:55:43+00:00,2026-08-10T13:45:00-04:00,3649,60.8,Lunch,2,Mon,Sat,13,278278,wisely
2026-08-08T04:55:42+00:00,2026-08-10T13:45:00-04:00,3649,60.8,Lunch,4,Mon,Sat,13,278278,wisely
2026-08-08T04:55:44+00:00,2026-08-10T14:00:00-04:00,3664,61.1,Lunch,2,Mon,Sat,14,278278,wisely
2026-08-08T04:55:42+00:00,2026-08-10T14:00:00-04:00,3664,61.1,Lunch,4,Mon,Sat,14,278278,wisely
2026-08-08T04:55:44+00:00,2026-08-10T14:15:00-04:00,3679,61.3,Lunch,2,Mon,Sat,14,278278,wisely
2026-08-08T04:55:45+00:00,2026-08-10T14:15:00-04:00,3679,61.3,Lunch,4,Mon,Sat,14,278278,wisely
2026-08-10T16:56:54+00:00,2026-08-10T14:30:00-04:00,93,1.6,Lunch,2,Mon,Mon,14,278278,wisely
2026-08-10T16:56:55+00:00,2026-08-10T14:30:00-04:00,93,1.6,Lunch,4,Mon,Mon,14,278278,wisely
2026-08-10T17:50:01+00:00,2026-08-10T14:45:00-04:00,55,0.9,Lunch,2,Mon,Mon,14,278278,wisely
2026-08-10T17:50:02+00:00,2026-08-10T14:45:00-04:00,55,0.9,Lunch,4,Mon,Mon,14,278278,wisely
2026-08-10T18:36:56+00:00,2026-08-10T15:00:00-04:00,23,0.4,Lunch,2,Mon,Mon,15,278278,wisely
2026-08-10T18:36:57+00:00,2026-08-10T15:00:00-04:00,23,0.4,Lunch,4,Mon,Mon,15,278278,wisely
2026-08-10T18:36:56+00:00,2026-08-10T15:15:00-04:00,38,0.6,Lunch,2,Mon,Mon,15,278278,wisely
2026-08-10T18:36:57+00:00,2026-08-10T15:15:00-04:00,38,0.6,Lunch,4,Mon,Mon,15,278278,wisely
2026-08-10T18:36:57+00:00,2026-08-10T15:30:00-04:00,53,0.9,Lunch,2,Mon,Mon,15,278278,wisely
2026-08-10T18:36:57+00:00,2026-08-10T15:30:00-04:00,53,0.9,Lunch,4,Mon,Mon,15,278278,wisely
2026-08-10T19:39:52+00:00,2026-08-10T16:00:00-04:00,20,0.3,Lunch,2,Mon,Mon,16,278278,wisely
2026-08-10T19:39:52+00:00,2026-08-10T16:00:00-04:00,20,0.3,Lunch,4,Mon,Mon,16,278278,wisely
2026-08-10T12:29:42+00:00,2026-08-10T16:30:00-04:00,480,8.0,Dinner,2,Mon,Mon,16,278278,wisely
2026-08-10T12:29:44+00:00,2026-08-10T16:30:00-04:00,480,8.0,Dinner,4,Mon,Mon,16,278278,wisely
2026-08-09T20:33:07+00:00,2026-08-10T20:45:00+00:00,1452,24.2,Dinner,2,Mon,Sun,16,278278,wisely
2026-08-09T20:33:09+00:00,2026-08-10T20:45:00+00:00,1452,24.2,Dinner,4,Mon,Sun,16,278278,wisely
2026-08-09T18:03:42+00:00,2026-08-10T17:00:00-04:00,1616,26.9,Dinner,2,Mon,Sun,17,278278,wisely
2026-08-09T20:33:08+00:00,2026-08-10T21:30:00+00:00,1497,24.9,Dinner,2,Mon,Sun,17,278278,wisely
2026-08-09T20:33:10+00:00,2026-08-10T21:30:00+00:00,1497,24.9,Dinner,4,Mon,Sun,17,278278,wisely
2026-08-09T14:07:25+00:00,2026-08-10T17:45:00-04:00,1898,31.6,Dinner,2,Mon,Sun,17,278278,wisely
2026-08-09T14:07:26+00:00,2026-08-10T17:45:00-04:00,1898,31.6,Dinner,4,Mon,Sun,17,278278,wisely
2026-08-08T22:51:23+00:00,2026-08-10T18:00:00-04:00,2829,47.1,Dinner,2,Mon,Sat,18,278278,wisely
2026-08-08T22:51:24+00:00,2026-08-10T18:00:00-04:00,2829,47.1,Dinner,4,Mon,Sat,18,278278,wisely
2026-08-10T02:57:41+00:00,2026-08-10T19:15:00-04:00,1217,20.3,Dinner,2,Mon,Sun,19,278278,wisely
2026-08-10T02:57:42+00:00,2026-08-10T19:15:00-04:00,1217,20.3,Dinner,4,Mon,Sun,19,278278,wisely
2026-08-09T16:16:33+00:00,2026-08-10T19:45:00-04:00,1888,31.5,Dinner,2,Mon,Sun,19,278278,wisely
2026-08-10T11:36:43+00:00,2026-08-11T00:15:00+00:00,758,12.6,Dinner,2,Mon,Mon,20,278278,wisely
2026-08-10T11:36:47+00:00,2026-08-11T00:15:00+00:00,758,12.6,Dinner,4,Mon,Mon,20,278278,wisely
2026-08-09T00:37:47+00:00,2026-08-10T20:30:00-04:00,2872,47.9,Dinner,2,Mon,Sat,20,278278,wisely
2026-08-09T00:37:47+00:00,2026-08-10T20:30:00-04:00,2872,47.9,Dinner,4,Mon,Sat,20,278278,wisely
2026-08-09T18:56:28+00:00,2026-08-10T20:45:00-04:00,1789,29.8,Dinner,2,Mon,Sun,20,278278,wisely
2026-08-10T11:36:48+00:00,2026-08-11T00:45:00+00:00,788,13.1,Dinner,4,Mon,Mon,20,278278,wisely
2026-08-08T21:41:20+00:00,2026-08-10T21:00:00-04:00,3079,51.3,Dinner,2,Mon,Sat,21,278278,wisely
2026-08-08T21:41:21+00:00,2026-08-10T21:00:00-04:00,3079,51.3,Dinner,4,Mon,Sat,21,278278,wisely
2026-08-09T14:48:51+00:00,2026-08-10T21:15:00-04:00,2066,34.4,Dinner,2,Mon,Sun,21,278278,wisely
2026-08-09T14:48:52+00:00,2026-08-10T21:15:00-04:00,2066,34.4,Dinner,4,Mon,Sun,21,278278,wisely
2026-08-10T13:57:26+00:00,2026-08-10T21:30:00-04:00,693,11.5,Dinner,2,Mon,Mon,21,278278,wisely
2026-08-10T13:57:15+00:00,2026-08-10T21:30:00-04:00,693,11.5,Dinner,4,Mon,Mon,21,278278,wisely
2026-08-07T05:08:47+00:00,2026-08-10T21:45:00-04:00,5556,92.6,Dinner,2,Mon,Fri,21,278278,wisely
2026-08-07T05:08:47+00:00,2026-08-10T21:45:00-04:00,5556,92.6,Dinner,4,Mon,Fri,21,278278,wisely
2026-08-09T04:06:03+00:00,2026-08-11T11:30:00-04:00,3564,59.4,Lunch,2,Tue,Sun,11,278278,wisely
2026-08-09T04:06:05+00:00,2026-08-11T11:30:00-04:00,3564,59.4,Lunch,4,Tue,Sun,11,278278,wisely
2026-08-09T04:06:04+00:00,2026-08-11T11:45:00-04:00,3579,59.6,Lunch,2,Tue,Sun,11,278278,wisely
2026-08-09T04:06:05+00:00,2026-08-11T11:45:00-04:00,3579,59.6,Lunch,4,Tue,Sun,11,278278,wisely
2026-08-10T19:40:22+00:00,2026-08-11T12:00:00-04:00,1220,20.3,Lunch,2,Tue,Mon,12,278278,wisely
2026-08-10T19:40:23+00:00,2026-08-11T12:00:00-04:00,1220,20.3,Lunch,4,Tue,Mon,12,278278,wisely
2026-08-11T14:41:48+00:00,2026-08-11T12:15:00-04:00,93,1.6,Lunch,2,Tue,Tue,12,278278,wisely
2026-08-11T14:41:49+00:00,2026-08-11T12:15:00-04:00,93,1.6,Lunch,4,Tue,Tue,12,278278,wisely
2026-08-10T19:40:22+00:00,2026-08-11T13:15:00-04:00,1295,21.6,Lunch,2,Tue,Mon,13,278278,wisely
2026-08-11T04:07:17+00:00,2026-08-11T13:15:00-04:00,788,13.1,Lunch,4,Tue,Tue,13,278278,wisely
2026-08-09T04:06:04+00:00,2026-08-11T13:30:00-04:00,3684,61.4,Lunch,2,Tue,Sun,13,278278,wisely
2026-08-09T04:06:05+00:00,2026-08-11T13:30:00-04:00,3684,61.4,Lunch,4,Tue,Sun,13,278278,wisely
2026-08-09T04:06:08+00:00,2026-08-11T13:45:00-04:00,3699,61.6,Lunch,2,Tue,Sun,13,278278,wisely
2026-08-09T04:06:09+00:00,2026-08-11T13:45:00-04:00,3699,61.6,Lunch,4,Tue,Sun,13,278278,wisely
2026-08-09T04:06:09+00:00,2026-08-11T14:00:00-04:00,3714,61.9,Lunch,2,Tue,Sun,14,278278,wisely
2026-08-09T04:06:10+00:00,2026-08-11T14:00:00-04:00,3714,61.9,Lunch,4,Tue,Sun,14,278278,wisely
2026-08-09T04:06:12+00:00,2026-08-11T14:15:00-04:00,3729,62.1,Lunch,2,Tue,Sun,14,278278,wisely
2026-08-09T04:06:12+00:00,2026-08-11T14:15:00-04:00,3729,62.1,Lunch,4,Tue,Sun,14,278278,wisely
2026-08-11T02:50:42+00:00,2026-08-11T14:30:00-04:00,939,15.7,Lunch,2,Tue,Mon,14,278278,wisely
2026-08-11T02:50:43+00:00,2026-08-11T14:30:00-04:00,939,15.7,Lunch,4,Tue,Mon,14,278278,wisely
2026-08-11T14:42:06+00:00,2026-08-11T14:45:00-04:00,243,4.0,Lunch,2,Tue,Tue,14,278278,wisely
2026-08-11T14:42:07+00:00,2026-08-11T14:45:00-04:00,243,4.0,Lunch,4,Tue,Tue,14,278278,wisely
2026-08-11T18:28:21+00:00,2026-08-11T15:00:00-04:00,32,0.5,Lunch,2,Tue,Tue,15,278278,wisely
2026-08-11T17:32:57+00:00,2026-08-11T15:00:00-04:00,87,1.5,Lunch,4,Tue,Tue,15,278278,wisely
2026-08-11T18:28:21+00:00,2026-08-11T15:15:00-04:00,47,0.8,Lunch,2,Tue,Tue,15,278278,wisely
2026-08-11T18:28:23+00:00,2026-08-11T15:15:00-04:00,47,0.8,Lunch,4,Tue,Tue,15,278278,wisely
2026-08-10T13:57:52+00:00,2026-08-11T16:30:00-04:00,1832,30.5,Dinner,2,Tue,Mon,16,278278,wisely
2026-08-10T13:57:53+00:00,2026-08-11T16:30:00-04:00,1832,30.5,Dinner,4,Tue,Mon,16,278278,wisely
2026-08-09T10:50:21+00:00,2026-08-11T16:45:00-04:00,3475,57.9,Dinner,2,Tue,Sun,16,278278,wisely
2026-08-10T14:58:34+00:00,2026-08-11T16:45:00-04:00,1786,29.8,Dinner,4,Tue,Mon,16,278278,wisely
2026-08-10T18:37:03+00:00,2026-08-11T17:00:00-04:00,1583,26.4,Dinner,2,Tue,Mon,17,278278,wisely
2026-08-10T18:37:04+00:00,2026-08-11T17:00:00-04:00,1583,26.4,Dinner,4,Tue,Mon,17,278278,wisely
2026-08-10T20:43:33+00:00,2026-08-11T17:15:00-04:00,1471,24.5,Dinner,2,Tue,Mon,17,278278,wisely
2026-08-10T20:43:34+00:00,2026-08-11T17:15:00-04:00,1471,24.5,Dinner,4,Tue,Mon,17,278278,wisely
2026-08-10T22:27:39+00:00,2026-08-11T18:45:00-04:00,1457,24.3,Dinner,2,Tue,Mon,18,278278,wisely
2026-08-10T14:58:33+00:00,2026-08-11T20:15:00-04:00,1996,33.3,Dinner,2,Tue,Mon,20,278278,wisely
2026-08-10T14:58:34+00:00,2026-08-11T20:15:00-04:00,1996,33.3,Dinner,4,Tue,Mon,20,278278,wisely
2026-08-09T02:51:13+00:00,2026-08-11T20:30:00-04:00,4179,69.6,Dinner,2,Tue,Sat,20,278278,wisely
2026-08-10T14:58:41+00:00,2026-08-11T20:45:00-04:00,2026,33.8,Dinner,2,Tue,Mon,20,278278,wisely
2026-08-10T14:58:41+00:00,2026-08-11T20:45:00-04:00,2026,33.8,Dinner,4,Tue,Mon,20,278278,wisely
2026-08-08T22:14:25+00:00,2026-08-11T21:00:00-04:00,4486,74.8,Dinner,2,Tue,Sat,21,278278,wisely
2026-08-08T04:55:45+00:00,2026-08-11T21:15:00-04:00,5539,92.3,Dinner,2,Tue,Sat,21,278278,wisely
2026-08-08T04:55:45+00:00,2026-08-11T21:30:00-04:00,5554,92.6,Dinner,2,Tue,Sat,21,278278,wisely
2026-08-08T04:55:46+00:00,2026-08-11T21:30:00-04:00,5554,92.6,Dinner,4,Tue,Sat,21,278278,wisely
2026-08-08T04:55:46+00:00,2026-08-11T21:45:00-04:00,5569,92.8,Dinner,2,Tue,Sat,21,278278,wisely
2026-08-08T04:55:47+00:00,2026-08-11T21:45:00-04:00,5569,92.8,Dinner,4,Tue,Sat,21,278278,wisely
2026-08-10T04:39:16+00:00,2026-08-12T11:30:00-04:00,3531,58.8,Lunch,2,Wed,Mon,11,278278,wisely
2026-08-10T04:39:17+00:00,2026-08-12T11:30:00-04:00,3531,58.8,Lunch,4,Wed,Mon,11,278278,wisely
2026-08-10T04:39:16+00:00,2026-08-12T11:45:00-04:00,3546,59.1,Lunch,2,Wed,Mon,11,278278,wisely
2026-08-10T04:39:17+00:00,2026-08-12T11:45:00-04:00,3546,59.1,Lunch,4,Wed,Mon,11,278278,wisely
2026-08-10T16:01:42+00:00,2026-08-12T12:00:00-04:00,2878,48.0,Lunch,2,Wed,Mon,12,278278,wisely
2026-08-10T16:01:44+00:00,2026-08-12T12:00:00-04:00,2878,48.0,Lunch,4,Wed,Mon,12,278278,wisely
2026-08-11T21:30:40+00:00,2026-08-12T12:15:00-04:00,1124,18.7,Lunch,2,Wed,Tue,12,278278,wisely
2026-08-11T21:30:42+00:00,2026-08-12T12:15:00-04:00,1124,18.7,Lunch,4,Wed,Tue,12,278278,wisely
2026-08-10T20:22:28+00:00,2026-08-12T12:30:00-04:00,2648,44.1,Lunch,2,Wed,Mon,12,278278,wisely
2026-08-11T13:36:46+00:00,2026-08-12T13:15:00-04:00,1658,27.6,Lunch,2,Wed,Tue,13,278278,wisely
2026-08-11T16:34:36+00:00,2026-08-12T13:15:00-04:00,1480,24.7,Lunch,4,Wed,Tue,13,278278,wisely
2026-08-10T04:39:16+00:00,2026-08-12T13:45:00-04:00,3666,61.1,Lunch,2,Wed,Mon,13,278278,wisely
2026-08-10T04:39:17+00:00,2026-08-12T13:45:00-04:00,3666,61.1,Lunch,4,Wed,Mon,13,278278,wisely
2026-08-10T04:39:20+00:00,2026-08-12T14:00:00-04:00,3681,61.3,Lunch,2,Wed,Mon,14,278278,wisely
2026-08-10T04:39:21+00:00,2026-08-12T14:00:00-04:00,3681,61.3,Lunch,4,Wed,Mon,14,278278,wisely
2026-08-10T04:39:21+00:00,2026-08-12T14:15:00-04:00,3696,61.6,Lunch,2,Wed,Mon,14,278278,wisely
2026-08-10T04:39:22+00:00,2026-08-12T14:15:00-04:00,3696,61.6,Lunch,4,Wed,Mon,14,278278,wisely
2026-08-11T20:22:39+00:00,2026-08-12T14:30:00-04:00,1327,22.1,Lunch,2,Wed,Tue,14,278278,wisely
2026-08-12T16:33:28+00:00,2026-08-12T14:45:00-04:00,132,2.2,Lunch,2,Wed,Wed,14,278278,wisely
2026-08-11T17:33:46+00:00,2026-08-12T14:45:00-04:00,1511,25.2,Lunch,4,Wed,Tue,14,278278,wisely
2026-08-12T17:39:08+00:00,2026-08-12T15:00:00-04:00,81,1.3,Lunch,2,Wed,Wed,15,278278,wisely
2026-08-12T16:33:30+00:00,2026-08-12T15:00:00-04:00,146,2.4,Lunch,4,Wed,Wed,15,278278,wisely
2026-08-12T18:33:42+00:00,2026-08-12T15:15:00-04:00,41,0.7,Lunch,2,Wed,Wed,15,278278,wisely
2026-08-12T17:39:09+00:00,2026-08-12T15:15:00-04:00,96,1.6,Lunch,4,Wed,Wed,15,278278,wisely
2026-08-12T19:46:02+00:00,2026-08-12T16:00:00-04:00,14,0.2,Lunch,2,Wed,Wed,16,278278,wisely
2026-08-12T19:46:02+00:00,2026-08-12T16:00:00-04:00,14,0.2,Lunch,4,Wed,Wed,16,278278,wisely
2026-08-10T22:55:56+00:00,2026-08-12T16:30:00-04:00,2734,45.6,Dinner,2,Wed,Mon,16,278278,wisely
2026-08-12T11:11:47+00:00,2026-08-12T16:30:00-04:00,558,9.3,Dinner,4,Wed,Wed,16,278278,wisely
2026-08-10T22:55:56+00:00,2026-08-12T17:15:00-04:00,2779,46.3,Dinner,2,Wed,Mon,17,278278,wisely
2026-08-10T22:55:56+00:00,2026-08-12T17:15:00-04:00,2779,46.3,Dinner,4,Wed,Mon,17,278278,wisely
2026-08-11T02:51:00+00:00,2026-08-12T17:30:00-04:00,2559,42.6,Dinner,2,Wed,Mon,17,278278,wisely
2026-08-11T02:51:01+00:00,2026-08-12T17:30:00-04:00,2559,42.6,Dinner,4,Wed,Mon,17,278278,wisely
2026-08-10T12:31:14+00:00,2026-08-12T19:00:00-04:00,3509,58.5,Dinner,2,Wed,Mon,19,278278,wisely
2026-08-10T12:31:15+00:00,2026-08-12T19:00:00-04:00,3509,58.5,Dinner,4,Wed,Mon,19,278278,wisely
2026-08-10T14:59:18+00:00,2026-08-12T21:00:00-04:00,3481,58.0,Dinner,2,Wed,Mon,21,278278,wisely
2026-08-11T13:36:23+00:00,2026-08-12T21:00:00-04:00,2124,35.4,Dinner,4,Wed,Tue,21,278278,wisely
2026-08-09T18:58:55+00:00,2026-08-12T21:15:00-04:00,4696,78.3,Dinner,2,Wed,Sun,21,278278,wisely
2026-08-09T18:58:56+00:00,2026-08-12T21:15:00-04:00,4696,78.3,Dinner,4,Wed,Sun,21,278278,wisely
2026-08-09T04:06:13+00:00,2026-08-12T21:30:00-04:00,5604,93.4,Dinner,2,Wed,Sun,21,278278,wisely
2026-08-09T04:06:14+00:00,2026-08-12T21:30:00-04:00,5604,93.4,Dinner,4,Wed,Sun,21,278278,wisely
2026-08-09T04:06:13+00:00,2026-08-12T21:45:00-04:00,5619,93.6,Dinner,2,Wed,Sun,21,278278,wisely
2026-08-09T04:06:14+00:00,2026-08-12T21:45:00-04:00,5619,93.6,Dinner,4,Wed,Sun,21,278278,wisely
2026-08-11T04:07:48+00:00,2026-08-13T11:30:00-04:00,3562,59.4,Lunch,2,Thu,Tue,11,278278,wisely
2026-08-11T04:07:49+00:00,2026-08-13T11:30:00-04:00,3562,59.4,Lunch,4,Thu,Tue,11,278278,wisely
2026-08-12T14:42:41+00:00,2026-08-13T11:45:00-04:00,1502,25.0,Lunch,2,Thu,Wed,11,278278,wisely
2026-08-12T14:42:42+00:00,2026-08-13T11:45:00-04:00,1502,25.0,Lunch,4,Thu,Wed,11,278278,wisely
2026-08-11T14:43:10+00:00,2026-08-13T12:00:00-04:00,2957,49.3,Lunch,2,Thu,Tue,12,278278,wisely
2026-08-11T14:43:11+00:00,2026-08-13T12:00:00-04:00,2957,49.3,Lunch,4,Thu,Tue,12,278278,wisely
2026-08-11T16:35:26+00:00,2026-08-13T12:15:00-04:00,2860,47.7,Lunch,2,Thu,Tue,12,278278,wisely
2026-08-12T14:42:41+00:00,2026-08-13T12:30:00-04:00,1547,25.8,Lunch,2,Thu,Wed,12,278278,wisely
2026-08-12T14:42:43+00:00,2026-08-13T12:30:00-04:00,1547,25.8,Lunch,4,Thu,Wed,12,278278,wisely
2026-08-11T04:07:49+00:00,2026-08-13T13:15:00-04:00,3667,61.1,Lunch,2,Thu,Tue,13,278278,wisely
2026-08-11T04:07:49+00:00,2026-08-13T13:30:00-04:00,3682,61.4,Lunch,2,Thu,Tue,13,278278,wisely
2026-08-11T04:07:49+00:00,2026-08-13T13:30:00-04:00,3682,61.4,Lunch,4,Thu,Tue,13,278278,wisely
2026-08-11T04:07:52+00:00,2026-08-13T13:45:00-04:00,3697,61.6,Lunch,2,Thu,Tue,13,278278,wisely
2026-08-11T04:07:54+00:00,2026-08-13T14:00:00-04:00,3712,61.9,Lunch,2,Thu,Tue,14,278278,wisely
2026-08-11T04:07:49+00:00,2026-08-13T14:00:00-04:00,3712,61.9,Lunch,4,Thu,Tue,14,278278,wisely
2026-08-11T04:07:55+00:00,2026-08-13T14:15:00-04:00,3727,62.1,Lunch,2,Thu,Tue,14,278278,wisely
2026-08-11T04:07:53+00:00,2026-08-13T14:15:00-04:00,3727,62.1,Lunch,4,Thu,Tue,14,278278,wisely
2026-08-12T18:34:36+00:00,2026-08-13T14:30:00-04:00,1435,23.9,Lunch,2,Thu,Wed,14,278278,wisely
2026-08-11T18:29:34+00:00,2026-08-13T14:30:00-04:00,2880,48.0,Lunch,4,Thu,Tue,14,278278,wisely
2026-08-13T13:44:32+00:00,2026-08-13T14:45:00-04:00,300,5.0,Lunch,2,Thu,Thu,14,278278,wisely
2026-08-13T02:13:26+00:00,2026-08-13T14:45:00-04:00,992,16.5,Lunch,4,Thu,Wed,14,278278,wisely
2026-08-13T18:35:09+00:00,2026-08-13T15:00:00-04:00,25,0.4,Lunch,2,Thu,Thu,15,278278,wisely
2026-08-13T18:35:11+00:00,2026-08-13T15:00:00-04:00,25,0.4,Lunch,4,Thu,Thu,15,278278,wisely
2026-08-13T18:35:09+00:00,2026-08-13T15:15:00-04:00,40,0.7,Lunch,2,Thu,Thu,15,278278,wisely
2026-08-13T18:35:11+00:00,2026-08-13T15:15:00-04:00,40,0.7,Lunch,4,Thu,Thu,15,278278,wisely
2026-08-13T18:35:10+00:00,2026-08-13T15:30:00-04:00,55,0.9,Lunch,2,Thu,Thu,15,278278,wisely
2026-08-13T18:35:11+00:00,2026-08-13T15:30:00-04:00,55,0.9,Lunch,4,Thu,Thu,15,278278,wisely
2026-08-12T20:26:36+00:00,2026-08-13T16:30:00-04:00,1443,24.1,Dinner,2,Thu,Wed,16,278278,wisely
2026-08-12T20:26:37+00:00,2026-08-13T16:30:00-04:00,1443,24.1,Dinner,4,Thu,Wed,16,278278,wisely
2026-08-13T02:13:01+00:00,2026-08-13T16:45:00-04:00,1112,18.5,Dinner,2,Thu,Wed,16,278278,wisely
2026-08-12T23:37:17+00:00,2026-08-13T17:00:00-04:00,1283,21.4,Dinner,2,Thu,Wed,17,278278,wisely
2026-08-12T23:37:18+00:00,2026-08-13T17:00:00-04:00,1283,21.4,Dinner,4,Thu,Wed,17,278278,wisely
2026-08-12T23:37:18+00:00,2026-08-13T17:15:00-04:00,1298,21.6,Dinner,2,Thu,Wed,17,278278,wisely
2026-08-10T18:38:39+00:00,2026-08-13T17:30:00-04:00,4491,74.9,Dinner,2,Thu,Mon,17,278278,wisely
2026-08-10T18:38:39+00:00,2026-08-13T17:30:00-04:00,4491,74.9,Dinner,4,Thu,Mon,17,278278,wisely
2026-08-13T03:14:28+00:00,2026-08-13T18:15:00-04:00,1141,19.0,Dinner,2,Thu,Wed,18,278278,wisely
2026-08-11T15:39:50+00:00,2026-08-13T18:30:00-04:00,3290,54.8,Dinner,2,Thu,Tue,18,278278,wisely
2026-08-11T15:39:51+00:00,2026-08-13T18:30:00-04:00,3290,54.8,Dinner,4,Thu,Tue,18,278278,wisely
2026-08-12T22:56:19+00:00,2026-08-13T20:00:00-04:00,1504,25.1,Dinner,2,Thu,Wed,20,278278,wisely
2026-08-12T14:42:30+00:00,2026-08-13T21:00:00-04:00,2057,34.3,Dinner,2,Thu,Wed,21,278278,wisely
2026-08-12T14:42:31+00:00,2026-08-13T21:00:00-04:00,2057,34.3,Dinner,4,Thu,Wed,21,278278,wisely
2026-08-12T14:42:31+00:00,2026-08-13T21:15:00-04:00,2072,34.5,Dinner,2,Thu,Wed,21,278278,wisely
2026-08-12T14:42:32+00:00,2026-08-13T21:15:00-04:00,2072,34.5,Dinner,4,Thu,Wed,21,278278,wisely
2026-08-12T22:06:40+00:00,2026-08-13T21:30:00-04:00,1643,27.4,Dinner,2,Thu,Wed,21,278278,wisely
2026-08-11T00:39:55+00:00,2026-08-13T21:45:00-04:00,4385,73.1,Dinner,2,Thu,Mon,21,278278,wisely
2026-08-11T00:39:56+00:00,2026-08-13T21:45:00-04:00,4385,73.1,Dinner,4,Thu,Mon,21,278278,wisely
2026-08-12T04:59:51+00:00,2026-08-14T11:30:00-04:00,3510,58.5,Lunch,2,Fri,Wed,11,278278,wisely
2026-08-12T04:59:52+00:00,2026-08-14T11:30:00-04:00,3510,58.5,Lunch,4,Fri,Wed,11,278278,wisely
2026-08-12T04:59:51+00:00,2026-08-14T11:45:00-04:00,3525,58.8,Lunch,2,Fri,Wed,11,278278,wisely
2026-08-12T04:59:52+00:00,2026-08-14T11:45:00-04:00,3525,58.8,Lunch,4,Fri,Wed,11,278278,wisely
2026-08-13T14:47:34+00:00,2026-08-14T12:00:00-04:00,1512,25.2,Lunch,2,Fri,Thu,12,278278,wisely
2026-08-13T14:47:35+00:00,2026-08-14T12:00:00-04:00,1512,25.2,Lunch,4,Fri,Thu,12,278278,wisely
2026-08-12T04:59:51+00:00,2026-08-14T12:15:00-04:00,3555,59.3,Lunch,2,Fri,Wed,12,278278,wisely
2026-08-12T04:59:53+00:00,2026-08-14T12:30:00-04:00,3570,59.5,Lunch,2,Fri,Wed,12,278278,wisely
2026-08-12T04:59:52+00:00,2026-08-14T12:30:00-04:00,3570,59.5,Lunch,4,Fri,Wed,12,278278,wisely
2026-08-12T04:59:54+00:00,2026-08-14T12:45:00-04:00,3585,59.8,Lunch,2,Fri,Wed,12,278278,wisely
2026-08-12T04:59:54+00:00,2026-08-14T12:45:00-04:00,3585,59.8,Lunch,4,Fri,Wed,12,278278,wisely
2026-08-12T04:59:55+00:00,2026-08-14T13:00:00-04:00,3600,60.0,Lunch,2,Fri,Wed,13,278278,wisely
2026-08-12T04:59:56+00:00,2026-08-14T13:15:00-04:00,3615,60.3,Lunch,2,Fri,Wed,13,278278,wisely
2026-08-12T04:59:56+00:00,2026-08-14T13:30:00-04:00,3630,60.5,Lunch,2,Fri,Wed,13,278278,wisely
2026-08-12T04:59:55+00:00,2026-08-14T13:30:00-04:00,3630,60.5,Lunch,4,Fri,Wed,13,278278,wisely
2026-08-12T04:59:57+00:00,2026-08-14T13:45:00-04:00,3645,60.8,Lunch,2,Fri,Wed,13,278278,wisely
2026-08-12T04:59:57+00:00,2026-08-14T13:45:00-04:00,3645,60.8,Lunch,4,Fri,Wed,13,278278,wisely
2026-08-12T04:59:58+00:00,2026-08-14T14:00:00-04:00,3660,61.0,Lunch,2,Fri,Wed,14,278278,wisely
2026-08-12T04:59:58+00:00,2026-08-14T14:00:00-04:00,3660,61.0,Lunch,4,Fri,Wed,14,278278,wisely
2026-08-12T04:59:59+00:00,2026-08-14T14:15:00-04:00,3675,61.3,Lunch,2,Fri,Wed,14,278278,wisely
2026-08-12T04:59:59+00:00,2026-08-14T14:15:00-04:00,3675,61.3,Lunch,4,Fri,Wed,14,278278,wisely
2026-08-14T14:37:25+00:00,2026-08-14T14:30:00-04:00,233,3.9,Lunch,2,Fri,Fri,14,278278,wisely
2026-08-13T02:13:55+00:00,2026-08-14T14:45:00-04:00,2431,40.5,Lunch,2,Fri,Wed,14,278278,wisely
2026-08-13T02:13:54+00:00,2026-08-14T14:45:00-04:00,2431,40.5,Lunch,4,Fri,Wed,14,278278,wisely
2026-08-14T14:37:27+00:00,2026-08-14T15:00:00-04:00,263,4.4,Lunch,4,Fri,Fri,15,278278,wisely
2026-08-14T05:56:18+00:00,2026-08-14T16:45:00-04:00,889,14.8,Dinner,2,Fri,Fri,16,278278,wisely
2026-08-13T14:47:24+00:00,2026-08-14T17:00:00-04:00,1813,30.2,Dinner,2,Fri,Thu,17,278278,wisely
2026-08-13T15:43:54+00:00,2026-08-14T20:45:00-04:00,1981,33.0,Dinner,2,Fri,Thu,20,278278,wisely
2026-08-13T15:43:55+00:00,2026-08-14T20:45:00-04:00,1981,33.0,Dinner,4,Fri,Thu,20,278278,wisely
2026-08-13T14:47:24+00:00,2026-08-14T21:30:00-04:00,2083,34.7,Dinner,2,Fri,Thu,21,278278,wisely
2026-08-12T14:43:01+00:00,2026-08-14T21:45:00-04:00,3542,59.0,Dinner,2,Fri,Wed,21,278278,wisely
2026-08-13T14:47:24+00:00,2026-08-14T21:45:00-04:00,2098,35.0,Dinner,4,Fri,Thu,21,278278,wisely
2026-08-13T05:11:53+00:00,2026-08-15T11:30:00-04:00,3498,58.3,Lunch,2,Sat,Thu,11,278278,wisely
2026-08-13T05:11:54+00:00,2026-08-15T11:30:00-04:00,3498,58.3,Lunch,4,Sat,Thu,11,278278,wisely
2026-08-13T05:11:53+00:00,2026-08-15T11:45:00-04:00,3513,58.6,Lunch,2,Sat,Thu,11,278278,wisely
2026-08-13T05:11:55+00:00,2026-08-15T11:45:00-04:00,3513,58.6,Lunch,4,Sat,Thu,11,278278,wisely
2026-08-13T05:11:54+00:00,2026-08-15T12:00:00-04:00,3528,58.8,Lunch,2,Sat,Thu,12,278278,wisely
2026-08-13T05:11:55+00:00,2026-08-15T12:00:00-04:00,3528,58.8,Lunch,4,Sat,Thu,12,278278,wisely
2026-08-15T05:58:56+00:00,2026-08-15T12:15:00-04:00,616,10.3,Lunch,2,Sat,Sat,12,278278,wisely
2026-08-15T05:58:57+00:00,2026-08-15T12:15:00-04:00,616,10.3,Lunch,4,Sat,Sat,12,278278,wisely
2026-08-13T05:11:56+00:00,2026-08-15T12:30:00-04:00,3558,59.3,Lunch,2,Sat,Thu,12,278278,wisely
2026-08-13T05:11:57+00:00,2026-08-15T12:30:00-04:00,3558,59.3,Lunch,4,Sat,Thu,12,278278,wisely
2026-08-13T11:24:19+00:00,2026-08-15T13:00:00-04:00,3216,53.6,Lunch,2,Sat,Thu,13,278278,wisely
2026-08-13T11:24:20+00:00,2026-08-15T13:00:00-04:00,3216,53.6,Lunch,4,Sat,Thu,13,278278,wisely
2026-08-13T05:11:57+00:00,2026-08-15T13:15:00-04:00,3603,60.1,Lunch,2,Sat,Thu,13,278278,wisely
2026-08-13T05:11:58+00:00,2026-08-15T13:30:00-04:00,3618,60.3,Lunch,2,Sat,Thu,13,278278,wisely
2026-08-13T05:11:58+00:00,2026-08-15T13:30:00-04:00,3618,60.3,Lunch,4,Sat,Thu,13,278278,wisely
2026-08-13T05:11:59+00:00,2026-08-15T13:45:00-04:00,3633,60.6,Lunch,2,Sat,Thu,13,278278,wisely
2026-08-13T05:12:00+00:00,2026-08-15T14:00:00-04:00,3648,60.8,Lunch,2,Sat,Thu,14,278278,wisely
2026-08-13T05:12:01+00:00,2026-08-15T14:15:00-04:00,3663,61.0,Lunch,2,Sat,Thu,14,278278,wisely
2026-08-13T05:11:59+00:00,2026-08-15T14:15:00-04:00,3663,61.1,Lunch,4,Sat,Thu,14,278278,wisely
2026-08-14T19:29:26+00:00,2026-08-15T14:30:00-04:00,1381,23.0,Lunch,2,Sat,Fri,14,278278,wisely
2026-08-13T05:12:00+00:00,2026-08-15T14:30:00-04:00,3678,61.3,Lunch,4,Sat,Thu,14,278278,wisely
2026-08-14T20:04:27+00:00,2026-08-15T14:45:00-04:00,1361,22.7,Lunch,2,Sat,Fri,14,278278,wisely
2026-08-13T19:43:52+00:00,2026-08-15T14:45:00-04:00,2821,47.0,Lunch,4,Sat,Thu,14,278278,wisely
2026-08-13T15:45:39+00:00,2026-08-15T15:00:00-04:00,3074,51.2,Lunch,4,Sat,Thu,15,278278,wisely
2026-08-15T12:56:08+00:00,2026-08-15T15:15:00-04:00,379,6.3,Lunch,2,Sat,Sat,15,278278,wisely
2026-08-13T18:36:54+00:00,2026-08-15T15:15:00-04:00,2918,48.6,Lunch,4,Sat,Thu,15,278278,wisely
2026-08-14T17:30:01+00:00,2026-08-15T15:45:00-04:00,1575,26.2,Lunch,4,Sat,Fri,15,278278,wisely
2026-08-15T18:44:00+00:00,2026-08-15T16:00:00-04:00,76,1.3,Lunch,2,Sat,Sat,16,278278,wisely
2026-08-15T11:46:32+00:00,2026-08-15T16:15:00-04:00,508,8.5,Lunch,2,Sat,Sat,16,278278,wisely
2026-08-15T11:46:23+00:00,2026-08-15T16:15:00-04:00,509,8.5,Lunch,4,Sat,Sat,16,278278,wisely
2026-08-14T19:28:56+00:00,2026-08-15T16:45:00-04:00,1516,25.3,Dinner,2,Sat,Fri,16,278278,wisely
2026-08-14T10:39:27+00:00,2026-08-15T17:00:00-04:00,2061,34.3,Dinner,2,Sat,Fri,17,278278,wisely
2026-08-14T10:39:28+00:00,2026-08-15T17:00:00-04:00,2061,34.3,Dinner,4,Sat,Fri,17,278278,wisely
2026-08-15T10:58:46+00:00,2026-08-15T17:15:00-04:00,616,10.3,Dinner,2,Sat,Sat,17,278278,wisely
2026-08-12T22:57:15+00:00,2026-08-15T18:00:00-04:00,4263,71.0,Dinner,2,Sat,Wed,18,278278,wisely
2026-08-12T22:57:15+00:00,2026-08-15T18:00:00-04:00,4263,71.0,Dinner,4,Sat,Wed,18,278278,wisely
2026-08-14T14:37:31+00:00,2026-08-15T19:30:00-04:00,1972,32.9,Dinner,2,Sat,Fri,19,278278,wisely
2026-08-14T14:37:32+00:00,2026-08-15T19:30:00-04:00,1972,32.9,Dinner,4,Sat,Fri,19,278278,wisely
2026-08-15T03:25:39+00:00,2026-08-15T20:00:00-04:00,1234,20.6,Dinner,2,Sat,Fri,20,278278,wisely
2026-08-15T02:50:31+00:00,2026-08-15T20:45:00-04:00,1314,21.9,Dinner,2,Sat,Fri,20,278278,wisely
2026-08-13T23:27:13+00:00,2026-08-15T21:15:00-04:00,2988,49.8,Dinner,2,Sat,Thu,21,278278,wisely
2026-08-13T23:27:14+00:00,2026-08-15T21:15:00-04:00,2988,49.8,Dinner,4,Sat,Thu,21,278278,wisely
2026-08-12T14:43:39+00:00,2026-08-15T21:30:00-04:00,4966,82.8,Dinner,2,Sat,Wed,21,278278,wisely
2026-08-14T04:28:27+00:00,2026-08-16T11:30:00-04:00,3542,59.0,Lunch,2,Sun,Fri,11,278278,wisely
2026-08-14T04:28:28+00:00,2026-08-16T11:30:00-04:00,3542,59.0,Lunch,4,Sun,Fri,11,278278,wisely
2026-08-14T04:28:28+00:00,2026-08-16T11:45:00-04:00,3557,59.3,Lunch,2,Sun,Fri,11,278278,wisely
2026-08-14T04:28:29+00:00,2026-08-16T11:45:00-04:00,3557,59.3,Lunch,4,Sun,Fri,11,278278,wisely
2026-08-14T04:28:28+00:00,2026-08-16T12:00:00-04:00,3572,59.5,Lunch,2,Sun,Fri,12,278278,wisely
2026-08-14T04:28:29+00:00,2026-08-16T12:00:00-04:00,3572,59.5,Lunch,4,Sun,Fri,12,278278,wisely
2026-08-14T04:28:30+00:00,2026-08-16T12:15:00-04:00,3586,59.8,Lunch,2,Sun,Fri,12,278278,wisely
2026-08-14T04:28:31+00:00,2026-08-16T12:15:00-04:00,3586,59.8,Lunch,4,Sun,Fri,12,278278,wisely
2026-08-14T04:28:31+00:00,2026-08-16T12:30:00-04:00,3601,60.0,Lunch,2,Sun,Fri,12,278278,wisely
2026-08-15T14:57:48+00:00,2026-08-16T12:30:00-04:00,1532,25.5,Lunch,4,Sun,Sat,12,278278,wisely
2026-08-15T17:32:15+00:00,2026-08-16T13:00:00-04:00,1408,23.5,Lunch,2,Sun,Sat,13,278278,wisely
2026-08-15T17:32:16+00:00,2026-08-16T13:00:00-04:00,1408,23.5,Lunch,4,Sun,Sat,13,278278,wisely
2026-08-14T12:10:12+00:00,2026-08-16T13:15:00-04:00,3185,53.1,Lunch,2,Sun,Fri,13,278278,wisely
2026-08-14T12:10:12+00:00,2026-08-16T13:15:00-04:00,3185,53.1,Lunch,4,Sun,Fri,13,278278,wisely
2026-08-14T04:28:33+00:00,2026-08-16T13:30:00-04:00,3661,61.0,Lunch,2,Sun,Fri,13,278278,wisely
2026-08-14T04:28:34+00:00,2026-08-16T13:45:00-04:00,3676,61.3,Lunch,2,Sun,Fri,13,278278,wisely
2026-08-15T15:39:54+00:00,2026-08-16T14:00:00-04:00,1580,26.3,Lunch,2,Sun,Sat,14,278278,wisely
2026-08-15T15:55:16+00:00,2026-08-16T14:00:00-04:00,1565,26.1,Lunch,4,Sun,Sat,14,278278,wisely
2026-08-14T04:28:34+00:00,2026-08-16T14:15:00-04:00,3706,61.8,Lunch,2,Sun,Fri,14,278278,wisely
2026-08-15T14:36:36+00:00,2026-08-16T14:45:00-04:00,1688,28.1,Lunch,2,Sun,Sat,14,278278,wisely
2026-08-16T13:09:47+00:00,2026-08-16T15:00:00-04:00,350,5.8,Lunch,2,Sun,Sun,15,278278,wisely
2026-08-16T03:15:49+00:00,2026-08-16T15:15:00-04:00,959,16.0,Lunch,2,Sun,Sat,15,278278,wisely
2026-08-16T03:15:36+00:00,2026-08-16T15:15:00-04:00,959,16.0,Lunch,4,Sun,Sat,15,278278,wisely
2026-08-14T21:34:01+00:00,2026-08-16T19:30:00+00:00,2756,45.9,Lunch,2,Sun,Fri,15,278278,wisely
2026-08-14T21:34:02+00:00,2026-08-16T19:30:00+00:00,2756,45.9,Lunch,4,Sun,Fri,15,278278,wisely
2026-08-15T13:52:36+00:00,2026-08-16T16:00:00-04:00,1807,30.1,Lunch,2,Sun,Sat,16,278278,wisely
2026-08-15T14:08:17+00:00,2026-08-16T16:30:00-04:00,1822,30.4,Dinner,2,Sun,Sat,16,278278,wisely
2026-08-14T22:20:33+00:00,2026-08-16T16:45:00-04:00,2784,46.4,Dinner,2,Sun,Fri,16,278278,wisely
2026-08-14T22:20:34+00:00,2026-08-16T16:45:00-04:00,2784,46.4,Dinner,4,Sun,Fri,16,278278,wisely
2026-08-15T21:50:16+00:00,2026-08-16T21:00:00+00:00,1390,23.2,Dinner,2,Sun,Sat,17,278278,wisely
2026-08-15T21:50:17+00:00,2026-08-16T21:00:00+00:00,1390,23.2,Dinner,4,Sun,Sat,17,278278,wisely
2026-08-16T03:15:27+00:00,2026-08-16T17:15:00-04:00,1080,18.0,Dinner,2,Sun,Sat,17,278278,wisely
2026-08-16T03:15:28+00:00,2026-08-16T17:15:00-04:00,1080,18.0,Dinner,4,Sun,Sat,17,278278,wisely
2026-08-16T11:18:54+00:00,2026-08-16T17:45:00-04:00,626,10.4,Dinner,2,Sun,Sun,17,278278,wisely
2026-08-16T11:18:54+00:00,2026-08-16T17:45:00-04:00,626,10.4,Dinner,4,Sun,Sun,17,278278,wisely
2026-08-14T19:29:33+00:00,2026-08-16T18:15:00-04:00,3045,50.8,Dinner,2,Sun,Fri,18,278278,wisely
2026-08-15T12:56:12+00:00,2026-08-16T19:30:00-04:00,2074,34.6,Dinner,2,Sun,Sat,19,278278,wisely
2026-08-15T12:56:13+00:00,2026-08-16T19:30:00-04:00,2074,34.6,Dinner,4,Sun,Sat,19,278278,wisely
2026-08-16T20:30:22+00:00,2026-08-16T20:00:00-04:00,210,3.5,Dinner,2,Sun,Sun,20,278278,wisely
2026-08-14T12:09:50+00:00,2026-08-16T20:15:00-04:00,3605,60.1,Dinner,2,Sun,Fri,20,278278,wisely
2026-08-14T12:09:51+00:00,2026-08-16T20:15:00-04:00,3605,60.1,Dinner,4,Sun,Fri,20,278278,wisely
2026-08-16T19:47:27+00:00,2026-08-16T20:30:00-04:00,283,4.7,Dinner,2,Sun,Sun,20,278278,wisely
2026-08-16T19:47:28+00:00,2026-08-16T20:30:00-04:00,283,4.7,Dinner,4,Sun,Sun,20,278278,wisely
2026-08-15T23:55:10+00:00,2026-08-17T00:45:00+00:00,1490,24.8,Dinner,2,Sun,Sat,20,278278,wisely
2026-08-15T23:55:11+00:00,2026-08-17T00:45:00+00:00,1490,24.8,Dinner,4,Sun,Sat,20,278278,wisely
2026-08-14T20:04:34+00:00,2026-08-16T21:00:00-04:00,3175,52.9,Dinner,2,Sun,Fri,21,278278,wisely
2026-08-13T05:12:02+00:00,2026-08-16T21:15:00-04:00,5523,92.0,Dinner,2,Sun,Thu,21,278278,wisely
2026-08-13T05:12:02+00:00,2026-08-16T21:15:00-04:00,5523,92.0,Dinner,4,Sun,Thu,21,278278,wisely
2026-08-15T04:05:23+00:00,2026-08-17T11:30:00-04:00,3565,59.4,Lunch,2,Mon,Sat,11,278278,wisely
2026-08-15T04:05:24+00:00,2026-08-17T11:30:00-04:00,3565,59.4,Lunch,4,Mon,Sat,11,278278,wisely
2026-08-15T04:05:24+00:00,2026-08-17T11:45:00-04:00,3580,59.7,Lunch,2,Mon,Sat,11,278278,wisely
2026-08-15T04:05:25+00:00,2026-08-17T11:45:00-04:00,3580,59.7,Lunch,4,Mon,Sat,11,278278,wisely
2026-08-15T04:05:24+00:00,2026-08-17T12:00:00-04:00,3595,59.9,Lunch,2,Mon,Sat,12,278278,wisely
2026-08-15T04:05:25+00:00,2026-08-17T12:00:00-04:00,3595,59.9,Lunch,4,Mon,Sat,12,278278,wisely
2026-08-15T04:05:26+00:00,2026-08-17T12:15:00-04:00,3610,60.2,Lunch,2,Mon,Sat,12,278278,wisely
2026-08-15T04:05:27+00:00,2026-08-17T12:30:00-04:00,3625,60.4,Lunch,2,Mon,Sat,12,278278,wisely
2026-08-15T04:05:28+00:00,2026-08-17T12:45:00-04:00,3640,60.7,Lunch,2,Mon,Sat,12,278278,wisely
2026-08-15T04:05:28+00:00,2026-08-17T12:45:00-04:00,3640,60.7,Lunch,4,Mon,Sat,12,278278,wisely
2026-08-15T04:05:29+00:00,2026-08-17T13:00:00-04:00,3655,60.9,Lunch,2,Mon,Sat,13,278278,wisely
2026-08-15T04:05:29+00:00,2026-08-17T13:00:00-04:00,3655,60.9,Lunch,4,Mon,Sat,13,278278,wisely
2026-08-15T04:05:30+00:00,2026-08-17T13:15:00-04:00,3669,61.2,Lunch,2,Mon,Sat,13,278278,wisely
2026-08-15T04:05:30+00:00,2026-08-17T13:15:00-04:00,3669,61.2,Lunch,4,Mon,Sat,13,278278,wisely
2026-08-15T04:05:31+00:00,2026-08-17T13:30:00-04:00,3684,61.4,Lunch,2,Mon,Sat,13,278278,wisely
2026-08-15T04:05:32+00:00,2026-08-17T13:30:00-04:00,3684,61.4,Lunch,4,Mon,Sat,13,278278,wisely
2026-08-15T04:05:32+00:00,2026-08-17T13:45:00-04:00,3699,61.7,Lunch,2,Mon,Sat,13,278278,wisely
2026-08-15T04:05:33+00:00,2026-08-17T13:45:00-04:00,3699,61.7,Lunch,4,Mon,Sat,13,278278,wisely
2026-08-15T04:05:34+00:00,2026-08-17T14:00:00-04:00,3714,61.9,Lunch,2,Mon,Sat,14,278278,wisely
2026-08-15T04:05:34+00:00,2026-08-17T14:00:00-04:00,3714,61.9,Lunch,4,Mon,Sat,14,278278,wisely
2026-08-15T04:05:35+00:00,2026-08-17T14:15:00-04:00,3729,62.2,Lunch,2,Mon,Sat,14,278278,wisely
2026-08-15T04:05:35+00:00,2026-08-17T14:15:00-04:00,3729,62.2,Lunch,4,Mon,Sat,14,278278,wisely
2026-08-17T14:48:21+00:00,2026-08-17T14:30:00-04:00,222,3.7,Lunch,2,Mon,Mon,14,278278,wisely
2026-08-17T18:01:50+00:00,2026-08-17T15:00:00-04:00,58,1.0,Lunch,2,Mon,Mon,15,278278,wisely
2026-08-17T18:01:51+00:00,2026-08-17T15:45:00-04:00,103,1.7,Lunch,2,Mon,Mon,15,278278,wisely
2026-08-14T04:28:36+00:00,2026-08-17T16:30:00-04:00,5281,88.0,Dinner,2,Mon,Fri,16,278278,wisely
2026-08-16T14:28:43+00:00,2026-08-17T16:45:00-04:00,1816,30.3,Dinner,2,Mon,Sun,16,278278,wisely
2026-08-16T14:28:44+00:00,2026-08-17T16:45:00-04:00,1816,30.3,Dinner,4,Mon,Sun,16,278278,wisely
2026-08-15T15:55:39+00:00,2026-08-17T17:15:00-04:00,3199,53.3,Dinner,2,Mon,Sat,17,278278,wisely
2026-08-15T15:55:40+00:00,2026-08-17T17:15:00-04:00,3199,53.3,Dinner,4,Mon,Sat,17,278278,wisely
2026-08-15T23:21:02+00:00,2026-08-17T17:45:00-04:00,2784,46.4,Dinner,2,Mon,Sat,17,278278,wisely
2026-08-15T23:21:02+00:00,2026-08-17T17:45:00-04:00,2784,46.4,Dinner,4,Mon,Sat,17,278278,wisely
2026-08-16T16:58:10+00:00,2026-08-17T19:15:00-04:00,1817,30.3,Dinner,2,Mon,Sun,19,278278,wisely
2026-08-17T13:02:09+00:00,2026-08-17T19:15:00-04:00,613,10.2,Dinner,4,Mon,Mon,19,278278,wisely
2026-08-16T14:28:43+00:00,2026-08-17T19:45:00-04:00,1996,33.3,Dinner,2,Mon,Sun,19,278278,wisely
2026-08-16T14:28:44+00:00,2026-08-17T19:45:00-04:00,1996,33.3,Dinner,4,Mon,Sun,19,278278,wisely
2026-08-17T00:00:55+00:00,2026-08-17T20:15:00-04:00,1454,24.2,Dinner,2,Mon,Sun,20,278278,wisely
2026-08-17T00:00:57+00:00,2026-08-17T20:15:00-04:00,1454,24.2,Dinner,4,Mon,Sun,20,278278,wisely
2026-08-16T14:28:44+00:00,2026-08-17T20:30:00-04:00,2041,34.0,Dinner,2,Mon,Sun,20,278278,wisely
2026-08-16T14:28:45+00:00,2026-08-17T20:30:00-04:00,2041,34.0,Dinner,4,Mon,Sun,20,278278,wisely
2026-08-16T15:32:29+00:00,2026-08-17T20:45:00-04:00,1993,33.2,Dinner,2,Mon,Sun,20,278278,wisely
2026-08-17T02:48:42+00:00,2026-08-17T20:45:00-04:00,1316,21.9,Dinner,4,Mon,Sun,20,278278,wisely
2026-08-16T14:28:48+00:00,2026-08-17T21:00:00-04:00,2071,34.5,Dinner,2,Mon,Sun,21,278278,wisely
2026-08-16T14:28:48+00:00,2026-08-17T21:00:00-04:00,2071,34.5,Dinner,4,Mon,Sun,21,278278,wisely
2026-08-14T04:28:36+00:00,2026-08-17T21:30:00-04:00,5581,93.0,Dinner,2,Mon,Fri,21,278278,wisely
2026-08-14T04:28:37+00:00,2026-08-17T21:30:00-04:00,5581,93.0,Dinner,4,Mon,Fri,21,278278,wisely
2026-08-14T04:28:37+00:00,2026-08-17T21:45:00-04:00,5596,93.3,Dinner,2,Mon,Fri,21,278278,wisely
2026-08-14T04:28:37+00:00,2026-08-17T21:45:00-04:00,5596,93.3,Dinner,4,Mon,Fri,21,278278,wisely
2026-08-16T04:04:01+00:00,2026-08-18T11:30:00-04:00,3566,59.4,Lunch,2,Tue,Sun,11,278278,wisely
2026-08-16T04:04:02+00:00,2026-08-18T11:30:00-04:00,3566,59.4,Lunch,4,Tue,Sun,11,278278,wisely
2026-08-16T04:04:01+00:00,2026-08-18T11:45:00-04:00,3581,59.7,Lunch,2,Tue,Sun,11,278278,wisely
2026-08-16T04:04:02+00:00,2026-08-18T11:45:00-04:00,3581,59.7,Lunch,4,Tue,Sun,11,278278,wisely
2026-08-18T12:15:58+00:00,2026-08-18T12:00:00-04:00,224,3.7,Lunch,2,Tue,Tue,12,278278,wisely
2026-08-18T12:15:59+00:00,2026-08-18T12:00:00-04:00,224,3.7,Lunch,4,Tue,Tue,12,278278,wisely
2026-08-17T14:14:12+00:00,2026-08-18T12:15:00-04:00,1561,26.0,Lunch,2,Tue,Mon,12,278278,wisely
2026-08-17T14:14:13+00:00,2026-08-18T12:15:00-04:00,1561,26.0,Lunch,4,Tue,Mon,12,278278,wisely
2026-08-16T04:04:01+00:00,2026-08-18T12:45:00-04:00,3641,60.7,Lunch,2,Tue,Sun,12,278278,wisely
2026-08-18T14:39:13+00:00,2026-08-18T12:45:00-04:00,126,2.1,Lunch,4,Tue,Tue,12,278278,wisely
2026-08-16T04:04:04+00:00,2026-08-18T13:15:00-04:00,3671,61.2,Lunch,2,Tue,Sun,13,278278,wisely
2026-08-16T04:04:02+00:00,2026-08-18T13:15:00-04:00,3671,61.2,Lunch,4,Tue,Sun,13,278278,wisely
2026-08-16T04:04:04+00:00,2026-08-18T13:30:00-04:00,3686,61.4,Lunch,2,Tue,Sun,13,278278,wisely
2026-08-16T04:04:05+00:00,2026-08-18T13:30:00-04:00,3686,61.4,Lunch,4,Tue,Sun,13,278278,wisely
2026-08-16T04:04:06+00:00,2026-08-18T13:45:00-04:00,3701,61.7,Lunch,2,Tue,Sun,13,278278,wisely
2026-08-16T04:04:05+00:00,2026-08-18T13:45:00-04:00,3701,61.7,Lunch,4,Tue,Sun,13,278278,wisely
2026-08-16T04:04:07+00:00,2026-08-18T14:00:00-04:00,3716,61.9,Lunch,2,Tue,Sun,14,278278,wisely
2026-08-16T04:04:07+00:00,2026-08-18T14:00:00-04:00,3716,61.9,Lunch,4,Tue,Sun,14,278278,wisely
2026-08-16T04:04:08+00:00,2026-08-18T14:15:00-04:00,3731,62.2,Lunch,2,Tue,Sun,14,278278,wisely
2026-08-16T04:04:08+00:00,2026-08-18T14:15:00-04:00,3731,62.2,Lunch,4,Tue,Sun,14,278278,wisely
2026-08-18T15:43:22+00:00,2026-08-18T14:30:00-04:00,167,2.8,Lunch,2,Tue,Tue,14,278278,wisely
2026-08-17T21:28:20+00:00,2026-08-18T14:30:00-04:00,1262,21.0,Lunch,4,Tue,Mon,14,278278,wisely
2026-08-18T16:45:37+00:00,2026-08-18T14:45:00-04:00,119,2.0,Lunch,2,Tue,Tue,14,278278,wisely
2026-08-18T16:03:05+00:00,2026-08-18T14:45:00-04:00,162,2.7,Lunch,4,Tue,Tue,14,278278,wisely
2026-08-18T18:16:08+00:00,2026-08-18T15:00:00-04:00,44,0.7,Lunch,2,Tue,Tue,15,278278,wisely
2026-08-18T19:00:20+00:00,2026-08-18T15:15:00-04:00,15,0.2,Lunch,2,Tue,Tue,15,278278,wisely
2026-08-18T18:16:10+00:00,2026-08-18T15:15:00-04:00,59,1.0,Lunch,4,Tue,Tue,15,278278,wisely
2026-08-18T19:00:20+00:00,2026-08-18T15:30:00-04:00,30,0.5,Lunch,2,Tue,Tue,15,278278,wisely
2026-08-18T19:00:21+00:00,2026-08-18T15:30:00-04:00,30,0.5,Lunch,4,Tue,Tue,15,278278,wisely
2026-08-17T14:48:24+00:00,2026-08-18T16:45:00-04:00,1797,29.9,Dinner,2,Tue,Mon,16,278278,wisely
2026-08-17T14:48:24+00:00,2026-08-18T16:45:00-04:00,1797,29.9,Dinner,4,Tue,Mon,16,278278,wisely
2026-08-17T03:37:43+00:00,2026-08-18T17:00:00-04:00,2482,41.4,Dinner,2,Tue,Sun,17,278278,wisely
2026-08-17T03:37:44+00:00,2026-08-18T17:00:00-04:00,2482,41.4,Dinner,4,Tue,Sun,17,278278,wisely
2026-08-18T00:54:57+00:00,2026-08-18T17:15:00-04:00,1220,20.3,Dinner,2,Tue,Mon,17,278278,wisely
2026-08-17T16:34:41+00:00,2026-08-18T17:30:00-04:00,1735,28.9,Dinner,2,Tue,Mon,17,278278,wisely
2026-08-17T16:34:42+00:00,2026-08-18T17:30:00-04:00,1735,28.9,Dinner,4,Tue,Mon,17,278278,wisely
2026-08-17T14:13:56+00:00,2026-08-18T18:00:00-04:00,1906,31.8,Dinner,2,Tue,Mon,18,278278,wisely
2026-08-17T14:13:57+00:00,2026-08-18T18:00:00-04:00,1906,31.8,Dinner,4,Tue,Mon,18,278278,wisely
2026-08-16T23:54:00+00:00,2026-08-18T20:15:00-04:00,2901,48.3,Dinner,2,Tue,Sun,20,278278,wisely
2026-08-16T23:54:01+00:00,2026-08-18T20:15:00-04:00,2901,48.3,Dinner,4,Tue,Sun,20,278278,wisely
2026-08-17T14:48:24+00:00,2026-08-18T20:30:00-04:00,2022,33.7,Dinner,2,Tue,Mon,20,278278,wisely
2026-08-17T14:48:25+00:00,2026-08-18T20:30:00-04:00,2022,33.7,Dinner,4,Tue,Mon,20,278278,wisely
2026-08-15T23:20:34+00:00,2026-08-19T00:45:00+00:00,4404,73.4,Dinner,2,Tue,Sat,20,278278,wisely
2026-08-17T14:13:57+00:00,2026-08-18T20:45:00-04:00,2071,34.5,Dinner,4,Tue,Mon,20,278278,wisely
2026-08-17T14:13:56+00:00,2026-08-18T21:00:00-04:00,2086,34.8,Dinner,2,Tue,Mon,21,278278,wisely
2026-08-17T14:13:57+00:00,2026-08-18T21:00:00-04:00,2086,34.8,Dinner,4,Tue,Mon,21,278278,wisely
2026-08-17T13:50:41+00:00,2026-08-18T21:15:00-04:00,2124,35.4,Dinner,2,Tue,Mon,21,278278,wisely
2026-08-17T13:50:42+00:00,2026-08-18T21:15:00-04:00,2124,35.4,Dinner,4,Tue,Mon,21,278278,wisely
2026-08-15T04:05:36+00:00,2026-08-18T21:30:00-04:00,5604,93.4,Dinner,2,Tue,Sat,21,278278,wisely
2026-08-15T04:05:37+00:00,2026-08-18T21:30:00-04:00,5604,93.4,Dinner,4,Tue,Sat,21,278278,wisely
2026-08-15T04:05:36+00:00,2026-08-18T21:45:00-04:00,5619,93.7,Dinner,2,Tue,Sat,21,278278,wisely
2026-08-15T04:05:37+00:00,2026-08-18T21:45:00-04:00,5619,93.7,Dinner,4,Tue,Sat,21,278278,wisely
2026-08-17T04:26:26+00:00,2026-08-19T11:30:00-04:00,3544,59.1,Lunch,2,Wed,Mon,11,278278,wisely
2026-08-17T04:26:28+00:00,2026-08-19T11:30:00-04:00,3544,59.1,Lunch,4,Wed,Mon,11,278278,wisely
2026-08-17T04:26:27+00:00,2026-08-19T11:45:00-04:00,3559,59.3,Lunch,2,Wed,Mon,11,278278,wisely
2026-08-17T04:26:28+00:00,2026-08-19T11:45:00-04:00,3559,59.3,Lunch,4,Wed,Mon,11,278278,wisely
2026-08-18T14:39:58+00:00,2026-08-19T12:00:00-04:00,1520,25.3,Lunch,2,Wed,Tue,12,278278,wisely
2026-08-18T14:39:59+00:00,2026-08-19T12:00:00-04:00,1520,25.3,Lunch,4,Wed,Tue,12,278278,wisely
2026-08-19T13:34:04+00:00,2026-08-19T12:15:00-04:00,161,2.7,Lunch,2,Wed,Wed,12,278278,wisely
2026-08-18T14:00:27+00:00,2026-08-19T12:45:00-04:00,1605,26.7,Lunch,2,Wed,Tue,12,278278,wisely
2026-08-18T14:00:28+00:00,2026-08-19T12:45:00-04:00,1605,26.7,Lunch,4,Wed,Tue,12,278278,wisely
2026-08-17T13:04:43+00:00,2026-08-19T13:00:00-04:00,3115,51.9,Lunch,2,Wed,Mon,13,278278,wisely
2026-08-17T13:04:44+00:00,2026-08-19T13:00:00-04:00,3115,51.9,Lunch,4,Wed,Mon,13,278278,wisely
2026-08-17T04:26:27+00:00,2026-08-19T13:15:00-04:00,3649,60.8,Lunch,2,Wed,Mon,13,278278,wisely
2026-08-18T18:17:04+00:00,2026-08-19T13:30:00-04:00,1393,23.2,Lunch,2,Wed,Tue,13,278278,wisely
2026-08-17T04:26:31+00:00,2026-08-19T13:45:00-04:00,3678,61.3,Lunch,2,Wed,Mon,13,278278,wisely
2026-08-17T04:26:29+00:00,2026-08-19T13:45:00-04:00,3679,61.3,Lunch,4,Wed,Mon,13,278278,wisely
2026-08-17T04:26:32+00:00,2026-08-19T14:00:00-04:00,3693,61.6,Lunch,2,Wed,Mon,14,278278,wisely
2026-08-17T04:26:33+00:00,2026-08-19T14:00:00-04:00,3693,61.6,Lunch,4,Wed,Mon,14,278278,wisely
2026-08-17T04:26:35+00:00,2026-08-19T14:15:00-04:00,3708,61.8,Lunch,2,Wed,Mon,14,278278,wisely
2026-08-17T04:26:33+00:00,2026-08-19T14:15:00-04:00,3708,61.8,Lunch,4,Wed,Mon,14,278278,wisely
2026-08-18T14:00:42+00:00,2026-08-19T14:30:00-04:00,1709,28.5,Lunch,2,Wed,Tue,14,278278,wisely
2026-08-18T14:00:43+00:00,2026-08-19T14:30:00-04:00,1709,28.5,Lunch,4,Wed,Tue,14,278278,wisely
2026-08-19T16:32:08+00:00,2026-08-19T14:45:00-04:00,133,2.2,Lunch,2,Wed,Wed,14,278278,wisely
2026-08-18T23:17:43+00:00,2026-08-19T14:45:00-04:00,1167,19.5,Lunch,4,Wed,Tue,14,278278,wisely
2026-08-19T18:12:30+00:00,2026-08-19T15:00:00-04:00,47,0.8,Lunch,2,Wed,Wed,15,278278,wisely
2026-08-19T18:12:32+00:00,2026-08-19T15:00:00-04:00,47,0.8,Lunch,4,Wed,Wed,15,278278,wisely
2026-08-19T18:56:28+00:00,2026-08-19T15:15:00-04:00,19,0.3,Lunch,2,Wed,Wed,15,278278,wisely
2026-08-19T18:56:30+00:00,2026-08-19T15:15:00-04:00,18,0.3,Lunch,4,Wed,Wed,15,278278,wisely
2026-08-19T18:56:29+00:00,2026-08-19T15:30:00-04:00,34,0.6,Lunch,2,Wed,Wed,15,278278,wisely
2026-08-19T18:56:30+00:00,2026-08-19T15:30:00-04:00,33,0.6,Lunch,4,Wed,Wed,15,278278,wisely
2026-08-19T18:56:29+00:00,2026-08-19T15:45:00-04:00,49,0.8,Lunch,2,Wed,Wed,15,278278,wisely
2026-08-19T18:56:30+00:00,2026-08-19T15:45:00-04:00,48,0.8,Lunch,4,Wed,Wed,15,278278,wisely
2026-08-16T21:31:46+00:00,2026-08-19T20:30:00+00:00,4258,71.0,Dinner,2,Wed,Sun,16,278278,wisely
2026-08-16T22:30:42+00:00,2026-08-19T21:00:00+00:00,4229,70.5,Dinner,2,Wed,Sun,17,278278,wisely
2026-08-16T22:30:43+00:00,2026-08-19T21:00:00+00:00,4229,70.5,Dinner,4,Wed,Sun,17,278278,wisely
2026-08-19T15:26:11+00:00,2026-08-19T17:30:00-04:00,364,6.1,Dinner,2,Wed,Wed,17,278278,wisely
2026-08-18T14:39:36+00:00,2026-08-19T17:45:00-04:00,1865,31.1,Dinner,2,Wed,Tue,17,278278,wisely
2026-08-18T14:00:25+00:00,2026-08-19T18:15:00-04:00,1935,32.2,Dinner,2,Wed,Tue,18,278278,wisely
2026-08-18T14:00:24+00:00,2026-08-19T18:15:00-04:00,1935,32.2,Dinner,4,Wed,Tue,18,278278,wisely
2026-08-17T14:49:06+00:00,2026-08-19T19:45:00-04:00,3416,56.9,Dinner,2,Wed,Mon,19,278278,wisely
2026-08-18T14:00:25+00:00,2026-08-19T20:00:00-04:00,2040,34.0,Dinner,2,Wed,Tue,20,278278,wisely
2026-08-18T14:00:26+00:00,2026-08-19T20:00:00-04:00,2040,34.0,Dinner,4,Wed,Tue,20,278278,wisely
2026-08-17T20:29:50+00:00,2026-08-19T20:45:00-04:00,3135,52.3,Dinner,2,Wed,Mon,20,278278,wisely
2026-08-18T21:56:49+00:00,2026-08-19T21:00:00-04:00,1623,27.1,Dinner,2,Wed,Tue,21,278278,wisely
2026-08-16T04:04:08+00:00,2026-08-19T21:30:00-04:00,5606,93.4,Dinner,2,Wed,Sun,21,278278,wisely
2026-08-16T04:04:09+00:00,2026-08-19T21:45:00-04:00,5621,93.7,Dinner,2,Wed,Sun,21,278278,wisely
2026-08-16T04:04:09+00:00,2026-08-19T21:45:00-04:00,5621,93.7,Dinner,4,Wed,Sun,21,278278,wisely
2026-08-18T04:03:04+00:00,2026-08-20T11:30:00-04:00,3567,59.4,Lunch,2,Thu,Tue,11,278278,wisely
2026-08-18T04:03:05+00:00,2026-08-20T11:30:00-04:00,3567,59.4,Lunch,4,Thu,Tue,11,278278,wisely
2026-08-18T04:03:04+00:00,2026-08-20T11:45:00-04:00,3582,59.7,Lunch,2,Thu,Tue,11,278278,wisely
2026-08-18T04:03:06+00:00,2026-08-20T11:45:00-04:00,3582,59.7,Lunch,4,Thu,Tue,11,278278,wisely
2026-08-18T04:03:04+00:00,2026-08-20T12:15:00-04:00,3612,60.2,Lunch,2,Thu,Tue,12,278278,wisely
2026-08-19T21:36:16+00:00,2026-08-20T12:30:00-04:00,1134,18.9,Lunch,2,Thu,Wed,12,278278,wisely
2026-08-18T04:03:08+00:00,2026-08-20T13:00:00-04:00,3657,60.9,Lunch,2,Thu,Tue,13,278278,wisely
2026-08-19T13:34:36+00:00,2026-08-20T13:00:00-04:00,1645,27.4,Lunch,4,Thu,Wed,13,278278,wisely
2026-08-18T04:03:09+00:00,2026-08-20T13:15:00-04:00,3672,61.2,Lunch,2,Thu,Tue,13,278278,wisely
2026-08-18T04:03:06+00:00,2026-08-20T13:15:00-04:00,3672,61.2,Lunch,4,Thu,Tue,13,278278,wisely
2026-08-18T04:03:11+00:00,2026-08-20T13:30:00-04:00,3687,61.4,Lunch,2,Thu,Tue,13,278278,wisely
2026-08-18T04:03:10+00:00,2026-08-20T13:30:00-04:00,3687,61.4,Lunch,4,Thu,Tue,13,278278,wisely
2026-08-18T04:03:13+00:00,2026-08-20T13:45:00-04:00,3702,61.7,Lunch,2,Thu,Tue,13,278278,wisely
2026-08-18T04:03:11+00:00,2026-08-20T13:45:00-04:00,3702,61.7,Lunch,4,Thu,Tue,13,278278,wisely
2026-08-18T04:03:14+00:00,2026-08-20T14:00:00-04:00,3717,61.9,Lunch,2,Thu,Tue,14,278278,wisely
2026-08-18T04:03:14+00:00,2026-08-20T14:00:00-04:00,3717,61.9,Lunch,4,Thu,Tue,14,278278,wisely
2026-08-18T04:03:15+00:00,2026-08-20T14:15:00-04:00,3732,62.2,Lunch,2,Thu,Tue,14,278278,wisely
2026-08-18T04:03:16+00:00,2026-08-20T14:15:00-04:00,3732,62.2,Lunch,4,Thu,Tue,14,278278,wisely
2026-08-19T21:36:40+00:00,2026-08-20T14:30:00-04:00,1253,20.9,Lunch,2,Thu,Wed,14,278278,wisely
2026-08-19T17:27:38+00:00,2026-08-20T14:30:00-04:00,1502,25.0,Lunch,4,Thu,Wed,14,278278,wisely
2026-08-20T15:19:39+00:00,2026-08-20T14:45:00-04:00,205,3.4,Lunch,2,Thu,Thu,14,278278,wisely
2026-08-20T15:19:40+00:00,2026-08-20T14:45:00-04:00,205,3.4,Lunch,4,Thu,Thu,14,278278,wisely
2026-08-20T17:50:57+00:00,2026-08-20T15:00:00-04:00,69,1.2,Lunch,2,Thu,Thu,15,278278,wisely
2026-08-20T17:50:59+00:00,2026-08-20T15:00:00-04:00,69,1.2,Lunch,4,Thu,Thu,15,278278,wisely
2026-08-20T19:04:08+00:00,2026-08-20T15:15:00-04:00,11,0.2,Lunch,2,Thu,Thu,15,278278,wisely
2026-08-20T19:04:09+00:00,2026-08-20T15:15:00-04:00,11,0.2,Lunch,4,Thu,Thu,15,278278,wisely
2026-08-20T20:00:57+00:00,2026-08-20T16:15:00-04:00,14,0.2,Lunch,2,Thu,Thu,16,278278,wisely
2026-08-19T14:16:33+00:00,2026-08-20T16:30:00-04:00,1813,30.2,Dinner,2,Thu,Wed,16,278278,wisely
2026-08-19T14:16:34+00:00,2026-08-20T16:30:00-04:00,1813,30.2,Dinner,4,Thu,Wed,16,278278,wisely
2026-08-19T00:23:48+00:00,2026-08-20T16:45:00-04:00,2661,44.4,Dinner,2,Thu,Tue,16,278278,wisely
2026-08-19T00:23:49+00:00,2026-08-20T16:45:00-04:00,2661,44.4,Dinner,4,Thu,Tue,16,278278,wisely
2026-08-19T14:16:34+00:00,2026-08-20T17:00:00-04:00,1843,30.7,Dinner,2,Thu,Wed,17,278278,wisely
2026-08-19T14:16:34+00:00,2026-08-20T17:15:00-04:00,1858,31.0,Dinner,2,Thu,Wed,17,278278,wisely
2026-08-19T14:16:34+00:00,2026-08-20T17:15:00-04:00,1858,31.0,Dinner,4,Thu,Wed,17,278278,wisely
2026-08-20T12:16:23+00:00,2026-08-20T19:30:00-04:00,674,11.2,Dinner,2,Thu,Thu,19,278278,wisely
2026-08-17T21:52:59+00:00,2026-08-20T20:15:00-04:00,4462,74.4,Dinner,2,Thu,Mon,20,278278,wisely
2026-08-19T14:16:37+00:00,2026-08-20T20:45:00-04:00,2068,34.5,Dinner,2,Thu,Wed,20,278278,wisely
2026-08-19T14:16:34+00:00,2026-08-20T20:45:00-04:00,2068,34.5,Dinner,4,Thu,Wed,20,278278,wisely
2026-08-19T22:45:19+00:00,2026-08-20T21:15:00-04:00,1590,26.5,Dinner,2,Thu,Wed,21,278278,wisely
2026-08-17T04:26:35+00:00,2026-08-20T21:30:00-04:00,5583,93.1,Dinner,2,Thu,Mon,21,278278,wisely
2026-08-19T14:16:38+00:00,2026-08-20T21:30:00-04:00,2113,35.2,Dinner,4,Thu,Wed,21,278278,wisely
2026-08-17T04:26:36+00:00,2026-08-20T21:45:00-04:00,5598,93.3,Dinner,2,Thu,Mon,21,278278,wisely
2026-08-19T14:56:14+00:00,2026-08-20T21:45:00-04:00,2089,34.8,Dinner,4,Thu,Wed,21,278278,wisely
2026-08-19T04:31:57+00:00,2026-08-21T11:30:00-04:00,3538,59.0,Lunch,2,Fri,Wed,11,278278,wisely
2026-08-19T04:31:58+00:00,2026-08-21T11:30:00-04:00,3538,59.0,Lunch,4,Fri,Wed,11,278278,wisely
2026-08-19T04:31:58+00:00,2026-08-21T11:45:00-04:00,3553,59.2,Lunch,2,Fri,Wed,11,278278,wisely
2026-08-19T04:31:59+00:00,2026-08-21T11:45:00-04:00,3553,59.2,Lunch,4,Fri,Wed,11,278278,wisely
2026-08-19T04:31:58+00:00,2026-08-21T12:00:00-04:00,3568,59.5,Lunch,2,Fri,Wed,12,278278,wisely
2026-08-19T04:31:59+00:00,2026-08-21T12:00:00-04:00,3568,59.5,Lunch,4,Fri,Wed,12,278278,wisely
2026-08-19T04:32:00+00:00,2026-08-21T12:15:00-04:00,3583,59.7,Lunch,2,Fri,Wed,12,278278,wisely
2026-08-19T04:32:01+00:00,2026-08-21T12:30:00-04:00,3598,60.0,Lunch,2,Fri,Wed,12,278278,wisely
2026-08-19T04:32:01+00:00,2026-08-21T12:30:00-04:00,3598,60.0,Lunch,4,Fri,Wed,12,278278,wisely
2026-08-19T04:32:02+00:00,2026-08-21T12:45:00-04:00,3613,60.2,Lunch,2,Fri,Wed,12,278278,wisely
2026-08-19T04:32:03+00:00,2026-08-21T12:45:00-04:00,3613,60.2,Lunch,4,Fri,Wed,12,278278,wisely
2026-08-19T04:32:03+00:00,2026-08-21T13:00:00-04:00,3628,60.5,Lunch,2,Fri,Wed,13,278278,wisely
2026-08-19T04:32:04+00:00,2026-08-21T13:00:00-04:00,3628,60.5,Lunch,4,Fri,Wed,13,278278,wisely
2026-08-19T04:32:04+00:00,2026-08-21T13:15:00-04:00,3643,60.7,Lunch,2,Fri,Wed,13,278278,wisely
2026-08-19T04:32:05+00:00,2026-08-21T13:15:00-04:00,3643,60.7,Lunch,4,Fri,Wed,13,278278,wisely
2026-08-19T04:32:05+00:00,2026-08-21T13:30:00-04:00,3658,61.0,Lunch,2,Fri,Wed,13,278278,wisely
2026-08-19T04:32:06+00:00,2026-08-21T13:30:00-04:00,3658,61.0,Lunch,4,Fri,Wed,13,278278,wisely
2026-08-19T04:32:06+00:00,2026-08-21T13:45:00-04:00,3673,61.2,Lunch,2,Fri,Wed,13,278278,wisely
2026-08-19T04:32:07+00:00,2026-08-21T14:00:00-04:00,3688,61.5,Lunch,2,Fri,Wed,14,278278,wisely
2026-08-19T04:32:07+00:00,2026-08-21T14:00:00-04:00,3688,61.5,Lunch,4,Fri,Wed,14,278278,wisely
2026-08-19T04:32:08+00:00,2026-08-21T14:15:00-04:00,3703,61.7,Lunch,2,Fri,Wed,14,278278,wisely
2026-08-19T04:32:08+00:00,2026-08-21T14:15:00-04:00,3703,61.7,Lunch,4,Fri,Wed,14,278278,wisely
2026-08-20T19:05:08+00:00,2026-08-21T14:30:00-04:00,1405,23.4,Lunch,2,Fri,Thu,14,278278,wisely
2026-08-20T14:51:22+00:00,2026-08-21T14:30:00-04:00,1659,27.6,Lunch,4,Fri,Thu,14,278278,wisely
2026-08-21T14:20:38+00:00,2026-08-21T15:00:00-04:00,279,4.7,Lunch,2,Fri,Fri,15,278278,wisely
2026-08-21T14:20:39+00:00,2026-08-21T15:00:00-04:00,279,4.7,Lunch,4,Fri,Fri,15,278278,wisely
2026-08-18T04:03:16+00:00,2026-08-21T16:30:00-04:00,5307,88.4,Dinner,2,Fri,Tue,16,278278,wisely
2026-08-21T11:59:18+00:00,2026-08-21T16:30:00-04:00,511,8.5,Dinner,4,Fri,Fri,16,278278,wisely
2026-08-19T23:35:09+00:00,2026-08-21T21:00:00+00:00,2725,45.4,Dinner,2,Fri,Wed,17,278278,wisely
2026-08-19T23:35:09+00:00,2026-08-21T21:00:00+00:00,2725,45.4,Dinner,4,Fri,Wed,17,278278,wisely
2026-08-21T10:00:40+00:00,2026-08-21T17:15:00-04:00,674,11.2,Dinner,2,Fri,Fri,17,278278,wisely
2026-08-21T10:00:41+00:00,2026-08-21T17:15:00-04:00,674,11.2,Dinner,4,Fri,Fri,17,278278,wisely
2026-08-20T11:47:06+00:00,2026-08-21T18:15:00-04:00,2068,34.5,Dinner,2,Fri,Thu,18,278278,wisely
2026-08-20T11:47:06+00:00,2026-08-21T18:15:00-04:00,2068,34.5,Dinner,4,Fri,Thu,18,278278,wisely
2026-08-20T23:26:06+00:00,2026-08-21T20:15:00-04:00,1489,24.8,Dinner,2,Fri,Thu,20,278278,wisely
2026-08-18T12:17:50+00:00,2026-08-21T20:45:00-04:00,5067,84.5,Dinner,2,Fri,Tue,20,278278,wisely
2026-08-21T11:03:02+00:00,2026-08-21T21:15:00-04:00,852,14.2,Dinner,2,Fri,Fri,21,278278,wisely
2026-08-20T14:03:23+00:00,2026-08-21T21:30:00-04:00,2127,35.4,Dinner,2,Fri,Thu,21,278278,wisely
2026-08-20T14:03:23+00:00,2026-08-21T21:30:00-04:00,2127,35.4,Dinner,4,Fri,Thu,21,278278,wisely
2026-08-20T14:50:56+00:00,2026-08-21T21:45:00-04:00,2094,34.9,Dinner,2,Fri,Thu,21,278278,wisely
2026-08-20T14:50:56+00:00,2026-08-21T21:45:00-04:00,2094,34.9,Dinner,4,Fri,Thu,21,278278,wisely
2026-08-20T04:03:13+00:00,2026-08-22T11:30:00-04:00,3567,59.4,Lunch,2,Sat,Thu,11,278278,wisely
2026-08-20T04:03:14+00:00,2026-08-22T11:30:00-04:00,3567,59.4,Lunch,4,Sat,Thu,11,278278,wisely
2026-08-20T04:03:13+00:00,2026-08-22T11:45:00-04:00,3582,59.7,Lunch,2,Sat,Thu,11,278278,wisely
2026-08-20T04:03:14+00:00,2026-08-22T11:45:00-04:00,3582,59.7,Lunch,4,Sat,Thu,11,278278,wisely
2026-08-21T14:21:03+00:00,2026-08-22T12:00:00-04:00,1539,25.6,Lunch,2,Sat,Fri,12,278278,wisely
2026-08-21T14:21:04+00:00,2026-08-22T12:00:00-04:00,1539,25.6,Lunch,4,Sat,Fri,12,278278,wisely
2026-08-20T04:03:13+00:00,2026-08-22T12:15:00-04:00,3612,60.2,Lunch,2,Sat,Thu,12,278278,wisely
2026-08-20T04:03:14+00:00,2026-08-22T12:15:00-04:00,3612,60.2,Lunch,4,Sat,Thu,12,278278,wisely
2026-08-20T04:03:16+00:00,2026-08-22T12:45:00-04:00,3642,60.7,Lunch,2,Sat,Thu,12,278278,wisely
2026-08-20T04:03:16+00:00,2026-08-22T12:45:00-04:00,3642,60.7,Lunch,4,Sat,Thu,12,278278,wisely
2026-08-20T04:03:17+00:00,2026-08-22T13:15:00-04:00,3672,61.2,Lunch,2,Sat,Thu,13,278278,wisely
2026-08-20T04:03:18+00:00,2026-08-22T13:15:00-04:00,3672,61.2,Lunch,4,Sat,Thu,13,278278,wisely
2026-08-20T04:03:18+00:00,2026-08-22T13:30:00-04:00,3687,61.4,Lunch,2,Sat,Thu,13,278278,wisely
2026-08-20T04:03:18+00:00,2026-08-22T13:30:00-04:00,3687,61.4,Lunch,4,Sat,Thu,13,278278,wisely
2026-08-20T16:56:35+00:00,2026-08-22T13:45:00-04:00,2928,48.8,Lunch,2,Sat,Thu,13,278278,wisely
2026-08-20T16:56:36+00:00,2026-08-22T13:45:00-04:00,2928,48.8,Lunch,4,Sat,Thu,13,278278,wisely
2026-08-20T04:03:19+00:00,2026-08-22T14:00:00-04:00,3717,61.9,Lunch,2,Sat,Thu,14,278278,wisely
2026-08-20T04:03:20+00:00,2026-08-22T14:00:00-04:00,3717,61.9,Lunch,4,Sat,Thu,14,278278,wisely
2026-08-20T04:03:21+00:00,2026-08-22T14:15:00-04:00,3732,62.2,Lunch,2,Sat,Thu,14,278278,wisely
2026-08-20T04:03:21+00:00,2026-08-22T14:15:00-04:00,3732,62.2,Lunch,4,Sat,Thu,14,278278,wisely
2026-08-20T14:51:49+00:00,2026-08-22T14:30:00-04:00,3098,51.6,Lunch,2,Sat,Thu,14,278278,wisely
2026-08-20T14:51:49+00:00,2026-08-22T14:30:00-04:00,3098,51.6,Lunch,4,Sat,Thu,14,278278,wisely
2026-08-22T17:00:32+00:00,2026-08-22T15:00:00-04:00,119,2.0,Lunch,2,Sat,Sat,15,278278,wisely
2026-08-22T17:00:33+00:00,2026-08-22T15:00:00-04:00,119,2.0,Lunch,4,Sat,Sat,15,278278,wisely
2026-08-22T17:32:29+00:00,2026-08-22T15:30:00-04:00,118,2.0,Lunch,2,Sat,Sat,15,278278,wisely
2026-08-22T17:32:29+00:00,2026-08-22T15:30:00-04:00,118,2.0,Lunch,4,Sat,Sat,15,278278,wisely
2026-08-22T00:40:39+00:00,2026-08-22T15:45:00-04:00,1144,19.1,Lunch,2,Sat,Fri,15,278278,wisely
2026-08-22T00:40:40+00:00,2026-08-22T15:45:00-04:00,1144,19.1,Lunch,4,Sat,Fri,15,278278,wisely
2026-08-21T14:20:42+00:00,2026-08-22T16:30:00-04:00,1809,30.2,Dinner,2,Sat,Fri,16,278278,wisely
2026-08-21T14:20:43+00:00,2026-08-22T16:30:00-04:00,1809,30.2,Dinner,4,Sat,Fri,16,278278,wisely
2026-08-21T11:59:50+00:00,2026-08-22T16:45:00-04:00,1965,32.8,Dinner,2,Sat,Fri,16,278278,wisely
2026-08-21T13:45:15+00:00,2026-08-22T16:45:00-04:00,1860,31.0,Dinner,4,Sat,Fri,16,278278,wisely
2026-08-21T19:00:11+00:00,2026-08-22T17:00:00-04:00,1560,26.0,Dinner,2,Sat,Fri,17,278278,wisely
2026-08-22T03:33:35+00:00,2026-08-22T19:45:00-04:00,1211,20.2,Dinner,2,Sat,Fri,19,278278,wisely
2026-08-22T03:33:36+00:00,2026-08-22T19:45:00-04:00,1211,20.2,Dinner,4,Sat,Fri,19,278278,wisely
2026-08-22T03:33:35+00:00,2026-08-22T20:15:00-04:00,1241,20.7,Dinner,2,Sat,Fri,20,278278,wisely
2026-08-22T03:33:36+00:00,2026-08-22T20:15:00-04:00,1241,20.7,Dinner,4,Sat,Fri,20,278278,wisely
2026-08-20T14:51:22+00:00,2026-08-22T20:45:00-04:00,3474,57.9,Dinner,2,Sat,Thu,20,278278,wisely
2026-08-21T14:20:43+00:00,2026-08-22T21:00:00-04:00,2079,34.7,Dinner,2,Sat,Fri,21,278278,wisely
2026-08-21T14:58:04+00:00,2026-08-22T21:45:00-04:00,2087,34.8,Dinner,2,Sat,Fri,21,278278,wisely
2026-08-21T14:58:05+00:00,2026-08-22T21:45:00-04:00,2087,34.8,Dinner,4,Sat,Fri,21,278278,wisely
2026-08-21T04:05:43+00:00,2026-08-23T11:30:00-04:00,3564,59.4,Lunch,2,Sun,Fri,11,278278,wisely
2026-08-21T04:05:44+00:00,2026-08-23T11:30:00-04:00,3564,59.4,Lunch,4,Sun,Fri,11,278278,wisely
2026-08-21T04:05:43+00:00,2026-08-23T11:45:00-04:00,3579,59.7,Lunch,2,Sun,Fri,11,278278,wisely
2026-08-21T04:05:44+00:00,2026-08-23T11:45:00-04:00,3579,59.7,Lunch,4,Sun,Fri,11,278278,wisely
2026-08-21T04:05:44+00:00,2026-08-23T12:00:00-04:00,3594,59.9,Lunch,2,Sun,Fri,12,278278,wisely
2026-08-21T04:05:45+00:00,2026-08-23T12:00:00-04:00,3594,59.9,Lunch,4,Sun,Fri,12,278278,wisely
2026-08-21T04:05:46+00:00,2026-08-23T12:15:00-04:00,3609,60.2,Lunch,2,Sun,Fri,12,278278,wisely
2026-08-21T04:05:47+00:00,2026-08-23T12:30:00-04:00,3624,60.4,Lunch,2,Sun,Fri,12,278278,wisely
2026-08-22T14:11:45+00:00,2026-08-23T12:45:00-04:00,1593,26.6,Lunch,2,Sun,Sat,12,278278,wisely
2026-08-22T14:11:45+00:00,2026-08-23T12:45:00-04:00,1593,26.6,Lunch,4,Sun,Sat,12,278278,wisely
2026-08-21T04:05:48+00:00,2026-08-23T13:00:00-04:00,3654,60.9,Lunch,2,Sun,Fri,13,278278,wisely
2026-08-21T04:05:49+00:00,2026-08-23T13:15:00-04:00,3669,61.2,Lunch,2,Sun,Fri,13,278278,wisely
2026-08-22T14:11:45+00:00,2026-08-23T13:30:00-04:00,1638,27.3,Lunch,2,Sun,Sat,13,278278,wisely
2026-08-22T14:11:45+00:00,2026-08-23T13:30:00-04:00,1638,27.3,Lunch,4,Sun,Sat,13,278278,wisely
2026-08-21T04:05:50+00:00,2026-08-23T13:45:00-04:00,3699,61.7,Lunch,2,Sun,Fri,13,278278,wisely
2026-08-21T04:05:51+00:00,2026-08-23T14:00:00-04:00,3714,61.9,Lunch,2,Sun,Fri,14,278278,wisely
2026-08-22T19:40:19+00:00,2026-08-23T14:15:00-04:00,1355,22.6,Lunch,2,Sun,Sat,14,278278,wisely
2026-08-21T04:05:52+00:00,2026-08-23T14:30:00-04:00,3744,62.4,Lunch,2,Sun,Fri,14,278278,wisely
2026-08-21T04:05:50+00:00,2026-08-23T14:30:00-04:00,3744,62.4,Lunch,4,Sun,Fri,14,278278,wisely
2026-08-23T04:50:11+00:00,2026-08-23T15:00:00-04:00,850,14.2,Lunch,2,Sun,Sun,15,278278,wisely
2026-08-23T04:50:12+00:00,2026-08-23T15:00:00-04:00,850,14.2,Lunch,4,Sun,Sun,15,278278,wisely
2026-08-22T14:11:45+00:00,2026-08-23T15:45:00-04:00,1773,29.6,Lunch,2,Sun,Sat,15,278278,wisely
2026-08-22T14:11:46+00:00,2026-08-23T15:45:00-04:00,1773,29.6,Lunch,4,Sun,Sat,15,278278,wisely
2026-08-22T14:11:34+00:00,2026-08-23T16:30:00-04:00,1818,30.3,Dinner,2,Sun,Sat,16,278278,wisely
2026-08-22T14:11:34+00:00,2026-08-23T16:30:00-04:00,1818,30.3,Dinner,4,Sun,Sat,16,278278,wisely
2026-08-23T00:57:04+00:00,2026-08-23T16:45:00-04:00,1188,19.8,Dinner,2,Sun,Sat,16,278278,wisely
2026-08-23T13:48:24+00:00,2026-08-23T16:45:00-04:00,417,6.9,Dinner,4,Sun,Sun,16,278278,wisely
2026-08-22T00:40:55+00:00,2026-08-23T17:00:00-04:00,2659,44.3,Dinner,2,Sun,Fri,17,278278,wisely
2026-08-22T00:40:56+00:00,2026-08-23T17:00:00-04:00,2659,44.3,Dinner,4,Sun,Fri,17,278278,wisely
2026-08-20T14:51:50+00:00,2026-08-23T17:15:00-04:00,4703,78.4,Dinner,2,Sun,Thu,17,278278,wisely
2026-08-22T14:41:45+00:00,2026-08-23T17:30:00-04:00,1848,30.8,Dinner,2,Sun,Sat,17,278278,wisely
2026-08-22T14:41:46+00:00,2026-08-23T17:30:00-04:00,1848,30.8,Dinner,4,Sun,Sat,17,278278,wisely
2026-08-23T21:40:30+00:00,2026-08-23T22:00:00+00:00,19,0.3,Dinner,2,Sun,Sun,18,278278,wisely
2026-08-23T12:35:00+00:00,2026-08-23T18:15:00-04:00,580,9.7,Dinner,2,Sun,Sun,18,278278,wisely
2026-08-23T12:35:01+00:00,2026-08-23T18:15:00-04:00,580,9.7,Dinner,4,Sun,Sun,18,278278,wisely
2026-08-22T22:34:32+00:00,2026-08-23T18:45:00-04:00,1450,24.2,Dinner,2,Sun,Sat,18,278278,wisely
2026-08-22T14:11:34+00:00,2026-08-23T19:00:00-04:00,1968,32.8,Dinner,2,Sun,Sat,19,278278,wisely
2026-08-22T14:11:35+00:00,2026-08-23T19:00:00-04:00,1968,32.8,Dinner,4,Sun,Sat,19,278278,wisely
2026-08-21T20:27:19+00:00,2026-08-23T19:30:00-04:00,3063,51.0,Dinner,2,Sun,Fri,19,278278,wisely
2026-08-21T20:27:19+00:00,2026-08-23T19:30:00-04:00,3063,51.0,Dinner,4,Sun,Fri,19,278278,wisely
2026-08-21T14:21:22+00:00,2026-08-23T19:45:00-04:00,3444,57.4,Dinner,2,Sun,Fri,19,278278,wisely
2026-08-21T14:21:23+00:00,2026-08-23T19:45:00-04:00,3444,57.4,Dinner,4,Sun,Fri,19,278278,wisely
2026-08-23T10:57:32+00:00,2026-08-23T20:15:00-04:00,797,13.3,Dinner,2,Sun,Sun,20,278278,wisely
2026-08-23T10:57:33+00:00,2026-08-23T20:15:00-04:00,797,13.3,Dinner,4,Sun,Sun,20,278278,wisely
2026-08-23T11:40:16+00:00,2026-08-23T20:30:00-04:00,770,12.8,Dinner,2,Sun,Sun,20,278278,wisely
2026-08-20T12:18:36+00:00,2026-08-23T20:45:00-04:00,5066,84.4,Dinner,2,Sun,Thu,20,278278,wisely
2026-08-20T12:18:37+00:00,2026-08-23T20:45:00-04:00,5066,84.4,Dinner,4,Sun,Thu,20,278278,wisely
2026-08-24T00:24:51+00:00,2026-08-24T01:00:00+00:00,35,0.6,Dinner,2,Sun,Sun,21,278278,wisely
2026-08-24T00:24:52+00:00,2026-08-24T01:00:00+00:00,35,0.6,Dinner,4,Sun,Sun,21,278278,wisely
2026-08-20T04:03:22+00:00,2026-08-23T21:15:00-04:00,5592,93.2,Dinner,2,Sun,Thu,21,278278,wisely
2026-08-20T04:03:22+00:00,2026-08-23T21:15:00-04:00,5592,93.2,Dinner,4,Sun,Thu,21,278278,wisely
2026-08-22T04:17:41+00:00,2026-08-24T11:30:00-04:00,3552,59.2,Lunch,2,Mon,Sat,11,278278,wisely
2026-08-22T04:17:42+00:00,2026-08-24T11:30:00-04:00,3552,59.2,Lunch,4,Mon,Sat,11,278278,wisely
2026-08-22T04:17:41+00:00,2026-08-24T11:45:00-04:00,3567,59.5,Lunch,2,Mon,Sat,11,278278,wisely
2026-08-22T04:17:42+00:00,2026-08-24T11:45:00-04:00,3567,59.5,Lunch,4,Mon,Sat,11,278278,wisely
2026-08-22T04:17:41+00:00,2026-08-24T12:00:00-04:00,3582,59.7,Lunch,2,Mon,Sat,12,278278,wisely
2026-08-22T04:17:42+00:00,2026-08-24T12:00:00-04:00,3582,59.7,Lunch,4,Mon,Sat,12,278278,wisely
2026-08-22T04:17:44+00:00,2026-08-24T12:15:00-04:00,3597,60.0,Lunch,2,Mon,Sat,12,278278,wisely
2026-08-22T04:17:44+00:00,2026-08-24T12:15:00-04:00,3597,60.0,Lunch,4,Mon,Sat,12,278278,wisely
2026-08-22T04:17:45+00:00,2026-08-24T12:30:00-04:00,3612,60.2,Lunch,2,Mon,Sat,12,278278,wisely
2026-08-22T04:17:45+00:00,2026-08-24T12:45:00-04:00,3627,60.5,Lunch,2,Mon,Sat,12,278278,wisely
2026-08-22T04:17:46+00:00,2026-08-24T13:00:00-04:00,3642,60.7,Lunch,2,Mon,Sat,13,278278,wisely
2026-08-22T04:17:47+00:00,2026-08-24T13:15:00-04:00,3657,61.0,Lunch,2,Mon,Sat,13,278278,wisely
2026-08-22T04:17:47+00:00,2026-08-24T13:15:00-04:00,3657,61.0,Lunch,4,Mon,Sat,13,278278,wisely
2026-08-22T04:17:49+00:00,2026-08-24T13:30:00-04:00,3672,61.2,Lunch,2,Mon,Sat,13,278278,wisely
2026-08-22T04:17:49+00:00,2026-08-24T13:30:00-04:00,3672,61.2,Lunch,4,Mon,Sat,13,278278,wisely
2026-08-22T04:17:50+00:00,2026-08-24T13:45:00-04:00,3687,61.5,Lunch,2,Mon,Sat,13,278278,wisely
2026-08-22T04:17:50+00:00,2026-08-24T13:45:00-04:00,3687,61.5,Lunch,4,Mon,Sat,13,278278,wisely
2026-08-22T04:17:51+00:00,2026-08-24T14:00:00-04:00,3702,61.7,Lunch,2,Mon,Sat,14,278278,wisely
2026-08-22T04:17:52+00:00,2026-08-24T14:15:00-04:00,3717,62.0,Lunch,2,Mon,Sat,14,278278,wisely
2026-08-22T04:17:52+00:00,2026-08-24T14:15:00-04:00,3717,62.0,Lunch,4,Mon,Sat,14,278278,wisely
2026-08-24T17:51:06+00:00,2026-08-24T18:30:00+00:00,39,0.6,Lunch,2,Mon,Mon,14,278278,wisely
2026-08-23T00:58:11+00:00,2026-08-24T14:30:00-04:00,2492,41.5,Lunch,4,Mon,Sat,14,278278,wisely
2026-08-24T17:51:06+00:00,2026-08-24T18:45:00+00:00,54,0.9,Lunch,2,Mon,Mon,14,278278,wisely
2026-08-24T15:33:46+00:00,2026-08-24T18:45:00+00:00,191,3.2,Lunch,4,Mon,Mon,14,278278,wisely
2026-08-24T18:18:25+00:00,2026-08-24T19:00:00+00:00,42,0.7,Lunch,2,Mon,Mon,15,278278,wisely
2026-08-24T16:51:43+00:00,2026-08-24T19:00:00+00:00,128,2.1,Lunch,4,Mon,Mon,15,278278,wisely
2026-08-24T19:04:04+00:00,2026-08-24T19:15:00+00:00,11,0.2,Lunch,2,Mon,Mon,15,278278,wisely
2026-08-24T17:19:07+00:00,2026-08-24T19:15:00+00:00,116,1.9,Lunch,4,Mon,Mon,15,278278,wisely
2026-08-24T19:04:04+00:00,2026-08-24T19:30:00+00:00,26,0.4,Lunch,2,Mon,Mon,15,278278,wisely
2026-08-24T19:04:05+00:00,2026-08-24T19:30:00+00:00,26,0.4,Lunch,4,Mon,Mon,15,278278,wisely
2026-08-24T19:04:04+00:00,2026-08-24T19:45:00+00:00,41,0.7,Lunch,2,Mon,Mon,15,278278,wisely
2026-08-24T19:04:05+00:00,2026-08-24T19:45:00+00:00,41,0.7,Lunch,4,Mon,Mon,15,278278,wisely
2026-08-24T19:39:04+00:00,2026-08-24T20:00:00+00:00,21,0.3,Lunch,2,Mon,Mon,16,278278,wisely
2026-08-24T19:39:05+00:00,2026-08-24T20:00:00+00:00,21,0.3,Lunch,4,Mon,Mon,16,278278,wisely
2026-08-24T19:39:05+00:00,2026-08-24T20:15:00+00:00,36,0.6,Lunch,2,Mon,Mon,16,278278,wisely
2026-08-23T23:49:00+00:00,2026-08-24T20:30:00+00:00,1241,20.7,Dinner,2,Mon,Sun,16,278278,wisely
2026-08-23T23:49:01+00:00,2026-08-24T20:30:00+00:00,1241,20.7,Dinner,4,Mon,Sun,16,278278,wisely
2026-08-24T13:16:51+00:00,2026-08-24T20:45:00+00:00,448,7.5,Dinner,2,Mon,Mon,16,278278,wisely
2026-08-24T13:16:53+00:00,2026-08-24T20:45:00+00:00,448,7.5,Dinner,4,Mon,Mon,16,278278,wisely
2026-08-23T15:24:54+00:00,2026-08-24T17:15:00-04:00,1790,29.8,Dinner,2,Mon,Sun,17,278278,wisely
2026-08-23T14:58:28+00:00,2026-08-24T17:30:00-04:00,1832,30.5,Dinner,2,Mon,Sun,17,278278,wisely
2026-08-24T18:17:55+00:00,2026-08-24T21:30:00+00:00,192,3.2,Dinner,4,Mon,Mon,17,278278,wisely
2026-08-22T00:41:29+00:00,2026-08-24T18:15:00-04:00,4174,69.6,Dinner,2,Mon,Fri,18,278278,wisely
2026-08-22T00:41:30+00:00,2026-08-24T18:15:00-04:00,4173,69.6,Dinner,4,Mon,Fri,18,278278,wisely
2026-08-23T22:14:11+00:00,2026-08-24T22:45:00+00:00,1471,24.5,Dinner,2,Mon,Sun,18,278278,wisely
2026-08-23T22:14:13+00:00,2026-08-24T22:45:00+00:00,1471,24.5,Dinner,4,Mon,Sun,18,278278,wisely
2026-08-23T22:41:22+00:00,2026-08-24T23:45:00+00:00,1504,25.1,Dinner,2,Mon,Sun,19,278278,wisely
2026-08-23T22:41:24+00:00,2026-08-24T23:45:00+00:00,1504,25.1,Dinner,4,Mon,Sun,19,278278,wisely
2026-08-24T02:36:20+00:00,2026-08-25T00:00:00+00:00,1284,21.4,Dinner,2,Mon,Sun,20,278278,wisely
2026-08-24T02:36:22+00:00,2026-08-25T00:00:00+00:00,1284,21.4,Dinner,4,Mon,Sun,20,278278,wisely
2026-08-23T14:36:22+00:00,2026-08-24T20:15:00-04:00,2019,33.6,Dinner,2,Mon,Sun,20,278278,wisely
2026-08-23T14:36:23+00:00,2026-08-24T20:15:00-04:00,2019,33.6,Dinner,4,Mon,Sun,20,278278,wisely
2026-08-21T12:59:01+00:00,2026-08-24T20:30:00-04:00,5011,83.5,Dinner,2,Mon,Fri,20,278278,wisely
2026-08-21T12:59:02+00:00,2026-08-24T20:30:00-04:00,5011,83.5,Dinner,4,Mon,Fri,20,278278,wisely
2026-08-22T14:11:51+00:00,2026-08-24T20:45:00-04:00,3513,58.6,Dinner,2,Mon,Sat,20,278278,wisely
2026-08-22T14:11:52+00:00,2026-08-24T20:45:00-04:00,3513,58.6,Dinner,4,Mon,Sat,20,278278,wisely
2026-08-23T19:33:12+00:00,2026-08-24T21:00:00-04:00,1767,29.4,Dinner,2,Mon,Sun,21,278278,wisely
2026-08-23T19:33:13+00:00,2026-08-24T21:00:00-04:00,1767,29.4,Dinner,4,Mon,Sun,21,278278,wisely
2026-08-21T04:05:53+00:00,2026-08-24T21:15:00-04:00,5589,93.2,Dinner,2,Mon,Fri,21,278278,wisely
2026-08-21T04:05:54+00:00,2026-08-24T21:15:00-04:00,5589,93.2,Dinner,4,Mon,Fri,21,278278,wisely
2026-08-21T04:05:53+00:00,2026-08-24T21:30:00-04:00,5604,93.4,Dinner,2,Mon,Fri,21,278278,wisely
2026-08-21T04:05:54+00:00,2026-08-24T21:30:00-04:00,5604,93.4,Dinner,4,Mon,Fri,21,278278,wisely
2026-08-21T04:05:54+00:00,2026-08-24T21:45:00-04:00,5619,93.7,Dinner,2,Mon,Fri,21,278278,wisely
2026-08-21T04:05:55+00:00,2026-08-24T21:45:00-04:00,5619,93.7,Dinner,4,Mon,Fri,21,278278,wisely
2026-08-23T04:10:38+00:00,2026-08-25T11:30:00-04:00,3559,59.3,Lunch,2,Tue,Sun,11,278278,wisely
2026-08-23T04:10:38+00:00,2026-08-25T11:30:00-04:00,3559,59.3,Lunch,4,Tue,Sun,11,278278,wisely
2026-08-23T04:10:38+00:00,2026-08-25T11:45:00-04:00,3574,59.6,Lunch,2,Tue,Sun,11,278278,wisely
2026-08-23T04:10:38+00:00,2026-08-25T11:45:00-04:00,3574,59.6,Lunch,4,Tue,Sun,11,278278,wisely
2026-08-24T01:03:38+00:00,2026-08-25T16:00:00+00:00,2336,38.9,Lunch,2,Tue,Sun,12,278278,wisely
2026-08-24T01:03:39+00:00,2026-08-25T16:00:00+00:00,2336,38.9,Lunch,4,Tue,Sun,12,278278,wisely
2026-08-24T19:39:59+00:00,2026-08-25T16:30:00+00:00,1250,20.8,Lunch,2,Tue,Mon,12,278278,wisely
2026-08-24T19:40:00+00:00,2026-08-25T16:30:00+00:00,1250,20.8,Lunch,4,Tue,Mon,12,278278,wisely
2026-08-23T04:10:38+00:00,2026-08-25T12:45:00-04:00,3634,60.6,Lunch,2,Tue,Sun,12,278278,wisely
2026-08-24T14:06:57+00:00,2026-08-25T16:45:00+00:00,1598,26.6,Lunch,4,Tue,Mon,12,278278,wisely
2026-08-23T04:10:41+00:00,2026-08-25T13:00:00-04:00,3649,60.8,Lunch,2,Tue,Sun,13,278278,wisely
2026-08-23T04:10:42+00:00,2026-08-25T13:15:00-04:00,3664,61.1,Lunch,2,Tue,Sun,13,278278,wisely
2026-08-23T04:10:39+00:00,2026-08-25T13:15:00-04:00,3664,61.1,Lunch,4,Tue,Sun,13,278278,wisely
2026-08-23T04:10:44+00:00,2026-08-25T13:45:00-04:00,3694,61.6,Lunch,2,Tue,Sun,13,278278,wisely
2026-08-23T04:10:42+00:00,2026-08-25T13:45:00-04:00,3694,61.6,Lunch,4,Tue,Sun,13,278278,wisely
2026-08-23T04:10:45+00:00,2026-08-25T14:00:00-04:00,3709,61.8,Lunch,2,Tue,Sun,14,278278,wisely
2026-08-23T04:10:43+00:00,2026-08-25T14:00:00-04:00,3709,61.8,Lunch,4,Tue,Sun,14,278278,wisely
2026-08-23T04:10:45+00:00,2026-08-25T14:15:00-04:00,3724,62.1,Lunch,2,Tue,Sun,14,278278,wisely
2026-08-23T04:10:46+00:00,2026-08-25T14:15:00-04:00,3724,62.1,Lunch,4,Tue,Sun,14,278278,wisely
2026-08-25T17:02:25+00:00,2026-08-25T18:30:00+00:00,88,1.5,Lunch,2,Tue,Tue,14,278278,wisely
2026-08-25T17:02:35+00:00,2026-08-25T18:30:00+00:00,87,1.5,Lunch,4,Tue,Tue,14,278278,wisely
2026-08-25T17:37:53+00:00,2026-08-25T18:45:00+00:00,67,1.1,Lunch,2,Tue,Tue,14,278278,wisely
2026-08-25T17:37:54+00:00,2026-08-25T18:45:00+00:00,67,1.1,Lunch,4,Tue,Tue,14,278278,wisely
2026-08-25T18:54:00+00:00,2026-08-25T19:15:00+00:00,21,0.3,Lunch,2,Tue,Tue,15,278278,wisely
2026-08-25T18:54:01+00:00,2026-08-25T19:15:00+00:00,21,0.3,Lunch,4,Tue,Tue,15,278278,wisely
2026-08-25T18:54:00+00:00,2026-08-25T19:30:00+00:00,36,0.6,Lunch,2,Tue,Tue,15,278278,wisely
2026-08-25T18:54:01+00:00,2026-08-25T19:30:00+00:00,36,0.6,Lunch,4,Tue,Tue,15,278278,wisely
2026-08-25T18:54:01+00:00,2026-08-25T19:45:00+00:00,51,0.8,Lunch,2,Tue,Tue,15,278278,wisely
2026-08-25T18:54:02+00:00,2026-08-25T19:45:00+00:00,51,0.8,Lunch,4,Tue,Tue,15,278278,wisely
2026-08-25T19:22:18+00:00,2026-08-25T20:00:00+00:00,38,0.6,Lunch,2,Tue,Tue,16,278278,wisely
2026-08-25T19:22:18+00:00,2026-08-25T20:15:00+00:00,53,0.9,Lunch,2,Tue,Tue,16,278278,wisely
2026-08-24T17:19:27+00:00,2026-08-25T20:45:00+00:00,1646,27.4,Dinner,2,Tue,Mon,16,278278,wisely
2026-08-24T17:19:28+00:00,2026-08-25T20:45:00+00:00,1646,27.4,Dinner,4,Tue,Mon,16,278278,wisely
2026-08-24T14:55:44+00:00,2026-08-25T21:00:00+00:00,1804,30.1,Dinner,2,Tue,Mon,17,278278,wisely
2026-08-24T14:06:29+00:00,2026-08-25T21:30:00+00:00,1884,31.4,Dinner,2,Tue,Mon,17,278278,wisely
2026-08-24T14:06:30+00:00,2026-08-25T21:30:00+00:00,1883,31.4,Dinner,4,Tue,Mon,17,278278,wisely
2026-08-24T14:55:45+00:00,2026-08-25T22:00:00+00:00,1864,31.1,Dinner,2,Tue,Mon,18,278278,wisely
2026-08-24T21:38:39+00:00,2026-08-25T23:45:00+00:00,1566,26.1,Dinner,2,Tue,Mon,19,278278,wisely
2026-08-24T21:38:41+00:00,2026-08-25T23:45:00+00:00,1566,26.1,Dinner,4,Tue,Mon,19,278278,wisely
2026-08-25T12:17:19+00:00,2026-08-26T00:00:00+00:00,703,11.7,Dinner,2,Tue,Tue,20,278278,wisely
2026-08-24T14:06:29+00:00,2026-08-26T00:15:00+00:00,2049,34.1,Dinner,2,Tue,Mon,20,278278,wisely
2026-08-24T14:06:30+00:00,2026-08-26T00:15:00+00:00,2048,34.1,Dinner,4,Tue,Mon,20,278278,wisely
2026-08-24T14:06:30+00:00,2026-08-26T00:30:00+00:00,2063,34.4,Dinner,2,Tue,Mon,20,278278,wisely
2026-08-25T03:09:06+00:00,2026-08-26T00:30:00+00:00,1281,21.3,Dinner,4,Tue,Mon,20,278278,wisely
2026-08-25T02:03:00+00:00,2026-08-26T00:45:00+00:00,1362,22.7,Dinner,2,Tue,Mon,20,278278,wisely
2026-08-23T15:48:56+00:00,2026-08-25T21:00:00-04:00,3431,57.2,Dinner,2,Tue,Sun,21,278278,wisely
2026-08-22T04:17:53+00:00,2026-08-25T21:15:00-04:00,5577,93.0,Dinner,2,Tue,Sat,21,278278,wisely
2026-08-22T04:17:54+00:00,2026-08-25T21:15:00-04:00,5577,93.0,Dinner,4,Tue,Sat,21,278278,wisely
2026-08-22T04:17:53+00:00,2026-08-25T21:30:00-04:00,5592,93.2,Dinner,2,Tue,Sat,21,278278,wisely
2026-08-22T04:17:54+00:00,2026-08-25T21:30:00-04:00,5592,93.2,Dinner,4,Tue,Sat,21,278278,wisely
2026-08-22T04:17:54+00:00,2026-08-25T21:45:00-04:00,5607,93.5,Dinner,2,Tue,Sat,21,278278,wisely
2026-08-22T04:17:55+00:00,2026-08-25T21:45:00-04:00,5607,93.5,Dinner,4,Tue,Sat,21,278278,wisely
2026-08-24T04:28:59+00:00,2026-08-26T15:30:00+00:00,3541,59.0,Lunch,2,Wed,Mon,11,278278,wisely
2026-08-24T04:29:00+00:00,2026-08-26T15:30:00+00:00,3541,59.0,Lunch,4,Wed,Mon,11,278278,wisely
2026-08-24T04:29:00+00:00,2026-08-26T15:45:00+00:00,3556,59.3,Lunch,2,Wed,Mon,11,278278,wisely
2026-08-24T04:29:01+00:00,2026-08-26T15:45:00+00:00,3556,59.3,Lunch,4,Wed,Mon,11,278278,wisely
2026-08-25T20:30:54+00:00,2026-08-26T16:30:00+00:00,1199,20.0,Lunch,2,Wed,Tue,12,278278,wisely
2026-08-25T20:30:56+00:00,2026-08-26T16:30:00+00:00,1199,20.0,Lunch,4,Wed,Tue,12,278278,wisely
2026-08-24T04:29:00+00:00,2026-08-26T16:45:00+00:00,3616,60.3,Lunch,2,Wed,Mon,12,278278,wisely
2026-08-24T04:29:01+00:00,2026-08-26T16:45:00+00:00,3616,60.3,Lunch,4,Wed,Mon,12,278278,wisely
2026-08-24T04:29:03+00:00,2026-08-26T17:00:00+00:00,3631,60.5,Lunch,2,Wed,Mon,13,278278,wisely
2026-08-24T04:29:03+00:00,2026-08-26T17:00:00+00:00,3631,60.5,Lunch,4,Wed,Mon,13,278278,wisely
2026-08-24T04:29:04+00:00,2026-08-26T17:15:00+00:00,3646,60.8,Lunch,2,Wed,Mon,13,278278,wisely
2026-08-24T04:29:04+00:00,2026-08-26T17:15:00+00:00,3646,60.8,Lunch,4,Wed,Mon,13,278278,wisely
2026-08-24T04:29:05+00:00,2026-08-26T17:30:00+00:00,3661,61.0,Lunch,2,Wed,Mon,13,278278,wisely
2026-08-24T04:29:05+00:00,2026-08-26T17:30:00+00:00,3661,61.0,Lunch,4,Wed,Mon,13,278278,wisely
2026-08-24T04:29:06+00:00,2026-08-26T17:45:00+00:00,3676,61.3,Lunch,2,Wed,Mon,13,278278,wisely
2026-08-24T04:29:06+00:00,2026-08-26T17:45:00+00:00,3676,61.3,Lunch,4,Wed,Mon,13,278278,wisely
2026-08-24T04:29:07+00:00,2026-08-26T18:00:00+00:00,3691,61.5,Lunch,2,Wed,Mon,14,278278,wisely
2026-08-24T04:29:07+00:00,2026-08-26T18:00:00+00:00,3691,61.5,Lunch,4,Wed,Mon,14,278278,wisely
2026-08-24T04:29:07+00:00,2026-08-26T18:15:00+00:00,3706,61.8,Lunch,2,Wed,Mon,14,278278,wisely
2026-08-24T04:29:08+00:00,2026-08-26T18:15:00+00:00,3706,61.8,Lunch,4,Wed,Mon,14,278278,wisely
2026-08-26T15:55:02+00:00,2026-08-26T18:30:00+00:00,155,2.6,Lunch,2,Wed,Wed,14,278278,wisely
2026-08-26T15:55:03+00:00,2026-08-26T18:30:00+00:00,155,2.6,Lunch,4,Wed,Wed,14,278278,wisely
2026-08-26T15:55:02+00:00,2026-08-26T18:45:00+00:00,170,2.8,Lunch,2,Wed,Wed,14,278278,wisely
2026-08-26T15:55:03+00:00,2026-08-26T18:45:00+00:00,170,2.8,Lunch,4,Wed,Wed,14,278278,wisely
2026-08-26T18:24:56+00:00,2026-08-26T19:15:00+00:00,50,0.8,Lunch,2,Wed,Wed,15,278278,wisely
2026-08-26T18:24:56+00:00,2026-08-26T19:30:00+00:00,65,1.1,Lunch,2,Wed,Wed,15,278278,wisely
2026-08-26T18:24:57+00:00,2026-08-26T19:30:00+00:00,65,1.1,Lunch,4,Wed,Wed,15,278278,wisely
2026-08-24T23:00:47+00:00,2026-08-26T20:30:00+00:00,2729,45.5,Dinner,2,Wed,Mon,16,278278,wisely
2026-08-26T12:19:21+00:00,2026-08-26T20:30:00+00:00,491,8.2,Dinner,4,Wed,Wed,16,278278,wisely
2026-08-25T14:09:01+00:00,2026-08-26T20:45:00+00:00,1836,30.6,Dinner,2,Wed,Tue,16,278278,wisely
2026-08-25T15:00:58+00:00,2026-08-26T20:45:00+00:00,1784,29.7,Dinner,4,Wed,Tue,16,278278,wisely
2026-08-24T21:02:42+00:00,2026-08-26T21:00:00+00:00,2877,48.0,Dinner,2,Wed,Mon,17,278278,wisely
2026-08-24T21:02:43+00:00,2026-08-26T21:00:00+00:00,2877,48.0,Dinner,4,Wed,Mon,17,278278,wisely
2026-08-24T15:35:23+00:00,2026-08-26T21:45:00+00:00,3250,54.2,Dinner,2,Wed,Mon,17,278278,wisely
2026-08-25T14:09:02+00:00,2026-08-26T22:45:00+00:00,1956,32.6,Dinner,2,Wed,Tue,18,278278,wisely
2026-08-26T11:19:42+00:00,2026-08-26T23:00:00+00:00,700,11.7,Dinner,2,Wed,Wed,19,278278,wisely
2026-08-26T11:19:44+00:00,2026-08-26T23:00:00+00:00,700,11.7,Dinner,4,Wed,Wed,19,278278,wisely
2026-08-26T20:37:24+00:00,2026-08-27T00:45:00+00:00,248,4.1,Dinner,2,Wed,Wed,20,278278,wisely
2026-08-26T20:37:26+00:00,2026-08-27T00:45:00+00:00,248,4.1,Dinner,4,Wed,Wed,20,278278,wisely
2026-08-25T14:09:02+00:00,2026-08-27T01:00:00+00:00,2091,34.8,Dinner,2,Wed,Tue,21,278278,wisely
2026-08-25T14:09:10+00:00,2026-08-27T01:15:00+00:00,2106,35.1,Dinner,2,Wed,Tue,21,278278,wisely
2026-08-25T14:09:02+00:00,2026-08-27T01:15:00+00:00,2106,35.1,Dinner,4,Wed,Tue,21,278278,wisely
2026-08-23T04:10:46+00:00,2026-08-26T21:30:00-04:00,5599,93.3,Dinner,2,Wed,Sun,21,278278,wisely
2026-08-23T04:10:47+00:00,2026-08-26T21:30:00-04:00,5599,93.3,Dinner,4,Wed,Sun,21,278278,wisely
2026-08-23T04:10:46+00:00,2026-08-26T21:45:00-04:00,5614,93.6,Dinner,2,Wed,Sun,21,278278,wisely
2026-08-23T04:10:47+00:00,2026-08-26T21:45:00-04:00,5614,93.6,Dinner,4,Wed,Sun,21,278278,wisely
2026-08-25T04:37:19+00:00,2026-08-27T15:30:00+00:00,3533,58.9,Lunch,2,Thu,Tue,11,278278,wisely
2026-08-25T04:37:20+00:00,2026-08-27T15:30:00+00:00,3533,58.9,Lunch,4,Thu,Tue,11,278278,wisely
2026-08-25T04:37:19+00:00,2026-08-27T15:45:00+00:00,3548,59.1,Lunch,2,Thu,Tue,11,278278,wisely
2026-08-25T04:37:20+00:00,2026-08-27T15:45:00+00:00,3548,59.1,Lunch,4,Thu,Tue,11,278278,wisely
2026-08-25T18:55:18+00:00,2026-08-27T16:00:00+00:00,2705,45.1,Lunch,2,Thu,Tue,12,278278,wisely
2026-08-25T18:55:19+00:00,2026-08-27T16:00:00+00:00,2705,45.1,Lunch,4,Thu,Tue,12,278278,wisely
2026-08-26T14:13:35+00:00,2026-08-27T16:15:00+00:00,1561,26.0,Lunch,2,Thu,Wed,12,278278,wisely
2026-08-26T14:13:35+00:00,2026-08-27T16:15:00+00:00,1561,26.0,Lunch,4,Thu,Wed,12,278278,wisely
2026-08-26T22:49:49+00:00,2026-08-27T17:00:00+00:00,1090,18.2,Lunch,2,Thu,Wed,13,278278,wisely
2026-08-26T22:49:50+00:00,2026-08-27T17:00:00+00:00,1090,18.2,Lunch,4,Thu,Wed,13,278278,wisely
2026-08-25T04:37:19+00:00,2026-08-27T17:30:00+00:00,3653,60.9,Lunch,2,Thu,Tue,13,278278,wisely
2026-08-25T04:37:20+00:00,2026-08-27T17:30:00+00:00,3653,60.9,Lunch,4,Thu,Tue,13,278278,wisely
2026-08-25T04:37:23+00:00,2026-08-27T17:45:00+00:00,3668,61.1,Lunch,2,Thu,Tue,13,278278,wisely
2026-08-25T04:37:23+00:00,2026-08-27T17:45:00+00:00,3668,61.1,Lunch,4,Thu,Tue,13,278278,wisely
2026-08-25T04:37:24+00:00,2026-08-27T18:00:00+00:00,3683,61.4,Lunch,2,Thu,Tue,14,278278,wisely
2026-08-25T04:37:24+00:00,2026-08-27T18:00:00+00:00,3683,61.4,Lunch,4,Thu,Tue,14,278278,wisely
2026-08-25T04:37:27+00:00,2026-08-27T18:15:00+00:00,3698,61.6,Lunch,2,Thu,Tue,14,278278,wisely
2026-08-25T04:37:27+00:00,2026-08-27T18:15:00+00:00,3698,61.6,Lunch,4,Thu,Tue,14,278278,wisely
2026-08-24T16:52:59+00:00,2026-08-27T20:30:00+00:00,4537,75.6,Dinner,2,Thu,Mon,16,278278,wisely
2026-08-24T16:52:59+00:00,2026-08-27T20:30:00+00:00,4537,75.6,Dinner,4,Thu,Mon,16,278278,wisely
2026-08-26T14:12:54+00:00,2026-08-27T20:45:00+00:00,1832,30.5,Dinner,2,Thu,Wed,16,278278,wisely
2026-08-26T14:12:55+00:00,2026-08-27T20:45:00+00:00,1832,30.5,Dinner,4,Thu,Wed,16,278278,wisely
2026-08-25T00:26:10+00:00,2026-08-27T21:00:00+00:00,4114,68.6,Dinner,2,Thu,Mon,17,278278,wisely
2026-08-25T00:26:10+00:00,2026-08-27T21:00:00+00:00,4114,68.6,Dinner,4,Thu,Mon,17,278278,wisely
2026-08-24T15:36:59+00:00,2026-08-27T21:30:00+00:00,4673,77.9,Dinner,2,Thu,Mon,17,278278,wisely
2026-08-24T20:33:10+00:00,2026-08-27T21:30:00+00:00,4377,72.9,Dinner,4,Thu,Mon,17,278278,wisely
2026-08-26T14:12:55+00:00,2026-08-27T21:45:00+00:00,1892,31.5,Dinner,2,Thu,Wed,17,278278,wisely
2026-08-24T13:18:59+00:00,2026-08-28T00:45:00+00:00,5006,83.4,Dinner,2,Thu,Mon,20,278278,wisely
2026-08-24T13:19:01+00:00,2026-08-28T00:45:00+00:00,5006,83.4,Dinner,4,Thu,Mon,20,278278,wisely
2026-08-24T16:09:59+00:00,2026-08-28T01:00:00+00:00,4850,80.8,Dinner,2,Thu,Mon,21,278278,wisely
2026-08-24T16:10:01+00:00,2026-08-28T01:00:00+00:00,4850,80.8,Dinner,4,Thu,Mon,21,278278,wisely
2026-08-24T04:29:08+00:00,2026-08-28T01:15:00+00:00,5566,92.8,Dinner,2,Thu,Mon,21,278278,wisely
2026-08-24T04:29:09+00:00,2026-08-28T01:15:00+00:00,5566,92.8,Dinner,4,Thu,Mon,21,278278,wisely
2026-08-25T03:58:54+00:00,2026-08-28T01:30:00+00:00,4171,69.5,Dinner,2,Thu,Mon,21,278278,wisely
2026-08-25T03:58:55+00:00,2026-08-28T01:30:00+00:00,4171,69.5,Dinner,4,Thu,Mon,21,278278,wisely
2026-08-24T04:29:08+00:00,2026-08-28T01:45:00+00:00,5596,93.3,Dinner,2,Thu,Mon,21,278278,wisely
2026-08-24T04:29:09+00:00,2026-08-28T01:45:00+00:00,5596,93.3,Dinner,4,Thu,Mon,21,278278,wisely
2026-08-26T04:23:28+00:00,2026-08-28T15:30:00+00:00,3547,59.1,Lunch,2,Fri,Wed,11,278278,wisely
2026-08-26T04:23:29+00:00,2026-08-28T15:30:00+00:00,3547,59.1,Lunch,4,Fri,Wed,11,278278,wisely
2026-08-26T04:23:28+00:00,2026-08-28T15:45:00+00:00,3562,59.4,Lunch,2,Fri,Wed,11,278278,wisely
2026-08-26T04:23:29+00:00,2026-08-28T15:45:00+00:00,3562,59.4,Lunch,4,Fri,Wed,11,278278,wisely
2026-08-26T04:23:29+00:00,2026-08-28T16:00:00+00:00,3577,59.6,Lunch,2,Fri,Wed,12,278278,wisely
2026-08-26T04:23:30+00:00,2026-08-28T16:00:00+00:00,3576,59.6,Lunch,4,Fri,Wed,12,278278,wisely
2026-08-26T04:23:31+00:00,2026-08-28T16:15:00+00:00,3591,59.9,Lunch,2,Fri,Wed,12,278278,wisely
2026-08-26T04:23:32+00:00,2026-08-28T16:15:00+00:00,3591,59.9,Lunch,4,Fri,Wed,12,278278,wisely
2026-08-26T04:23:32+00:00,2026-08-28T16:30:00+00:00,3606,60.1,Lunch,2,Fri,Wed,12,278278,wisely
2026-08-26T04:23:33+00:00,2026-08-28T16:30:00+00:00,3606,60.1,Lunch,4,Fri,Wed,12,278278,wisely
2026-08-26T04:23:33+00:00,2026-08-28T16:45:00+00:00,3621,60.4,Lunch,2,Fri,Wed,12,278278,wisely
2026-08-26T04:23:34+00:00,2026-08-28T16:45:00+00:00,3621,60.4,Lunch,4,Fri,Wed,12,278278,wisely
2026-08-26T04:23:34+00:00,2026-08-28T17:00:00+00:00,3636,60.6,Lunch,2,Fri,Wed,13,278278,wisely
2026-08-26T04:23:35+00:00,2026-08-28T17:00:00+00:00,3636,60.6,Lunch,4,Fri,Wed,13,278278,wisely
2026-08-26T04:23:35+00:00,2026-08-28T17:15:00+00:00,3651,60.9,Lunch,2,Fri,Wed,13,278278,wisely
2026-08-26T04:23:36+00:00,2026-08-28T17:15:00+00:00,3651,60.9,Lunch,4,Fri,Wed,13,278278,wisely
2026-08-26T04:23:37+00:00,2026-08-28T17:30:00+00:00,3666,61.1,Lunch,2,Fri,Wed,13,278278,wisely
2026-08-26T04:23:37+00:00,2026-08-28T17:30:00+00:00,3666,61.1,Lunch,4,Fri,Wed,13,278278,wisely
2026-08-26T04:23:38+00:00,2026-08-28T17:45:00+00:00,3681,61.4,Lunch,2,Fri,Wed,13,278278,wisely
2026-08-26T04:23:38+00:00,2026-08-28T17:45:00+00:00,3681,61.4,Lunch,4,Fri,Wed,13,278278,wisely
2026-08-26T04:23:39+00:00,2026-08-28T18:00:00+00:00,3696,61.6,Lunch,2,Fri,Wed,14,278278,wisely
2026-08-26T04:23:39+00:00,2026-08-28T18:00:00+00:00,3696,61.6,Lunch,4,Fri,Wed,14,278278,wisely
2026-08-26T04:23:40+00:00,2026-08-28T18:15:00+00:00,3711,61.9,Lunch,2,Fri,Wed,14,278278,wisely
2026-08-26T04:23:40+00:00,2026-08-28T18:15:00+00:00,3711,61.9,Lunch,4,Fri,Wed,14,278278,wisely
2026-08-28T16:35:39+00:00,2026-08-28T18:30:00+00:00,114,1.9,Lunch,2,Fri,Fri,14,278278,wisely
2026-08-28T16:35:41+00:00,2026-08-28T18:30:00+00:00,114,1.9,Lunch,4,Fri,Fri,14,278278,wisely
2026-08-28T16:35:40+00:00,2026-08-28T18:45:00+00:00,129,2.2,Lunch,2,Fri,Fri,14,278278,wisely
2026-08-28T16:35:41+00:00,2026-08-28T18:45:00+00:00,129,2.2,Lunch,4,Fri,Fri,14,278278,wisely
2026-08-25T04:37:27+00:00,2026-08-28T20:30:00+00:00,5273,87.9,Dinner,2,Fri,Tue,16,278278,wisely
2026-08-25T20:33:03+00:00,2026-08-28T20:45:00+00:00,4332,72.2,Dinner,2,Fri,Tue,16,278278,wisely
2026-08-26T01:09:16+00:00,2026-08-28T23:15:00+00:00,4206,70.1,Dinner,2,Fri,Tue,19,278278,wisely
2026-08-26T01:09:17+00:00,2026-08-28T23:15:00+00:00,4206,70.1,Dinner,4,Fri,Tue,19,278278,wisely
2026-08-25T13:16:33+00:00,2026-08-29T01:15:00+00:00,5038,84.0,Dinner,2,Fri,Tue,21,278278,wisely
2026-08-25T13:16:34+00:00,2026-08-29T01:15:00+00:00,5038,84.0,Dinner,4,Fri,Tue,21,278278,wisely
2026-08-25T04:37:28+00:00,2026-08-29T01:45:00+00:00,5588,93.1,Dinner,2,Fri,Tue,21,278278,wisely
2026-08-26T15:55:54+00:00,2026-08-29T01:45:00+00:00,3469,57.8,Dinner,4,Fri,Wed,21,278278,wisely
2026-08-27T04:07:08+00:00,2026-08-29T15:30:00+00:00,3563,59.4,Lunch,2,Sat,Thu,11,278278,wisely
2026-08-27T04:07:10+00:00,2026-08-29T15:30:00+00:00,3563,59.4,Lunch,4,Sat,Thu,11,278278,wisely
2026-08-27T04:07:08+00:00,2026-08-29T15:45:00+00:00,3578,59.6,Lunch,2,Sat,Thu,11,278278,wisely
2026-08-27T04:07:09+00:00,2026-08-29T16:00:00+00:00,3593,59.9,Lunch,2,Sat,Thu,12,278278,wisely
2026-08-27T04:07:10+00:00,2026-08-29T16:00:00+00:00,3593,59.9,Lunch,4,Sat,Thu,12,278278,wisely
2026-08-27T04:07:13+00:00,2026-08-29T16:15:00+00:00,3608,60.1,Lunch,2,Sat,Thu,12,278278,wisely
2026-08-27T04:07:11+00:00,2026-08-29T16:15:00+00:00,3608,60.1,Lunch,4,Sat,Thu,12,278278,wisely
2026-08-27T04:07:14+00:00,2026-08-29T16:30:00+00:00,3623,60.4,Lunch,2,Sat,Thu,12,278278,wisely
2026-08-27T04:07:14+00:00,2026-08-29T16:30:00+00:00,3623,60.4,Lunch,4,Sat,Thu,12,278278,wisely
2026-08-27T04:07:16+00:00,2026-08-29T17:15:00+00:00,3668,61.1,Lunch,2,Sat,Thu,13,278278,wisely
2026-08-27T04:07:16+00:00,2026-08-29T17:15:00+00:00,3668,61.1,Lunch,4,Sat,Thu,13,278278,wisely
2026-08-27T04:07:17+00:00,2026-08-29T17:30:00+00:00,3683,61.4,Lunch,2,Sat,Thu,13,278278,wisely
2026-08-27T04:07:17+00:00,2026-08-29T17:30:00+00:00,3683,61.4,Lunch,4,Sat,Thu,13,278278,wisely
2026-08-27T04:07:18+00:00,2026-08-29T17:45:00+00:00,3698,61.6,Lunch,2,Sat,Thu,13,278278,wisely
2026-08-27T04:07:19+00:00,2026-08-29T17:45:00+00:00,3698,61.6,Lunch,4,Sat,Thu,13,278278,wisely
2026-08-27T04:07:20+00:00,2026-08-29T18:00:00+00:00,3713,61.9,Lunch,2,Sat,Thu,14,278278,wisely
2026-08-28T16:36:25+00:00,2026-08-29T18:00:00+00:00,1524,25.4,Lunch,4,Sat,Fri,14,278278,wisely
2026-08-27T04:07:21+00:00,2026-08-29T18:15:00+00:00,3728,62.1,Lunch,2,Sat,Thu,14,278278,wisely
2026-08-27T04:07:21+00:00,2026-08-29T18:15:00+00:00,3728,62.1,Lunch,4,Sat,Thu,14,278278,wisely
2026-08-28T16:36:34+00:00,2026-08-29T19:15:00+00:00,1598,26.6,Lunch,4,Sat,Fri,15,278278,wisely
2026-08-29T02:44:36+00:00,2026-08-29T23:15:00+00:00,1230,20.5,Dinner,2,Sat,Fri,19,278278,wisely
2026-08-29T02:44:37+00:00,2026-08-29T23:15:00+00:00,1230,20.5,Dinner,4,Sat,Fri,19,278278,wisely
2026-08-27T20:00:41+00:00,2026-08-30T01:30:00+00:00,3209,53.5,Dinner,2,Sat,Thu,21,278278,wisely
2026-08-28T04:05:43+00:00,2026-08-30T15:30:00+00:00,3564,59.4,Lunch,2,Sun,Fri,11,278278,wisely
2026-08-28T04:05:44+00:00,2026-08-30T15:30:00+00:00,3564,59.4,Lunch,4,Sun,Fri,11,278278,wisely
2026-08-28T04:05:43+00:00,2026-08-30T15:45:00+00:00,3579,59.7,Lunch,2,Sun,Fri,11,278278,wisely
2026-08-28T16:36:46+00:00,2026-08-30T15:45:00+00:00,2828,47.1,Lunch,4,Sun,Fri,11,278278,wisely
2026-08-28T04:05:43+00:00,2026-08-30T16:00:00+00:00,3594,59.9,Lunch,2,Sun,Fri,12,278278,wisely
2026-08-28T04:05:44+00:00,2026-08-30T16:00:00+00:00,3594,59.9,Lunch,4,Sun,Fri,12,278278,wisely
2026-08-28T04:05:45+00:00,2026-08-30T16:15:00+00:00,3609,60.2,Lunch,2,Sun,Fri,12,278278,wisely
2026-08-28T04:05:44+00:00,2026-08-30T16:15:00+00:00,3609,60.2,Lunch,4,Sun,Fri,12,278278,wisely
2026-08-29T07:23:37+00:00,2026-08-30T16:30:00+00:00,1986,33.1,Lunch,2,Sun,Sat,12,278278,wisely
2026-08-28T04:05:47+00:00,2026-08-30T16:45:00+00:00,3639,60.7,Lunch,2,Sun,Fri,12,278278,wisely
2026-08-28T04:05:46+00:00,2026-08-30T16:45:00+00:00,3639,60.7,Lunch,4,Sun,Fri,12,278278,wisely
2026-08-28T04:05:47+00:00,2026-08-30T17:00:00+00:00,3654,60.9,Lunch,2,Sun,Fri,13,278278,wisely
2026-08-29T00:42:11+00:00,2026-08-30T17:00:00+00:00,2418,40.3,Lunch,4,Sun,Fri,13,278278,wisely
2026-08-28T04:05:48+00:00,2026-08-30T17:15:00+00:00,3669,61.2,Lunch,2,Sun,Fri,13,278278,wisely
2026-08-28T04:05:49+00:00,2026-08-30T17:30:00+00:00,3684,61.4,Lunch,2,Sun,Fri,13,278278,wisely
2026-08-28T04:05:49+00:00,2026-08-30T17:45:00+00:00,3699,61.7,Lunch,2,Sun,Fri,13,278278,wisely
2026-08-28T04:05:49+00:00,2026-08-30T17:45:00+00:00,3699,61.7,Lunch,4,Sun,Fri,13,278278,wisely
2026-08-28T04:05:50+00:00,2026-08-30T18:00:00+00:00,3714,61.9,Lunch,2,Sun,Fri,14,278278,wisely
2026-08-28T04:05:51+00:00,2026-08-30T18:15:00+00:00,3729,62.2,Lunch,2,Sun,Fri,14,278278,wisely
2026-08-29T02:46:56+00:00,2026-08-30T18:30:00+00:00,2383,39.7,Lunch,2,Sun,Fri,14,278278,wisely
2026-08-29T02:46:57+00:00,2026-08-30T18:30:00+00:00,2383,39.7,Lunch,4,Sun,Fri,14,278278,wisely
2026-08-28T04:05:50+00:00,2026-08-30T18:45:00+00:00,3759,62.7,Lunch,4,Sun,Fri,14,278278,wisely
2026-08-29T22:01:49+00:00,2026-08-30T21:30:00+00:00,1408,23.5,Dinner,2,Sun,Sat,17,278278,wisely
2026-08-29T22:01:49+00:00,2026-08-30T21:30:00+00:00,1408,23.5,Dinner,4,Sun,Sat,17,278278,wisely
2026-08-30T14:58:35+00:00,2026-08-31T00:00:00+00:00,541,9.0,Dinner,2,Sun,Sun,20,278278,wisely
2026-08-30T14:58:36+00:00,2026-08-31T00:00:00+00:00,541,9.0,Dinner,4,Sun,Sun,20,278278,wisely
2026-08-27T04:07:22+00:00,2026-08-31T01:00:00+00:00,5573,92.9,Dinner,2,Sun,Thu,21,278278,wisely
2026-08-29T07:23:58+00:00,2026-08-31T15:30:00+00:00,3366,56.1,Lunch,2,Mon,Sat,11,278278,wisely
2026-08-29T07:23:59+00:00,2026-08-31T15:30:00+00:00,3366,56.1,Lunch,4,Mon,Sat,11,278278,wisely
2026-08-29T07:23:58+00:00,2026-08-31T15:45:00+00:00,3381,56.4,Lunch,2,Mon,Sat,11,278278,wisely
2026-08-29T07:23:59+00:00,2026-08-31T15:45:00+00:00,3381,56.4,Lunch,4,Mon,Sat,11,278278,wisely
2026-08-29T07:23:58+00:00,2026-08-31T16:00:00+00:00,3396,56.6,Lunch,2,Mon,Sat,12,278278,wisely
2026-08-29T07:24:00+00:00,2026-08-31T16:00:00+00:00,3396,56.6,Lunch,4,Mon,Sat,12,278278,wisely
2026-08-29T07:24:01+00:00,2026-08-31T16:15:00+00:00,3411,56.8,Lunch,2,Mon,Sat,12,278278,wisely
2026-08-29T07:24:02+00:00,2026-08-31T16:15:00+00:00,3411,56.8,Lunch,4,Mon,Sat,12,278278,wisely
2026-08-29T07:24:03+00:00,2026-08-31T16:45:00+00:00,3441,57.3,Lunch,2,Mon,Sat,12,278278,wisely
2026-08-29T07:24:04+00:00,2026-08-31T16:45:00+00:00,3441,57.3,Lunch,4,Mon,Sat,12,278278,wisely
2026-08-29T07:24:04+00:00,2026-08-31T17:00:00+00:00,3456,57.6,Lunch,2,Mon,Sat,13,278278,wisely
2026-08-29T07:24:05+00:00,2026-08-31T17:00:00+00:00,3456,57.6,Lunch,4,Mon,Sat,13,278278,wisely
2026-08-29T07:24:05+00:00,2026-08-31T17:15:00+00:00,3471,57.8,Lunch,2,Mon,Sat,13,278278,wisely
2026-08-29T07:24:06+00:00,2026-08-31T17:15:00+00:00,3471,57.8,Lunch,4,Mon,Sat,13,278278,wisely
2026-08-29T07:24:07+00:00,2026-08-31T17:30:00+00:00,3486,58.1,Lunch,2,Mon,Sat,13,278278,wisely
2026-08-29T07:24:08+00:00,2026-08-31T17:45:00+00:00,3501,58.3,Lunch,2,Mon,Sat,13,278278,wisely
2026-08-29T07:24:08+00:00,2026-08-31T17:45:00+00:00,3501,58.3,Lunch,4,Mon,Sat,13,278278,wisely
2026-08-29T07:24:09+00:00,2026-08-31T18:00:00+00:00,3516,58.6,Lunch,2,Mon,Sat,14,278278,wisely
2026-08-29T07:24:09+00:00,2026-08-31T18:00:00+00:00,3516,58.6,Lunch,4,Mon,Sat,14,278278,wisely
2026-08-29T07:24:10+00:00,2026-08-31T18:15:00+00:00,3531,58.8,Lunch,2,Mon,Sat,14,278278,wisely
2026-08-29T07:24:11+00:00,2026-08-31T18:15:00+00:00,3531,58.8,Lunch,4,Mon,Sat,14,278278,wisely
2026-08-28T04:05:51+00:00,2026-08-31T20:30:00+00:00,5304,88.4,Dinner,2,Mon,Fri,16,278278,wisely
2026-08-30T21:26:47+00:00,2026-08-31T20:45:00+00:00,1398,23.3,Dinner,2,Mon,Sun,16,278278,wisely
2026-08-30T21:26:49+00:00,2026-08-31T20:45:00+00:00,1398,23.3,Dinner,4,Mon,Sun,16,278278,wisely
2026-08-31T00:47:12+00:00,2026-08-31T22:15:00+00:00,1288,21.5,Dinner,2,Mon,Sun,18,278278,wisely
2026-08-30T14:58:56+00:00,2026-08-31T23:45:00+00:00,1966,32.8,Dinner,2,Mon,Sun,19,278278,wisely
2026-08-30T14:58:57+00:00,2026-08-31T23:45:00+00:00,1966,32.8,Dinner,4,Mon,Sun,19,278278,wisely
2026-08-29T02:47:22+00:00,2026-09-01T00:15:00+00:00,4168,69.5,Dinner,2,Mon,Fri,20,278278,wisely
2026-08-30T23:43:15+00:00,2026-09-01T01:00:00+00:00,1517,25.3,Dinner,2,Mon,Sun,21,278278,wisely
2026-08-30T23:43:16+00:00,2026-09-01T01:00:00+00:00,1517,25.3,Dinner,4,Mon,Sun,21,278278,wisely
2026-08-29T02:47:23+00:00,2026-09-01T01:15:00+00:00,4228,70.5,Dinner,2,Mon,Fri,21,278278,wisely
2026-08-29T02:47:23+00:00,2026-09-01T01:15:00+00:00,4228,70.5,Dinner,4,Mon,Fri,21,278278,wisely
2026-08-29T02:47:23+00:00,2026-09-01T01:30:00+00:00,4243,70.7,Dinner,2,Mon,Fri,21,278278,wisely
2026-08-29T02:47:24+00:00,2026-09-01T01:30:00+00:00,4243,70.7,Dinner,4,Mon,Fri,21,278278,wisely
2026-08-28T04:05:52+00:00,2026-09-01T01:45:00+00:00,5619,93.7,Dinner,2,Mon,Fri,21,278278,wisely
2026-08-28T04:05:53+00:00,2026-09-01T01:45:00+00:00,5619,93.7,Dinner,4,Mon,Fri,21,278278,wisely
