seen_at_iso,slot_at_iso,lead_minutes,lead_hours,service,party_size,weekday_slot,weekday_seen,hour_slot,merchant_id,source
2026-03-31T15:08:04+00:00,2026-04-01T11:30:00-04:00,1462,24.4,Lunch,2,Wed,Tue,11,278278,wisely
2026-03-31T15:08:05+00:00,2026-04-01T11:30:00-04:00,1462,24.4,Lunch,4,Wed,Tue,11,278278,wisely
2026-03-30T22:55:28+00:00,2026-04-01T11:45:00-04:00,2450,40.8,Lunch,2,Wed,Mon,11,278278,wisely
2026-03-30T22:55:29+00:00,2026-04-01T11:45:00-04:00,2450,40.8,Lunch,4,Wed,Mon,11,278278,wisely
2026-03-31T19:18:52+00:00,2026-04-01T12:00:00-04:00,1241,20.7,Lunch,2,Wed,Tue,12,278278,wisely
2026-03-31T19:18:54+00:00,2026-04-01T12:00:00-04:00,1241,20.7,Lunch,4,Wed,Tue,12,278278,wisely
2026-03-31T22:51:30+00:00,2026-04-01T16:15:00+00:00,1043,17.4,Lunch,2,Wed,Tue,12,278278,wisely
2026-03-31T22:51:32+00:00,2026-04-01T16:15:00+00:00,1043,17.4,Lunch,4,Wed,Tue,12,278278,wisely
2026-03-31T22:51:31+00:00,2026-04-01T17:00:00+00:00,1088,18.1,Lunch,2,Wed,Tue,13,278278,wisely
2026-03-31T22:51:32+00:00,2026-04-01T17:00:00+00:00,1088,18.1,Lunch,4,Wed,Tue,13,278278,wisely
2026-03-30T19:41:33+00:00,2026-04-01T13:30:00-04:00,2748,45.8,Lunch,2,Wed,Mon,13,278278,wisely
2026-03-30T19:41:34+00:00,2026-04-01T13:30:00-04:00,2748,45.8,Lunch,4,Wed,Mon,13,278278,wisely
2026-03-30T05:11:44+00:00,2026-04-01T13:45:00-04:00,3633,60.6,Lunch,2,Wed,Mon,13,278278,wisely
2026-03-30T05:11:46+00:00,2026-04-01T13:45:00-04:00,3633,60.6,Lunch,4,Wed,Mon,13,278278,wisely
2026-03-30T05:11:45+00:00,2026-04-01T14:00:00-04:00,3648,60.8,Lunch,2,Wed,Mon,14,278278,wisely
2026-03-30T05:11:46+00:00,2026-04-01T14:00:00-04:00,3648,60.8,Lunch,4,Wed,Mon,14,278278,wisely
2026-03-30T05:11:45+00:00,2026-04-01T14:15:00-04:00,3663,61.1,Lunch,2,Wed,Mon,14,278278,wisely
2026-03-30T05:11:46+00:00,2026-04-01T14:15:00-04:00,3663,61.1,Lunch,4,Wed,Mon,14,278278,wisely
2026-03-30T20:26:01+00:00,2026-04-01T14:30:00-04:00,2764,46.1,Lunch,2,Wed,Mon,14,278278,wisely
2026-03-30T20:26:02+00:00,2026-04-01T14:30:00-04:00,2764,46.1,Lunch,4,Wed,Mon,14,278278,wisely
2026-04-01T17:51:16+00:00,2026-04-01T14:45:00-04:00,54,0.9,Lunch,2,Wed,Wed,14,278278,wisely
2026-03-31T11:13:46+00:00,2026-04-01T14:45:00-04:00,1891,31.5,Lunch,4,Wed,Tue,14,278278,wisely
2026-04-01T18:40:12+00:00,2026-04-01T15:00:00-04:00,20,0.3,Lunch,2,Wed,Wed,15,278278,wisely
2026-04-01T18:40:15+00:00,2026-04-01T15:00:00-04:00,20,0.3,Lunch,4,Wed,Wed,15,278278,wisely
2026-04-01T18:40:13+00:00,2026-04-01T15:15:00-04:00,35,0.6,Lunch,2,Wed,Wed,15,278278,wisely
2026-04-01T18:40:15+00:00,2026-04-01T15:15:00-04:00,35,0.6,Lunch,4,Wed,Wed,15,278278,wisely
2026-04-01T18:40:14+00:00,2026-04-01T15:30:00-04:00,50,0.8,Lunch,2,Wed,Wed,15,278278,wisely
2026-04-01T18:40:16+00:00,2026-04-01T15:30:00-04:00,50,0.8,Lunch,4,Wed,Wed,15,278278,wisely
2026-04-01T19:44:09+00:00,2026-04-01T16:00:00-04:00,16,0.3,Lunch,2,Wed,Wed,16,278278,wisely
2026-04-01T19:44:11+00:00,2026-04-01T16:00:00-04:00,16,0.3,Lunch,4,Wed,Wed,16,278278,wisely
2026-04-01T19:44:11+00:00,2026-04-01T16:15:00-04:00,31,0.5,Lunch,2,Wed,Wed,16,278278,wisely
2026-03-31T19:18:20+00:00,2026-04-01T16:30:00-04:00,1512,25.2,Dinner,2,Wed,Tue,16,278278,wisely
2026-03-31T19:18:22+00:00,2026-04-01T16:30:00-04:00,1512,25.2,Dinner,4,Wed,Tue,16,278278,wisely
2026-03-30T21:09:36+00:00,2026-04-01T16:45:00-04:00,2855,47.6,Dinner,2,Wed,Mon,16,278278,wisely
2026-03-30T21:09:37+00:00,2026-04-01T16:45:00-04:00,2855,47.6,Dinner,4,Wed,Mon,16,278278,wisely
2026-03-31T21:24:24+00:00,2026-04-01T17:00:00-04:00,1416,23.6,Dinner,2,Wed,Tue,17,278278,wisely
2026-03-31T21:24:26+00:00,2026-04-01T17:00:00-04:00,1416,23.6,Dinner,4,Wed,Tue,17,278278,wisely
2026-03-31T05:51:05+00:00,2026-04-01T17:45:00-04:00,2394,39.9,Dinner,2,Wed,Tue,17,278278,wisely
2026-03-30T22:31:40+00:00,2026-04-01T18:15:00-04:00,2863,47.7,Dinner,2,Wed,Mon,18,278278,wisely
2026-03-30T22:31:41+00:00,2026-04-01T18:15:00-04:00,2863,47.7,Dinner,4,Wed,Mon,18,278278,wisely
2026-03-31T16:15:06+00:00,2026-04-01T18:30:00-04:00,1815,30.2,Dinner,2,Wed,Tue,18,278278,wisely
2026-03-31T16:15:06+00:00,2026-04-01T18:30:00-04:00,1815,30.2,Dinner,4,Wed,Tue,18,278278,wisely
2026-03-31T21:24:36+00:00,2026-04-01T20:00:00-04:00,1595,26.6,Dinner,2,Wed,Tue,20,278278,wisely
2026-03-31T21:24:36+00:00,2026-04-01T20:00:00-04:00,1595,26.6,Dinner,4,Wed,Tue,20,278278,wisely
2026-03-31T21:24:37+00:00,2026-04-01T21:00:00-04:00,1655,27.6,Dinner,2,Wed,Tue,21,278278,wisely
2026-03-31T21:24:39+00:00,2026-04-01T21:15:00-04:00,1670,27.8,Dinner,2,Wed,Tue,21,278278,wisely
2026-03-31T21:24:38+00:00,2026-04-01T21:15:00-04:00,1670,27.8,Dinner,4,Wed,Tue,21,278278,wisely
2026-03-31T18:09:20+00:00,2026-04-01T21:45:00-04:00,1896,31.6,Dinner,2,Wed,Tue,21,278278,wisely
2026-03-31T18:09:21+00:00,2026-04-01T21:45:00-04:00,1896,31.6,Dinner,4,Wed,Tue,21,278278,wisely
2026-04-01T04:22:47+00:00,2026-04-02T11:30:00-04:00,2107,35.1,Lunch,2,Thu,Wed,11,278278,wisely
2026-04-01T04:22:48+00:00,2026-04-02T11:30:00-04:00,2107,35.1,Lunch,4,Thu,Wed,11,278278,wisely
2026-03-31T20:56:47+00:00,2026-04-02T11:45:00-04:00,2568,42.8,Lunch,2,Thu,Tue,11,278278,wisely
2026-03-31T20:56:49+00:00,2026-04-02T11:45:00-04:00,2568,42.8,Lunch,4,Thu,Tue,11,278278,wisely
2026-04-01T06:12:15+00:00,2026-04-02T12:00:00-04:00,2028,33.8,Lunch,2,Thu,Wed,12,278278,wisely
2026-04-01T06:12:16+00:00,2026-04-02T12:00:00-04:00,2028,33.8,Lunch,4,Thu,Wed,12,278278,wisely
2026-04-01T14:47:09+00:00,2026-04-02T12:30:00-04:00,1543,25.7,Lunch,2,Thu,Wed,12,278278,wisely
2026-03-31T14:00:21+00:00,2026-04-02T12:45:00-04:00,3045,50.7,Lunch,2,Thu,Tue,12,278278,wisely
2026-03-31T14:00:22+00:00,2026-04-02T12:45:00-04:00,3045,50.7,Lunch,4,Thu,Tue,12,278278,wisely
2026-03-31T04:06:46+00:00,2026-04-02T14:00:00-04:00,3713,61.9,Lunch,2,Thu,Tue,14,278278,wisely
2026-03-31T20:03:08+00:00,2026-04-02T14:00:00-04:00,2757,45.9,Lunch,4,Thu,Tue,14,278278,wisely
2026-03-31T04:06:47+00:00,2026-04-02T14:15:00-04:00,3728,62.1,Lunch,2,Thu,Tue,14,278278,wisely
2026-03-31T04:06:47+00:00,2026-04-02T14:30:00-04:00,3743,62.4,Lunch,2,Thu,Tue,14,278278,wisely
2026-03-31T22:51:57+00:00,2026-04-02T18:30:00+00:00,2618,43.6,Lunch,4,Thu,Tue,14,278278,wisely
2026-03-31T18:10:19+00:00,2026-04-02T14:45:00-04:00,2915,48.6,Lunch,2,Thu,Tue,14,278278,wisely
2026-04-01T23:21:05+00:00,2026-04-02T15:00:00-04:00,1179,19.6,Lunch,2,Thu,Wed,15,278278,wisely
2026-03-31T04:06:48+00:00,2026-04-02T15:00:00-04:00,3773,62.9,Lunch,4,Thu,Tue,15,278278,wisely
2026-04-02T05:25:39+00:00,2026-04-02T15:15:00-04:00,829,13.8,Lunch,2,Thu,Thu,15,278278,wisely
2026-04-01T23:21:06+00:00,2026-04-02T15:15:00-04:00,1194,19.9,Lunch,4,Thu,Wed,15,278278,wisely
2026-04-02T13:54:34+00:00,2026-04-02T15:45:00-04:00,350,5.8,Lunch,2,Thu,Thu,15,278278,wisely
2026-04-01T18:40:32+00:00,2026-04-02T15:45:00-04:00,1504,25.1,Lunch,4,Thu,Wed,15,278278,wisely
2026-04-01T19:44:17+00:00,2026-04-02T16:30:00-04:00,1486,24.8,Dinner,2,Thu,Wed,16,278278,wisely
2026-04-01T21:08:48+00:00,2026-04-02T16:45:00-04:00,1416,23.6,Dinner,2,Thu,Wed,16,278278,wisely
2026-04-01T21:08:49+00:00,2026-04-02T16:45:00-04:00,1416,23.6,Dinner,4,Thu,Wed,16,278278,wisely
2026-04-01T19:44:18+00:00,2026-04-02T17:00:00-04:00,1516,25.3,Dinner,2,Thu,Wed,17,278278,wisely
2026-04-01T19:44:18+00:00,2026-04-02T17:00:00-04:00,1516,25.3,Dinner,4,Thu,Wed,17,278278,wisely
2026-04-01T21:29:39+00:00,2026-04-02T18:00:00-04:00,1470,24.5,Dinner,2,Thu,Wed,18,278278,wisely
2026-04-01T21:29:40+00:00,2026-04-02T18:00:00-04:00,1470,24.5,Dinner,4,Thu,Wed,18,278278,wisely
2026-04-01T21:08:49+00:00,2026-04-02T18:30:00-04:00,1521,25.4,Dinner,2,Thu,Wed,18,278278,wisely
2026-04-01T21:08:50+00:00,2026-04-02T18:30:00-04:00,1521,25.4,Dinner,4,Thu,Wed,18,278278,wisely
2026-04-01T21:08:53+00:00,2026-04-02T19:15:00-04:00,1566,26.1,Dinner,2,Thu,Wed,19,278278,wisely
2026-04-01T21:08:54+00:00,2026-04-02T19:45:00-04:00,1596,26.6,Dinner,2,Thu,Wed,19,278278,wisely
2026-04-01T21:08:51+00:00,2026-04-02T19:45:00-04:00,1596,26.6,Dinner,4,Thu,Wed,19,278278,wisely
2026-04-01T21:08:57+00:00,2026-04-02T20:00:00-04:00,1611,26.9,Dinner,2,Thu,Wed,20,278278,wisely
2026-04-01T21:08:55+00:00,2026-04-02T20:00:00-04:00,1611,26.9,Dinner,4,Thu,Wed,20,278278,wisely
2026-04-01T21:08:58+00:00,2026-04-02T20:15:00-04:00,1626,27.1,Dinner,2,Thu,Wed,20,278278,wisely
2026-04-01T21:08:57+00:00,2026-04-02T20:15:00-04:00,1626,27.1,Dinner,4,Thu,Wed,20,278278,wisely
2026-04-01T21:08:59+00:00,2026-04-02T20:30:00-04:00,1641,27.4,Dinner,2,Thu,Wed,20,278278,wisely
2026-03-31T20:02:57+00:00,2026-04-02T21:00:00-04:00,3177,53.0,Dinner,2,Thu,Tue,21,278278,wisely
2026-03-31T20:02:58+00:00,2026-04-02T21:00:00-04:00,3177,53.0,Dinner,4,Thu,Tue,21,278278,wisely
2026-04-01T21:30:08+00:00,2026-04-02T21:15:00-04:00,1665,27.7,Dinner,2,Thu,Wed,21,278278,wisely
2026-04-01T21:30:02+00:00,2026-04-02T21:15:00-04:00,1665,27.7,Dinner,4,Thu,Wed,21,278278,wisely
2026-04-01T14:46:46+00:00,2026-04-02T21:30:00-04:00,2083,34.7,Dinner,2,Thu,Wed,21,278278,wisely
2026-04-01T22:34:10+00:00,2026-04-02T21:30:00-04:00,1616,26.9,Dinner,4,Thu,Wed,21,278278,wisely
2026-03-30T14:45:43+00:00,2026-04-02T21:45:00-04:00,4979,83.0,Dinner,2,Thu,Mon,21,278278,wisely
2026-04-01T11:57:11+00:00,2026-04-02T21:45:00-04:00,2268,37.8,Dinner,4,Thu,Wed,21,278278,wisely
2026-04-01T19:44:55+00:00,2026-04-03T11:30:00-04:00,2625,43.8,Lunch,2,Fri,Wed,11,278278,wisely
2026-04-01T19:44:56+00:00,2026-04-03T11:30:00-04:00,2625,43.8,Lunch,4,Fri,Wed,11,278278,wisely
2026-04-01T13:19:19+00:00,2026-04-03T11:45:00-04:00,3026,50.4,Lunch,2,Fri,Wed,11,278278,wisely
2026-04-01T13:19:19+00:00,2026-04-03T11:45:00-04:00,3026,50.4,Lunch,4,Fri,Wed,11,278278,wisely
2026-04-03T12:32:27+00:00,2026-04-03T12:00:00-04:00,208,3.5,Lunch,2,Fri,Fri,12,278278,wisely
2026-04-03T12:32:28+00:00,2026-04-03T12:00:00-04:00,208,3.5,Lunch,4,Fri,Fri,12,278278,wisely
2026-04-02T12:09:22+00:00,2026-04-03T12:30:00-04:00,1701,28.3,Lunch,2,Fri,Thu,12,278278,wisely
2026-04-02T14:49:01+00:00,2026-04-03T13:00:00-04:00,1571,26.2,Lunch,2,Fri,Thu,13,278278,wisely
2026-04-02T14:49:02+00:00,2026-04-03T13:00:00-04:00,1571,26.2,Lunch,4,Fri,Thu,13,278278,wisely
2026-04-02T14:49:06+00:00,2026-04-03T13:15:00-04:00,1586,26.4,Lunch,2,Fri,Thu,13,278278,wisely
2026-04-02T14:49:08+00:00,2026-04-03T13:45:00-04:00,1616,26.9,Lunch,2,Fri,Thu,13,278278,wisely
2026-04-02T14:49:02+00:00,2026-04-03T13:45:00-04:00,1616,26.9,Lunch,4,Fri,Thu,13,278278,wisely
2026-04-02T14:49:09+00:00,2026-04-03T14:15:00-04:00,1646,27.4,Lunch,2,Fri,Thu,14,278278,wisely
2026-04-02T14:49:10+00:00,2026-04-03T14:30:00-04:00,1661,27.7,Lunch,2,Fri,Thu,14,278278,wisely
2026-04-02T14:49:09+00:00,2026-04-03T14:30:00-04:00,1661,27.7,Lunch,4,Fri,Thu,14,278278,wisely
2026-04-02T16:41:41+00:00,2026-04-03T15:00:00-04:00,1578,26.3,Lunch,2,Fri,Thu,15,278278,wisely
2026-04-02T19:35:08+00:00,2026-04-03T15:15:00-04:00,1420,23.7,Lunch,2,Fri,Thu,15,278278,wisely
2026-04-01T21:30:57+00:00,2026-04-03T15:30:00-04:00,2759,46.0,Lunch,2,Fri,Wed,15,278278,wisely
2026-04-01T21:30:58+00:00,2026-04-03T15:30:00-04:00,2759,46.0,Lunch,4,Fri,Wed,15,278278,wisely
2026-04-02T17:33:53+00:00,2026-04-03T15:45:00-04:00,1571,26.2,Lunch,2,Fri,Thu,15,278278,wisely
2026-04-02T15:45:45+00:00,2026-04-03T15:45:00-04:00,1679,28.0,Lunch,4,Fri,Thu,15,278278,wisely
2026-04-01T15:59:09+00:00,2026-04-03T16:00:00-04:00,3121,52.0,Lunch,2,Fri,Wed,16,278278,wisely
2026-04-01T15:59:10+00:00,2026-04-03T16:00:00-04:00,3121,52.0,Lunch,4,Fri,Wed,16,278278,wisely
2026-04-02T17:33:54+00:00,2026-04-03T16:15:00-04:00,1601,26.7,Lunch,2,Fri,Thu,16,278278,wisely
2026-04-02T16:41:24+00:00,2026-04-03T16:15:00-04:00,1654,27.6,Lunch,4,Fri,Thu,16,278278,wisely
2026-04-02T01:02:35+00:00,2026-04-03T16:30:00-04:00,2607,43.5,Dinner,2,Fri,Wed,16,278278,wisely
2026-04-02T01:02:35+00:00,2026-04-03T16:30:00-04:00,2607,43.5,Dinner,4,Fri,Wed,16,278278,wisely
2026-04-02T21:55:56+00:00,2026-04-03T17:00:00-04:00,1384,23.1,Dinner,2,Fri,Thu,17,278278,wisely
2026-04-03T10:26:24+00:00,2026-04-03T17:30:00-04:00,664,11.1,Dinner,2,Fri,Fri,17,278278,wisely
2026-04-03T10:26:24+00:00,2026-04-03T17:30:00-04:00,664,11.1,Dinner,4,Fri,Fri,17,278278,wisely
2026-04-03T07:55:14+00:00,2026-04-03T18:15:00-04:00,860,14.3,Dinner,2,Fri,Fri,18,278278,wisely
2026-04-03T07:55:15+00:00,2026-04-03T18:15:00-04:00,860,14.3,Dinner,4,Fri,Fri,18,278278,wisely
2026-04-03T22:18:08+00:00,2026-04-03T21:45:00-04:00,207,3.4,Dinner,2,Fri,Fri,21,278278,wisely
2026-04-03T22:18:09+00:00,2026-04-03T21:45:00-04:00,207,3.4,Dinner,4,Fri,Fri,21,278278,wisely
2026-04-03T10:26:57+00:00,2026-04-04T11:30:00-04:00,1743,29.1,Lunch,2,Sat,Fri,11,278278,wisely
2026-04-03T10:26:57+00:00,2026-04-04T11:30:00-04:00,1743,29.1,Lunch,4,Sat,Fri,11,278278,wisely
2026-04-03T14:32:57+00:00,2026-04-04T11:45:00-04:00,1512,25.2,Lunch,2,Sat,Fri,11,278278,wisely
2026-04-03T16:02:37+00:00,2026-04-04T12:00:00-04:00,1437,24.0,Lunch,2,Sat,Fri,12,278278,wisely
2026-04-03T16:02:38+00:00,2026-04-04T12:00:00-04:00,1437,24.0,Lunch,4,Sat,Fri,12,278278,wisely
2026-04-03T16:02:42+00:00,2026-04-04T12:15:00-04:00,1452,24.2,Lunch,2,Sat,Fri,12,278278,wisely
2026-04-03T16:02:38+00:00,2026-04-04T12:15:00-04:00,1452,24.2,Lunch,4,Sat,Fri,12,278278,wisely
2026-04-03T14:32:58+00:00,2026-04-04T12:30:00-04:00,1557,26.0,Lunch,2,Sat,Fri,12,278278,wisely
2026-04-03T21:06:11+00:00,2026-04-04T12:45:00-04:00,1179,19.6,Lunch,2,Sat,Fri,12,278278,wisely
2026-04-03T21:06:12+00:00,2026-04-04T12:45:00-04:00,1179,19.6,Lunch,4,Sat,Fri,12,278278,wisely
2026-04-03T14:33:02+00:00,2026-04-04T13:00:00-04:00,1587,26.4,Lunch,2,Sat,Fri,13,278278,wisely
2026-04-03T15:23:58+00:00,2026-04-04T13:15:00-04:00,1551,25.9,Lunch,2,Sat,Fri,13,278278,wisely
2026-04-03T15:23:47+00:00,2026-04-04T13:15:00-04:00,1551,25.9,Lunch,4,Sat,Fri,13,278278,wisely
2026-04-03T22:57:24+00:00,2026-04-04T13:45:00-04:00,1128,18.8,Lunch,2,Sat,Fri,13,278278,wisely
2026-04-03T15:24:01+00:00,2026-04-04T14:00:00-04:00,1596,26.6,Lunch,2,Sat,Fri,14,278278,wisely
2026-04-02T18:34:13+00:00,2026-04-04T14:15:00-04:00,2861,47.7,Lunch,2,Sat,Thu,14,278278,wisely
2026-04-02T20:38:06+00:00,2026-04-04T14:15:00-04:00,2737,45.6,Lunch,4,Sat,Thu,14,278278,wisely
2026-04-03T14:33:04+00:00,2026-04-04T14:30:00-04:00,1677,27.9,Lunch,2,Sat,Fri,14,278278,wisely
2026-04-03T14:32:59+00:00,2026-04-04T14:30:00-04:00,1677,28.0,Lunch,4,Sat,Fri,14,278278,wisely
2026-04-02T21:20:10+00:00,2026-04-04T19:00:00+00:00,2740,45.7,Lunch,2,Sat,Thu,15,278278,wisely
2026-04-03T21:06:19+00:00,2026-04-04T15:15:00-04:00,1329,22.1,Lunch,2,Sat,Fri,15,278278,wisely
2026-04-03T21:06:19+00:00,2026-04-04T15:15:00-04:00,1329,22.1,Lunch,4,Sat,Fri,15,278278,wisely
2026-04-02T19:35:27+00:00,2026-04-04T15:30:00-04:00,2875,47.9,Lunch,2,Sat,Thu,15,278278,wisely
2026-04-02T19:35:28+00:00,2026-04-04T15:30:00-04:00,2875,47.9,Lunch,4,Sat,Thu,15,278278,wisely
2026-04-03T18:02:40+00:00,2026-04-04T16:00:00-04:00,1557,26.0,Lunch,2,Sat,Fri,16,278278,wisely
2026-04-02T16:41:42+00:00,2026-04-04T16:30:00-04:00,3108,51.8,Dinner,2,Sat,Thu,16,278278,wisely
2026-04-02T16:41:42+00:00,2026-04-04T16:30:00-04:00,3108,51.8,Dinner,4,Sat,Thu,16,278278,wisely
2026-04-03T14:32:46+00:00,2026-04-04T16:45:00-04:00,1812,30.2,Dinner,2,Sat,Fri,16,278278,wisely
2026-04-03T19:02:45+00:00,2026-04-04T17:00:00-04:00,1557,26.0,Dinner,2,Sat,Fri,17,278278,wisely
2026-04-02T22:35:30+00:00,2026-04-04T17:30:00-04:00,2814,46.9,Dinner,2,Sat,Thu,17,278278,wisely
2026-04-02T22:35:31+00:00,2026-04-04T17:30:00-04:00,2814,46.9,Dinner,4,Sat,Thu,17,278278,wisely
2026-04-03T21:48:06+00:00,2026-04-04T17:45:00-04:00,1437,23.9,Dinner,2,Sat,Fri,17,278278,wisely
2026-04-03T21:06:02+00:00,2026-04-04T18:00:00-04:00,1494,24.9,Dinner,2,Sat,Fri,18,278278,wisely
2026-04-04T14:18:29+00:00,2026-04-04T18:15:00-04:00,477,7.9,Dinner,2,Sat,Sat,18,278278,wisely
2026-04-03T21:48:07+00:00,2026-04-04T18:45:00-04:00,1497,24.9,Dinner,2,Sat,Fri,18,278278,wisely
2026-04-04T22:47:26+00:00,2026-04-04T19:00:00-04:00,13,0.2,Dinner,2,Sat,Sat,19,278278,wisely
2026-04-02T20:07:13+00:00,2026-04-04T19:45:00-04:00,3098,51.6,Dinner,2,Sat,Thu,19,278278,wisely
2026-04-02T20:07:14+00:00,2026-04-04T19:45:00-04:00,3098,51.6,Dinner,4,Sat,Thu,19,278278,wisely
2026-04-03T01:04:21+00:00,2026-04-04T20:15:00-04:00,2831,47.2,Dinner,2,Sat,Thu,20,278278,wisely
2026-04-03T19:49:57+00:00,2026-04-04T21:00:00-04:00,1750,29.2,Dinner,2,Sat,Fri,21,278278,wisely
2026-04-03T21:32:22+00:00,2026-04-04T21:15:00-04:00,1663,27.7,Dinner,2,Sat,Fri,21,278278,wisely
2026-04-03T21:32:23+00:00,2026-04-04T21:15:00-04:00,1663,27.7,Dinner,4,Sat,Fri,21,278278,wisely
2026-04-03T21:32:32+00:00,2026-04-04T21:30:00-04:00,1677,28.0,Dinner,2,Sat,Fri,21,278278,wisely
2026-04-03T21:32:24+00:00,2026-04-04T21:30:00-04:00,1678,28.0,Dinner,4,Sat,Fri,21,278278,wisely
2026-04-02T13:55:20+00:00,2026-04-04T21:45:00-04:00,3590,59.8,Dinner,2,Sat,Thu,21,278278,wisely
2026-04-02T13:55:21+00:00,2026-04-04T21:45:00-04:00,3590,59.8,Dinner,4,Sat,Thu,21,278278,wisely
2026-04-04T14:18:54+00:00,2026-04-05T11:45:00-04:00,1526,25.4,Lunch,2,Sun,Sat,11,278278,wisely
2026-04-04T14:18:56+00:00,2026-04-05T11:45:00-04:00,1526,25.4,Lunch,4,Sun,Sat,11,278278,wisely
2026-04-04T21:42:47+00:00,2026-04-05T16:00:00+00:00,1097,18.3,Lunch,2,Sun,Sat,12,278278,wisely
2026-04-04T21:42:48+00:00,2026-04-05T16:00:00+00:00,1097,18.3,Lunch,4,Sun,Sat,12,278278,wisely
2026-04-04T05:11:52+00:00,2026-04-05T12:30:00-04:00,2118,35.3,Lunch,2,Sun,Sat,12,278278,wisely
2026-04-04T05:11:52+00:00,2026-04-05T12:30:00-04:00,2118,35.3,Lunch,4,Sun,Sat,12,278278,wisely
2026-04-04T21:42:48+00:00,2026-04-05T16:45:00+00:00,1142,19.0,Lunch,2,Sun,Sat,12,278278,wisely
2026-04-04T21:42:49+00:00,2026-04-05T16:45:00+00:00,1142,19.0,Lunch,4,Sun,Sat,12,278278,wisely
2026-04-04T21:02:10+00:00,2026-04-05T17:15:00+00:00,1213,20.2,Lunch,2,Sun,Sat,13,278278,wisely
2026-04-04T21:02:12+00:00,2026-04-05T17:15:00+00:00,1213,20.2,Lunch,4,Sun,Sat,13,278278,wisely
2026-04-04T16:30:03+00:00,2026-04-05T13:30:00-04:00,1500,25.0,Lunch,2,Sun,Sat,13,278278,wisely
2026-04-03T22:57:44+00:00,2026-04-05T13:45:00-04:00,2567,42.8,Lunch,2,Sun,Fri,13,278278,wisely
2026-04-04T14:18:55+00:00,2026-04-05T14:30:00-04:00,1691,28.2,Lunch,2,Sun,Sat,14,278278,wisely
2026-04-04T05:11:52+00:00,2026-04-05T15:00:00-04:00,2268,37.8,Lunch,2,Sun,Sat,15,278278,wisely
2026-04-04T05:11:53+00:00,2026-04-05T15:00:00-04:00,2268,37.8,Lunch,4,Sun,Sat,15,278278,wisely
2026-04-04T14:55:19+00:00,2026-04-05T15:15:00-04:00,1700,28.3,Lunch,2,Sun,Sat,15,278278,wisely
2026-04-04T14:55:20+00:00,2026-04-05T15:15:00-04:00,1700,28.3,Lunch,4,Sun,Sat,15,278278,wisely
2026-04-03T04:03:12+00:00,2026-04-05T15:30:00-04:00,3807,63.4,Lunch,2,Sun,Fri,15,278278,wisely
2026-04-04T21:02:11+00:00,2026-04-05T20:15:00+00:00,1393,23.2,Lunch,2,Sun,Sat,16,278278,wisely
2026-04-04T21:02:13+00:00,2026-04-05T20:15:00+00:00,1393,23.2,Lunch,4,Sun,Sat,16,278278,wisely
2026-04-04T21:01:56+00:00,2026-04-05T20:30:00+00:00,1408,23.5,Dinner,2,Sun,Sat,16,278278,wisely
2026-04-04T21:01:57+00:00,2026-04-05T20:30:00+00:00,1408,23.5,Dinner,4,Sun,Sat,16,278278,wisely
2026-04-02T18:34:21+00:00,2026-04-05T17:15:00-04:00,4481,74.7,Dinner,2,Sun,Thu,17,278278,wisely
2026-04-02T18:34:22+00:00,2026-04-05T17:15:00-04:00,4481,74.7,Dinner,4,Sun,Thu,17,278278,wisely
2026-04-04T14:18:45+00:00,2026-04-05T17:45:00-04:00,1886,31.4,Dinner,2,Sun,Sat,17,278278,wisely
2026-04-05T01:06:37+00:00,2026-04-05T21:45:00+00:00,1238,20.6,Dinner,4,Sun,Sat,17,278278,wisely
2026-04-04T06:14:31+00:00,2026-04-05T18:30:00-04:00,2415,40.3,Dinner,2,Sun,Sat,18,278278,wisely
2026-04-04T06:14:32+00:00,2026-04-05T18:30:00-04:00,2415,40.3,Dinner,4,Sun,Sat,18,278278,wisely
2026-04-04T05:11:43+00:00,2026-04-05T19:15:00-04:00,2523,42.1,Dinner,2,Sun,Sat,19,278278,wisely
2026-04-04T05:11:44+00:00,2026-04-05T19:15:00-04:00,2523,42.1,Dinner,4,Sun,Sat,19,278278,wisely
2026-04-04T12:23:43+00:00,2026-04-05T20:00:00-04:00,2136,35.6,Dinner,2,Sun,Sat,20,278278,wisely
2026-04-04T21:01:57+00:00,2026-04-06T00:15:00+00:00,1633,27.2,Dinner,2,Sun,Sat,20,278278,wisely
2026-04-04T21:01:58+00:00,2026-04-06T00:15:00+00:00,1633,27.2,Dinner,4,Sun,Sat,20,278278,wisely
2026-04-04T21:42:31+00:00,2026-04-06T00:45:00+00:00,1622,27.0,Dinner,2,Sun,Sat,20,278278,wisely
2026-04-04T21:42:33+00:00,2026-04-06T00:45:00+00:00,1622,27.0,Dinner,4,Sun,Sat,20,278278,wisely
2026-04-04T21:42:32+00:00,2026-04-06T01:00:00+00:00,1637,27.3,Dinner,2,Sun,Sat,21,278278,wisely
2026-04-04T21:42:34+00:00,2026-04-06T01:00:00+00:00,1637,27.3,Dinner,4,Sun,Sat,21,278278,wisely
2026-04-02T19:35:36+00:00,2026-04-05T21:15:00-04:00,4659,77.7,Dinner,2,Sun,Thu,21,278278,wisely
2026-04-02T19:35:37+00:00,2026-04-05T21:15:00-04:00,4659,77.7,Dinner,4,Sun,Thu,21,278278,wisely
2026-04-04T05:12:20+00:00,2026-04-06T11:30:00-04:00,3498,58.3,Lunch,2,Mon,Sat,11,278278,wisely
2026-04-04T05:12:21+00:00,2026-04-06T11:30:00-04:00,3498,58.3,Lunch,4,Mon,Sat,11,278278,wisely
2026-04-05T14:40:37+00:00,2026-04-06T11:45:00-04:00,1504,25.1,Lunch,2,Mon,Sun,11,278278,wisely
2026-04-05T14:40:38+00:00,2026-04-06T11:45:00-04:00,1504,25.1,Lunch,4,Mon,Sun,11,278278,wisely
2026-04-05T16:21:18+00:00,2026-04-06T12:00:00-04:00,1419,23.6,Lunch,2,Mon,Sun,12,278278,wisely
2026-04-05T16:21:19+00:00,2026-04-06T12:00:00-04:00,1419,23.6,Lunch,4,Mon,Sun,12,278278,wisely
2026-04-05T14:40:37+00:00,2026-04-06T12:45:00-04:00,1564,26.1,Lunch,2,Mon,Sun,12,278278,wisely
2026-04-05T14:40:39+00:00,2026-04-06T12:45:00-04:00,1564,26.1,Lunch,4,Mon,Sun,12,278278,wisely
2026-04-06T14:48:02+00:00,2026-04-06T13:00:00-04:00,132,2.2,Lunch,2,Mon,Mon,13,278278,wisely
2026-04-06T14:48:03+00:00,2026-04-06T13:00:00-04:00,132,2.2,Lunch,4,Mon,Mon,13,278278,wisely
2026-04-04T05:12:20+00:00,2026-04-06T13:30:00-04:00,3618,60.3,Lunch,2,Mon,Sat,13,278278,wisely
2026-04-04T05:12:21+00:00,2026-04-06T13:45:00-04:00,3633,60.5,Lunch,2,Mon,Sat,13,278278,wisely
2026-04-04T05:12:21+00:00,2026-04-06T13:45:00-04:00,3633,60.5,Lunch,4,Mon,Sat,13,278278,wisely
2026-04-04T05:12:24+00:00,2026-04-06T14:00:00-04:00,3648,60.8,Lunch,2,Mon,Sat,14,278278,wisely
2026-04-04T05:12:22+00:00,2026-04-06T14:00:00-04:00,3648,60.8,Lunch,4,Mon,Sat,14,278278,wisely
2026-04-04T05:12:26+00:00,2026-04-06T14:15:00-04:00,3663,61.0,Lunch,2,Mon,Sat,14,278278,wisely
2026-04-04T05:12:24+00:00,2026-04-06T14:15:00-04:00,3663,61.0,Lunch,4,Mon,Sat,14,278278,wisely
2026-04-06T16:28:50+00:00,2026-04-06T14:30:00-04:00,121,2.0,Lunch,2,Mon,Mon,14,278278,wisely
2026-04-06T14:48:18+00:00,2026-04-06T14:30:00-04:00,222,3.7,Lunch,4,Mon,Mon,14,278278,wisely
2026-04-06T18:12:25+00:00,2026-04-06T14:45:00-04:00,33,0.5,Lunch,2,Mon,Mon,14,278278,wisely
2026-04-06T14:48:24+00:00,2026-04-06T14:45:00-04:00,237,3.9,Lunch,4,Mon,Mon,14,278278,wisely
2026-04-06T18:12:25+00:00,2026-04-06T15:00:00-04:00,48,0.8,Lunch,2,Mon,Mon,15,278278,wisely
2026-04-06T18:12:26+00:00,2026-04-06T15:00:00-04:00,48,0.8,Lunch,4,Mon,Mon,15,278278,wisely
2026-04-06T13:57:13+00:00,2026-04-06T16:30:00-04:00,393,6.5,Dinner,2,Mon,Mon,16,278278,wisely
2026-04-06T13:57:14+00:00,2026-04-06T16:30:00-04:00,393,6.5,Dinner,4,Mon,Mon,16,278278,wisely
2026-04-04T17:02:58+00:00,2026-04-06T16:45:00-04:00,3102,51.7,Dinner,2,Mon,Sat,16,278278,wisely
2026-04-04T17:02:59+00:00,2026-04-06T16:45:00-04:00,3102,51.7,Dinner,4,Mon,Sat,16,278278,wisely
2026-04-05T21:02:53+00:00,2026-04-06T17:15:00-04:00,1452,24.2,Dinner,2,Mon,Sun,17,278278,wisely
2026-04-05T21:45:03+00:00,2026-04-06T17:30:00-04:00,1425,23.7,Dinner,2,Mon,Sun,17,278278,wisely
2026-04-05T21:45:05+00:00,2026-04-06T17:30:00-04:00,1425,23.7,Dinner,4,Mon,Sun,17,278278,wisely
2026-04-05T21:02:53+00:00,2026-04-06T17:45:00-04:00,1482,24.7,Dinner,2,Mon,Sun,17,278278,wisely
2026-04-05T21:02:54+00:00,2026-04-06T17:45:00-04:00,1482,24.7,Dinner,4,Mon,Sun,17,278278,wisely
2026-04-05T21:02:54+00:00,2026-04-06T18:00:00-04:00,1497,25.0,Dinner,2,Mon,Sun,18,278278,wisely
2026-04-05T18:01:50+00:00,2026-04-06T18:15:00-04:00,1693,28.2,Dinner,2,Mon,Sun,18,278278,wisely
2026-04-05T18:01:52+00:00,2026-04-06T18:15:00-04:00,1693,28.2,Dinner,4,Mon,Sun,18,278278,wisely
2026-04-06T16:28:37+00:00,2026-04-06T18:30:00-04:00,361,6.0,Dinner,2,Mon,Mon,18,278278,wisely
2026-04-05T21:02:58+00:00,2026-04-06T18:45:00-04:00,1542,25.7,Dinner,2,Mon,Sun,18,278278,wisely
2026-04-05T21:02:55+00:00,2026-04-06T18:45:00-04:00,1542,25.7,Dinner,4,Mon,Sun,18,278278,wisely
2026-04-05T21:03:00+00:00,2026-04-06T19:45:00-04:00,1602,26.7,Dinner,2,Mon,Sun,19,278278,wisely
2026-04-05T21:02:55+00:00,2026-04-06T19:45:00-04:00,1602,26.7,Dinner,4,Mon,Sun,19,278278,wisely
2026-04-05T21:20:22+00:00,2026-04-06T20:00:00-04:00,1600,26.7,Dinner,2,Mon,Sun,20,278278,wisely
2026-04-05T21:20:23+00:00,2026-04-06T20:15:00-04:00,1615,26.9,Dinner,2,Mon,Sun,20,278278,wisely
2026-04-05T21:20:05+00:00,2026-04-06T20:15:00-04:00,1615,26.9,Dinner,4,Mon,Sun,20,278278,wisely
2026-04-06T23:56:56+00:00,2026-04-07T00:30:00+00:00,33,0.6,Dinner,2,Mon,Mon,20,278278,wisely
2026-04-06T23:56:56+00:00,2026-04-07T00:30:00+00:00,33,0.6,Dinner,4,Mon,Mon,20,278278,wisely
2026-04-03T23:19:12+00:00,2026-04-06T20:45:00-04:00,4406,73.4,Dinner,2,Mon,Fri,20,278278,wisely
2026-04-03T23:19:13+00:00,2026-04-06T20:45:00-04:00,4406,73.4,Dinner,4,Mon,Fri,20,278278,wisely
2026-04-05T14:40:24+00:00,2026-04-06T21:00:00-04:00,2060,34.3,Dinner,2,Mon,Sun,21,278278,wisely
2026-04-05T14:40:25+00:00,2026-04-06T21:15:00-04:00,2075,34.6,Dinner,2,Mon,Sun,21,278278,wisely
2026-04-05T14:40:26+00:00,2026-04-06T21:15:00-04:00,2075,34.6,Dinner,4,Mon,Sun,21,278278,wisely
2026-04-05T14:40:25+00:00,2026-04-06T21:30:00-04:00,2090,34.8,Dinner,2,Mon,Sun,21,278278,wisely
2026-04-05T14:40:27+00:00,2026-04-06T21:30:00-04:00,2090,34.8,Dinner,4,Mon,Sun,21,278278,wisely
2026-04-03T04:03:18+00:00,2026-04-06T21:45:00-04:00,5622,93.7,Dinner,2,Mon,Fri,21,278278,wisely
2026-04-03T04:03:18+00:00,2026-04-06T21:45:00-04:00,5622,93.7,Dinner,4,Mon,Fri,21,278278,wisely
2026-04-05T04:09:06+00:00,2026-04-07T11:30:00-04:00,3561,59.3,Lunch,2,Tue,Sun,11,278278,wisely
2026-04-05T04:09:07+00:00,2026-04-07T11:30:00-04:00,3561,59.3,Lunch,4,Tue,Sun,11,278278,wisely
2026-04-06T16:29:25+00:00,2026-04-07T12:00:00-04:00,1411,23.5,Lunch,2,Tue,Mon,12,278278,wisely
2026-04-06T16:29:26+00:00,2026-04-07T12:00:00-04:00,1411,23.5,Lunch,4,Tue,Mon,12,278278,wisely
2026-04-06T15:36:00+00:00,2026-04-07T12:15:00-04:00,1479,24.6,Lunch,2,Tue,Mon,12,278278,wisely
2026-04-06T02:09:28+00:00,2026-04-07T12:30:00-04:00,2301,38.3,Lunch,2,Tue,Sun,12,278278,wisely
2026-04-06T02:09:29+00:00,2026-04-07T12:30:00-04:00,2301,38.3,Lunch,4,Tue,Sun,12,278278,wisely
2026-04-06T14:48:41+00:00,2026-04-07T13:00:00-04:00,1571,26.2,Lunch,2,Tue,Mon,13,278278,wisely
2026-04-06T12:35:58+00:00,2026-04-07T13:30:00-04:00,1734,28.9,Lunch,2,Tue,Mon,13,278278,wisely
2026-04-06T12:36:00+00:00,2026-04-07T13:30:00-04:00,1734,28.9,Lunch,4,Tue,Mon,13,278278,wisely
2026-04-07T15:10:55+00:00,2026-04-07T13:45:00-04:00,154,2.6,Lunch,2,Tue,Tue,13,278278,wisely
2026-04-07T15:10:56+00:00,2026-04-07T13:45:00-04:00,154,2.6,Lunch,4,Tue,Tue,13,278278,wisely
2026-04-05T04:09:07+00:00,2026-04-07T14:00:00-04:00,3711,61.8,Lunch,2,Tue,Sun,14,278278,wisely
2026-04-05T04:09:08+00:00,2026-04-07T14:00:00-04:00,3711,61.8,Lunch,4,Tue,Sun,14,278278,wisely
2026-04-05T04:09:07+00:00,2026-04-07T14:15:00-04:00,3726,62.1,Lunch,2,Tue,Sun,14,278278,wisely
2026-04-05T04:09:08+00:00,2026-04-07T14:15:00-04:00,3726,62.1,Lunch,4,Tue,Sun,14,278278,wisely
2026-04-05T04:09:11+00:00,2026-04-07T14:30:00-04:00,3741,62.3,Lunch,2,Tue,Sun,14,278278,wisely
2026-04-05T04:09:12+00:00,2026-04-07T14:30:00-04:00,3741,62.3,Lunch,4,Tue,Sun,14,278278,wisely
2026-04-07T17:17:57+00:00,2026-04-07T14:45:00-04:00,87,1.5,Lunch,2,Tue,Tue,14,278278,wisely
2026-04-07T17:17:58+00:00,2026-04-07T14:45:00-04:00,87,1.5,Lunch,4,Tue,Tue,14,278278,wisely
2026-04-07T18:11:48+00:00,2026-04-07T15:00:00-04:00,48,0.8,Lunch,2,Tue,Tue,15,278278,wisely
2026-04-07T18:11:50+00:00,2026-04-07T15:00:00-04:00,48,0.8,Lunch,4,Tue,Tue,15,278278,wisely
2026-04-06T12:35:46+00:00,2026-04-07T16:45:00-04:00,1929,32.2,Dinner,2,Tue,Mon,16,278278,wisely
2026-04-06T12:35:47+00:00,2026-04-07T16:45:00-04:00,1929,32.2,Dinner,4,Tue,Mon,16,278278,wisely
2026-04-05T16:59:56+00:00,2026-04-07T18:00:00-04:00,3180,53.0,Dinner,2,Tue,Sun,18,278278,wisely
2026-04-04T20:35:50+00:00,2026-04-07T18:30:00-04:00,4434,73.9,Dinner,2,Tue,Sat,18,278278,wisely
2026-04-06T19:32:21+00:00,2026-04-07T20:00:00-04:00,1708,28.5,Dinner,2,Tue,Mon,20,278278,wisely
2026-04-06T23:59:50+00:00,2026-04-07T20:00:00-04:00,1440,24.0,Dinner,4,Tue,Mon,20,278278,wisely
2026-04-06T21:57:13+00:00,2026-04-08T00:15:00+00:00,1578,26.3,Dinner,2,Tue,Mon,20,278278,wisely
2026-04-06T21:57:15+00:00,2026-04-08T00:15:00+00:00,1578,26.3,Dinner,4,Tue,Mon,20,278278,wisely
2026-04-06T21:22:16+00:00,2026-04-08T00:30:00+00:00,1628,27.1,Dinner,2,Tue,Mon,20,278278,wisely
2026-04-06T21:22:17+00:00,2026-04-08T00:45:00+00:00,1643,27.4,Dinner,2,Tue,Mon,20,278278,wisely
2026-04-04T15:57:03+00:00,2026-04-07T21:00:00-04:00,4863,81.0,Dinner,2,Tue,Sat,21,278278,wisely
2026-04-04T15:57:04+00:00,2026-04-07T21:00:00-04:00,4863,81.0,Dinner,4,Tue,Sat,21,278278,wisely
2026-04-06T02:09:20+00:00,2026-04-07T21:15:00-04:00,2826,47.1,Dinner,2,Tue,Sun,21,278278,wisely
2026-04-07T12:04:44+00:00,2026-04-07T21:15:00-04:00,790,13.2,Dinner,4,Tue,Tue,21,278278,wisely
2026-04-06T20:07:21+00:00,2026-04-07T21:30:00-04:00,1763,29.4,Dinner,2,Tue,Mon,21,278278,wisely
2026-04-06T20:07:21+00:00,2026-04-07T21:30:00-04:00,1763,29.4,Dinner,4,Tue,Mon,21,278278,wisely
2026-04-04T05:12:26+00:00,2026-04-07T21:45:00-04:00,5553,92.5,Dinner,2,Tue,Sat,21,278278,wisely
2026-04-04T05:12:27+00:00,2026-04-07T21:45:00-04:00,5553,92.5,Dinner,4,Tue,Sat,21,278278,wisely
2026-04-07T15:11:37+00:00,2026-04-08T11:30:00-04:00,1458,24.3,Lunch,2,Wed,Tue,11,278278,wisely
2026-04-07T15:11:38+00:00,2026-04-08T11:30:00-04:00,1458,24.3,Lunch,4,Wed,Tue,11,278278,wisely
2026-04-06T05:13:58+00:00,2026-04-08T12:00:00-04:00,3526,58.8,Lunch,2,Wed,Mon,12,278278,wisely
2026-04-06T05:13:59+00:00,2026-04-08T12:00:00-04:00,3526,58.8,Lunch,4,Wed,Mon,12,278278,wisely
2026-04-06T16:30:03+00:00,2026-04-08T12:15:00-04:00,2865,47.7,Lunch,2,Wed,Mon,12,278278,wisely
2026-04-06T16:30:03+00:00,2026-04-08T12:15:00-04:00,2865,47.7,Lunch,4,Wed,Mon,12,278278,wisely
2026-04-07T15:11:37+00:00,2026-04-08T12:30:00-04:00,1518,25.3,Lunch,2,Wed,Tue,12,278278,wisely
2026-04-07T15:11:38+00:00,2026-04-08T12:30:00-04:00,1518,25.3,Lunch,4,Wed,Tue,12,278278,wisely
2026-04-08T16:47:24+00:00,2026-04-08T13:30:00-04:00,43,0.7,Lunch,2,Wed,Wed,13,278278,wisely
2026-04-08T16:47:27+00:00,2026-04-08T13:30:00-04:00,43,0.7,Lunch,4,Wed,Wed,13,278278,wisely
2026-04-06T05:13:58+00:00,2026-04-08T13:45:00-04:00,3631,60.5,Lunch,2,Wed,Mon,13,278278,wisely
2026-04-06T05:13:58+00:00,2026-04-08T14:00:00-04:00,3646,60.8,Lunch,2,Wed,Mon,14,278278,wisely
2026-04-06T05:14:02+00:00,2026-04-08T14:15:00-04:00,3661,61.0,Lunch,2,Wed,Mon,14,278278,wisely
2026-04-06T05:13:59+00:00,2026-04-08T14:15:00-04:00,3661,61.0,Lunch,4,Wed,Mon,14,278278,wisely
2026-04-06T23:23:40+00:00,2026-04-08T18:30:00+00:00,2586,43.1,Lunch,2,Wed,Mon,14,278278,wisely
2026-04-06T05:13:59+00:00,2026-04-08T14:30:00-04:00,3676,61.3,Lunch,4,Wed,Mon,14,278278,wisely
2026-04-07T02:57:32+00:00,2026-04-08T18:45:00+00:00,2387,39.8,Lunch,2,Wed,Mon,14,278278,wisely
2026-04-06T05:14:03+00:00,2026-04-08T14:45:00-04:00,3691,61.5,Lunch,4,Wed,Mon,14,278278,wisely
2026-04-08T05:26:53+00:00,2026-04-08T15:00:00-04:00,813,13.6,Lunch,2,Wed,Wed,15,278278,wisely
2026-04-06T20:08:38+00:00,2026-04-08T15:00:00-04:00,2811,46.9,Lunch,4,Wed,Mon,15,278278,wisely
2026-04-08T19:04:05+00:00,2026-04-08T15:15:00-04:00,11,0.2,Lunch,2,Wed,Wed,15,278278,wisely
2026-04-08T03:29:44+00:00,2026-04-08T15:15:00-04:00,945,15.8,Lunch,4,Wed,Tue,15,278278,wisely
2026-04-08T19:04:06+00:00,2026-04-08T15:30:00-04:00,26,0.4,Lunch,2,Wed,Wed,15,278278,wisely
2026-04-08T17:54:08+00:00,2026-04-08T15:30:00-04:00,96,1.6,Lunch,4,Wed,Wed,15,278278,wisely
2026-04-05T23:55:32+00:00,2026-04-08T16:45:00-04:00,4129,68.8,Dinner,2,Wed,Sun,16,278278,wisely
2026-04-08T12:10:14+00:00,2026-04-08T17:00:00-04:00,530,8.8,Dinner,2,Wed,Wed,17,278278,wisely
2026-04-05T15:47:51+00:00,2026-04-08T17:30:00-04:00,4662,77.7,Dinner,2,Wed,Sun,17,278278,wisely
2026-04-05T15:47:52+00:00,2026-04-08T17:30:00-04:00,4662,77.7,Dinner,4,Wed,Sun,17,278278,wisely
2026-04-08T01:06:25+00:00,2026-04-08T17:45:00-04:00,1239,20.6,Dinner,2,Wed,Tue,17,278278,wisely
2026-04-08T01:06:26+00:00,2026-04-08T17:45:00-04:00,1239,20.6,Dinner,4,Wed,Tue,17,278278,wisely
2026-04-07T00:00:22+00:00,2026-04-08T19:15:00-04:00,2835,47.2,Dinner,2,Wed,Mon,19,278278,wisely
2026-04-07T23:49:02+00:00,2026-04-08T20:30:00-04:00,1481,24.7,Dinner,2,Wed,Tue,20,278278,wisely
2026-04-07T23:49:04+00:00,2026-04-08T20:30:00-04:00,1481,24.7,Dinner,4,Wed,Tue,20,278278,wisely
2026-04-07T21:32:54+00:00,2026-04-08T20:45:00-04:00,1632,27.2,Dinner,2,Wed,Tue,20,278278,wisely
2026-04-07T21:32:55+00:00,2026-04-08T20:45:00-04:00,1632,27.2,Dinner,4,Wed,Tue,20,278278,wisely
2026-04-06T14:49:09+00:00,2026-04-08T21:00:00-04:00,3491,58.2,Dinner,2,Wed,Mon,21,278278,wisely
2026-04-06T14:49:10+00:00,2026-04-08T21:00:00-04:00,3491,58.2,Dinner,4,Wed,Mon,21,278278,wisely
2026-04-07T16:18:23+00:00,2026-04-08T21:15:00-04:00,1977,32.9,Dinner,2,Wed,Tue,21,278278,wisely
2026-04-07T16:18:23+00:00,2026-04-08T21:15:00-04:00,1977,32.9,Dinner,4,Wed,Tue,21,278278,wisely
2026-04-06T11:39:36+00:00,2026-04-08T21:30:00-04:00,3710,61.8,Dinner,2,Wed,Mon,21,278278,wisely
2026-04-06T11:39:37+00:00,2026-04-08T21:30:00-04:00,3710,61.8,Dinner,4,Wed,Mon,21,278278,wisely
2026-04-05T19:48:18+00:00,2026-04-08T21:45:00-04:00,4677,77.9,Dinner,2,Wed,Sun,21,278278,wisely
2026-04-05T19:48:18+00:00,2026-04-08T21:45:00-04:00,4677,77.9,Dinner,4,Wed,Sun,21,278278,wisely
2026-04-08T14:02:09+00:00,2026-04-09T11:30:00-04:00,1528,25.5,Lunch,2,Thu,Wed,11,278278,wisely
2026-04-08T14:02:10+00:00,2026-04-09T11:30:00-04:00,1528,25.5,Lunch,4,Thu,Wed,11,278278,wisely
2026-04-08T15:46:05+00:00,2026-04-09T11:45:00-04:00,1439,24.0,Lunch,2,Thu,Wed,11,278278,wisely
2026-04-08T15:46:07+00:00,2026-04-09T11:45:00-04:00,1439,24.0,Lunch,4,Thu,Wed,11,278278,wisely
2026-04-07T11:17:53+00:00,2026-04-09T12:00:00-04:00,3162,52.7,Lunch,2,Thu,Tue,12,278278,wisely
2026-04-07T11:17:54+00:00,2026-04-09T12:00:00-04:00,3162,52.7,Lunch,4,Thu,Tue,12,278278,wisely
2026-04-08T14:02:09+00:00,2026-04-09T12:30:00-04:00,1588,26.5,Lunch,2,Thu,Wed,12,278278,wisely
2026-04-08T14:02:11+00:00,2026-04-09T12:30:00-04:00,1588,26.5,Lunch,4,Thu,Wed,12,278278,wisely
2026-04-07T16:19:22+00:00,2026-04-09T12:45:00-04:00,2906,48.4,Lunch,2,Thu,Tue,12,278278,wisely
2026-04-07T19:35:14+00:00,2026-04-09T13:00:00-04:00,2725,45.4,Lunch,2,Thu,Tue,13,278278,wisely
2026-04-07T19:35:15+00:00,2026-04-09T13:00:00-04:00,2725,45.4,Lunch,4,Thu,Tue,13,278278,wisely
2026-04-08T19:04:47+00:00,2026-04-09T13:15:00-04:00,1330,22.2,Lunch,2,Thu,Wed,13,278278,wisely
2026-04-08T19:04:48+00:00,2026-04-09T13:15:00-04:00,1330,22.2,Lunch,4,Thu,Wed,13,278278,wisely
2026-04-07T05:10:15+00:00,2026-04-09T13:30:00-04:00,3620,60.3,Lunch,2,Thu,Tue,13,278278,wisely
2026-04-08T03:30:13+00:00,2026-04-09T13:30:00-04:00,2280,38.0,Lunch,4,Thu,Tue,13,278278,wisely
2026-04-07T05:10:16+00:00,2026-04-09T13:45:00-04:00,3635,60.6,Lunch,2,Thu,Tue,13,278278,wisely
2026-04-08T14:02:20+00:00,2026-04-09T14:00:00-04:00,1678,28.0,Lunch,2,Thu,Wed,14,278278,wisely
2026-04-08T14:02:11+00:00,2026-04-09T14:00:00-04:00,1678,28.0,Lunch,4,Thu,Wed,14,278278,wisely
2026-04-07T05:10:16+00:00,2026-04-09T14:15:00-04:00,3665,61.1,Lunch,2,Thu,Tue,14,278278,wisely
2026-04-07T05:10:16+00:00,2026-04-09T14:15:00-04:00,3665,61.1,Lunch,4,Thu,Tue,14,278278,wisely
2026-04-09T03:46:44+00:00,2026-04-09T14:30:00-04:00,883,14.7,Lunch,2,Thu,Wed,14,278278,wisely
2026-04-07T05:10:17+00:00,2026-04-09T14:30:00-04:00,3680,61.3,Lunch,4,Thu,Tue,14,278278,wisely
2026-04-07T20:52:02+00:00,2026-04-09T14:45:00-04:00,2753,45.9,Lunch,4,Thu,Tue,14,278278,wisely
2026-04-07T05:10:17+00:00,2026-04-09T15:00:00-04:00,3710,61.8,Lunch,4,Thu,Tue,15,278278,wisely
2026-04-08T20:02:30+00:00,2026-04-09T15:30:00-04:00,1407,23.5,Lunch,4,Thu,Wed,15,278278,wisely
2026-04-08T23:08:47+00:00,2026-04-09T16:30:00-04:00,1281,21.4,Dinner,2,Thu,Wed,16,278278,wisely
2026-04-08T23:08:48+00:00,2026-04-09T16:30:00-04:00,1281,21.4,Dinner,4,Thu,Wed,16,278278,wisely
2026-04-08T14:01:58+00:00,2026-04-09T16:45:00-04:00,1843,30.7,Dinner,2,Thu,Wed,16,278278,wisely
2026-04-08T14:02:00+00:00,2026-04-09T16:45:00-04:00,1843,30.7,Dinner,4,Thu,Wed,16,278278,wisely
2026-04-07T12:06:02+00:00,2026-04-09T17:00:00-04:00,3414,56.9,Dinner,2,Thu,Tue,17,278278,wisely
2026-04-07T12:06:03+00:00,2026-04-09T17:00:00-04:00,3414,56.9,Dinner,4,Thu,Tue,17,278278,wisely
2026-04-08T14:01:59+00:00,2026-04-09T17:30:00-04:00,1888,31.5,Dinner,2,Thu,Wed,17,278278,wisely
2026-04-08T14:02:00+00:00,2026-04-09T17:30:00-04:00,1888,31.5,Dinner,4,Thu,Wed,17,278278,wisely
2026-04-08T14:01:59+00:00,2026-04-09T17:45:00-04:00,1903,31.7,Dinner,2,Thu,Wed,17,278278,wisely
2026-04-08T14:02:02+00:00,2026-04-09T19:30:00-04:00,2008,33.5,Dinner,2,Thu,Wed,19,278278,wisely
2026-04-08T14:02:00+00:00,2026-04-09T19:30:00-04:00,2008,33.5,Dinner,4,Thu,Wed,19,278278,wisely
2026-04-09T00:56:33+00:00,2026-04-10T01:15:00+00:00,1458,24.3,Dinner,2,Thu,Wed,21,278278,wisely
2026-04-09T00:56:34+00:00,2026-04-10T01:15:00+00:00,1458,24.3,Dinner,4,Thu,Wed,21,278278,wisely
2026-04-08T23:08:48+00:00,2026-04-09T21:30:00-04:00,1581,26.4,Dinner,2,Thu,Wed,21,278278,wisely
2026-04-08T23:08:49+00:00,2026-04-09T21:30:00-04:00,1581,26.4,Dinner,4,Thu,Wed,21,278278,wisely
2026-04-06T22:47:02+00:00,2026-04-10T01:45:00+00:00,4498,75.0,Dinner,2,Thu,Mon,21,278278,wisely
2026-04-08T15:45:49+00:00,2026-04-09T21:45:00-04:00,2039,34.0,Dinner,4,Thu,Wed,21,278278,wisely
2026-04-09T14:09:18+00:00,2026-04-10T11:30:00-04:00,1521,25.3,Lunch,2,Fri,Thu,11,278278,wisely
2026-04-09T14:09:19+00:00,2026-04-10T11:30:00-04:00,1521,25.3,Lunch,4,Fri,Thu,11,278278,wisely
2026-04-09T14:09:18+00:00,2026-04-10T11:45:00-04:00,1536,25.6,Lunch,2,Fri,Thu,11,278278,wisely
2026-04-09T14:09:20+00:00,2026-04-10T11:45:00-04:00,1536,25.6,Lunch,4,Fri,Thu,11,278278,wisely
2026-04-09T14:09:19+00:00,2026-04-10T12:00:00-04:00,1551,25.8,Lunch,2,Fri,Thu,12,278278,wisely
2026-04-09T14:09:20+00:00,2026-04-10T12:00:00-04:00,1551,25.8,Lunch,4,Fri,Thu,12,278278,wisely
2026-04-09T14:09:22+00:00,2026-04-10T12:45:00-04:00,1596,26.6,Lunch,2,Fri,Thu,12,278278,wisely
2026-04-09T14:09:23+00:00,2026-04-10T12:45:00-04:00,1596,26.6,Lunch,4,Fri,Thu,12,278278,wisely
2026-04-09T15:53:26+00:00,2026-04-10T13:00:00-04:00,1507,25.1,Lunch,2,Fri,Thu,13,278278,wisely
2026-04-09T15:53:38+00:00,2026-04-10T13:15:00-04:00,1521,25.4,Lunch,2,Fri,Thu,13,278278,wisely
2026-04-09T15:53:27+00:00,2026-04-10T13:15:00-04:00,1522,25.4,Lunch,4,Fri,Thu,13,278278,wisely
2026-04-09T18:58:42+00:00,2026-04-10T14:15:00-04:00,1396,23.3,Lunch,2,Fri,Thu,14,278278,wisely
2026-04-09T14:09:25+00:00,2026-04-10T14:30:00-04:00,1701,28.3,Lunch,2,Fri,Thu,14,278278,wisely
2026-04-09T14:09:26+00:00,2026-04-10T14:30:00-04:00,1701,28.3,Lunch,4,Fri,Thu,14,278278,wisely
2026-04-09T14:09:26+00:00,2026-04-10T14:45:00-04:00,1716,28.6,Lunch,2,Fri,Thu,14,278278,wisely
2026-04-09T14:09:27+00:00,2026-04-10T15:00:00-04:00,1731,28.8,Lunch,2,Fri,Thu,15,278278,wisely
2026-04-09T18:58:43+00:00,2026-04-10T15:00:00-04:00,1441,24.0,Lunch,4,Fri,Thu,15,278278,wisely
2026-04-08T23:01:48+00:00,2026-04-10T15:15:00-04:00,2653,44.2,Lunch,2,Fri,Wed,15,278278,wisely
2026-04-08T23:01:49+00:00,2026-04-10T15:15:00-04:00,2653,44.2,Lunch,4,Fri,Wed,15,278278,wisely
2026-04-09T03:46:52+00:00,2026-04-10T16:30:00-04:00,2443,40.7,Dinner,2,Fri,Wed,16,278278,wisely
2026-04-09T15:53:10+00:00,2026-04-10T16:30:00-04:00,1717,28.6,Dinner,4,Fri,Thu,16,278278,wisely
2026-04-09T14:09:05+00:00,2026-04-10T16:45:00-04:00,1836,30.6,Dinner,2,Fri,Thu,16,278278,wisely
2026-04-09T14:09:07+00:00,2026-04-10T16:45:00-04:00,1836,30.6,Dinner,4,Fri,Thu,16,278278,wisely
2026-04-09T14:09:05+00:00,2026-04-10T17:00:00-04:00,1851,30.8,Dinner,2,Fri,Thu,17,278278,wisely
2026-04-09T16:55:23+00:00,2026-04-10T17:15:00-04:00,1700,28.3,Dinner,2,Fri,Thu,17,278278,wisely
2026-04-09T21:42:17+00:00,2026-04-10T18:15:00-04:00,1473,24.5,Dinner,2,Fri,Thu,18,278278,wisely
2026-04-09T21:42:18+00:00,2026-04-10T18:15:00-04:00,1473,24.5,Dinner,4,Fri,Thu,18,278278,wisely
2026-04-08T23:51:20+00:00,2026-04-11T00:45:00+00:00,2934,48.9,Dinner,2,Fri,Wed,20,278278,wisely
2026-04-09T16:55:24+00:00,2026-04-10T21:00:00-04:00,1925,32.1,Dinner,2,Fri,Thu,21,278278,wisely
2026-04-09T15:53:10+00:00,2026-04-10T21:30:00-04:00,2017,33.6,Dinner,2,Fri,Thu,21,278278,wisely
2026-04-09T18:58:32+00:00,2026-04-10T21:30:00-04:00,1831,30.5,Dinner,4,Fri,Thu,21,278278,wisely
2026-04-09T17:55:46+00:00,2026-04-10T21:45:00-04:00,1909,31.8,Dinner,2,Fri,Thu,21,278278,wisely
2026-04-09T17:55:47+00:00,2026-04-10T21:45:00-04:00,1909,31.8,Dinner,4,Fri,Thu,21,278278,wisely
2026-04-10T15:04:03+00:00,2026-04-11T11:30:00-04:00,1466,24.4,Lunch,2,Sat,Fri,11,278278,wisely
2026-04-10T14:02:14+00:00,2026-04-11T11:45:00-04:00,1543,25.7,Lunch,2,Sat,Fri,11,278278,wisely
2026-04-11T11:30:43+00:00,2026-04-11T11:45:00-04:00,254,4.2,Lunch,4,Sat,Sat,11,278278,wisely
2026-04-10T14:02:15+00:00,2026-04-11T12:00:00-04:00,1558,26.0,Lunch,2,Sat,Fri,12,278278,wisely
2026-04-10T14:02:16+00:00,2026-04-11T12:00:00-04:00,1558,26.0,Lunch,4,Sat,Fri,12,278278,wisely
2026-04-10T16:04:53+00:00,2026-04-11T12:15:00-04:00,1450,24.2,Lunch,2,Sat,Fri,12,278278,wisely
2026-04-10T16:04:54+00:00,2026-04-11T12:15:00-04:00,1450,24.2,Lunch,4,Sat,Fri,12,278278,wisely
2026-04-10T17:04:10+00:00,2026-04-11T13:00:00-04:00,1436,23.9,Lunch,2,Sat,Fri,13,278278,wisely
2026-04-10T17:04:12+00:00,2026-04-11T13:00:00-04:00,1436,23.9,Lunch,4,Sat,Fri,13,278278,wisely
2026-04-10T14:02:15+00:00,2026-04-11T13:30:00-04:00,1648,27.5,Lunch,2,Sat,Fri,13,278278,wisely
2026-04-10T17:58:39+00:00,2026-04-11T13:45:00-04:00,1426,23.8,Lunch,2,Sat,Fri,13,278278,wisely
2026-04-10T17:58:39+00:00,2026-04-11T13:45:00-04:00,1426,23.8,Lunch,4,Sat,Fri,13,278278,wisely
2026-04-10T15:04:04+00:00,2026-04-11T14:15:00-04:00,1631,27.2,Lunch,2,Sat,Fri,14,278278,wisely
2026-04-10T15:04:04+00:00,2026-04-11T14:15:00-04:00,1631,27.2,Lunch,4,Sat,Fri,14,278278,wisely
2026-04-10T15:04:11+00:00,2026-04-11T15:45:00-04:00,1721,28.7,Lunch,2,Sat,Fri,15,278278,wisely
2026-04-10T21:20:27+00:00,2026-04-11T16:00:00-04:00,1360,22.7,Lunch,2,Sat,Fri,16,278278,wisely
2026-04-10T21:20:28+00:00,2026-04-11T16:00:00-04:00,1360,22.7,Lunch,4,Sat,Fri,16,278278,wisely
2026-04-10T17:04:12+00:00,2026-04-11T16:15:00-04:00,1631,27.2,Lunch,4,Sat,Fri,16,278278,wisely
2026-04-10T02:13:10+00:00,2026-04-11T16:30:00-04:00,2537,42.3,Dinner,2,Sat,Thu,16,278278,wisely
2026-04-10T02:13:11+00:00,2026-04-11T16:30:00-04:00,2537,42.3,Dinner,4,Sat,Thu,16,278278,wisely
2026-04-10T14:02:02+00:00,2026-04-11T16:45:00-04:00,1843,30.7,Dinner,2,Sat,Fri,16,278278,wisely
2026-04-10T14:02:05+00:00,2026-04-11T16:45:00-04:00,1843,30.7,Dinner,4,Sat,Fri,16,278278,wisely
2026-04-10T14:02:03+00:00,2026-04-11T17:30:00-04:00,1888,31.5,Dinner,2,Sat,Fri,17,278278,wisely
2026-04-08T19:05:20+00:00,2026-04-11T17:45:00-04:00,4480,74.7,Dinner,2,Sat,Wed,17,278278,wisely
2026-04-10T20:21:09+00:00,2026-04-11T18:00:00-04:00,1539,25.6,Dinner,2,Sat,Fri,18,278278,wisely
2026-04-10T20:21:10+00:00,2026-04-11T18:00:00-04:00,1539,25.6,Dinner,4,Sat,Fri,18,278278,wisely
2026-04-10T14:02:04+00:00,2026-04-11T19:30:00-04:00,2008,33.5,Dinner,2,Sat,Fri,19,278278,wisely
2026-04-10T14:02:07+00:00,2026-04-11T19:45:00-04:00,2023,33.7,Dinner,2,Sat,Fri,19,278278,wisely
2026-04-10T11:36:51+00:00,2026-04-11T21:15:00-04:00,2258,37.6,Dinner,2,Sat,Fri,21,278278,wisely
2026-04-10T11:36:52+00:00,2026-04-11T21:15:00-04:00,2258,37.6,Dinner,4,Sat,Fri,21,278278,wisely
2026-04-11T11:30:32+00:00,2026-04-11T21:30:00-04:00,839,14.0,Dinner,2,Sat,Sat,21,278278,wisely
2026-04-11T11:30:33+00:00,2026-04-11T21:30:00-04:00,839,14.0,Dinner,4,Sat,Sat,21,278278,wisely
2026-04-10T05:50:19+00:00,2026-04-12T11:30:00-04:00,3460,57.7,Lunch,2,Sun,Fri,11,278278,wisely
2026-04-10T05:50:20+00:00,2026-04-12T11:30:00-04:00,3460,57.7,Lunch,4,Sun,Fri,11,278278,wisely
2026-04-11T14:25:04+00:00,2026-04-12T11:45:00-04:00,1520,25.3,Lunch,2,Sun,Sat,11,278278,wisely
2026-04-12T14:24:24+00:00,2026-04-12T12:00:00-04:00,96,1.6,Lunch,2,Sun,Sun,12,278278,wisely
2026-04-12T14:24:25+00:00,2026-04-12T12:00:00-04:00,96,1.6,Lunch,4,Sun,Sun,12,278278,wisely
2026-04-11T14:25:05+00:00,2026-04-12T12:45:00-04:00,1580,26.3,Lunch,2,Sun,Sat,12,278278,wisely
2026-04-11T14:25:05+00:00,2026-04-12T12:45:00-04:00,1580,26.3,Lunch,4,Sun,Sat,12,278278,wisely
2026-04-11T14:25:08+00:00,2026-04-12T13:00:00-04:00,1595,26.6,Lunch,2,Sun,Sat,13,278278,wisely
2026-04-11T16:20:24+00:00,2026-04-12T13:30:00-04:00,1510,25.2,Lunch,2,Sun,Sat,13,278278,wisely
2026-04-11T14:25:09+00:00,2026-04-12T13:45:00-04:00,1640,27.3,Lunch,2,Sun,Sat,13,278278,wisely
2026-04-11T14:25:06+00:00,2026-04-12T13:45:00-04:00,1640,27.3,Lunch,4,Sun,Sat,13,278278,wisely
2026-04-11T14:25:11+00:00,2026-04-12T14:15:00-04:00,1670,27.8,Lunch,2,Sun,Sat,14,278278,wisely
2026-04-11T14:25:06+00:00,2026-04-12T14:15:00-04:00,1670,27.8,Lunch,4,Sun,Sat,14,278278,wisely
2026-04-11T06:16:01+00:00,2026-04-12T14:30:00-04:00,2174,36.2,Lunch,2,Sun,Sat,14,278278,wisely
2026-04-11T06:16:02+00:00,2026-04-12T14:30:00-04:00,2174,36.2,Lunch,4,Sun,Sat,14,278278,wisely
2026-04-11T14:25:11+00:00,2026-04-12T14:45:00-04:00,1700,28.3,Lunch,2,Sun,Sat,14,278278,wisely
2026-04-11T14:25:12+00:00,2026-04-12T14:45:00-04:00,1700,28.3,Lunch,4,Sun,Sat,14,278278,wisely
2026-04-12T03:21:29+00:00,2026-04-12T15:30:00-04:00,969,16.1,Lunch,2,Sun,Sat,15,278278,wisely
2026-04-11T15:03:57+00:00,2026-04-12T16:15:00-04:00,1751,29.2,Lunch,2,Sun,Sat,16,278278,wisely
2026-04-12T19:55:39+00:00,2026-04-12T16:15:00-04:00,19,0.3,Lunch,4,Sun,Sun,16,278278,wisely
2026-04-12T15:06:02+00:00,2026-04-12T17:00:00-04:00,354,5.9,Dinner,2,Sun,Sun,17,278278,wisely
2026-04-10T21:00:15+00:00,2026-04-12T17:15:00-04:00,2895,48.2,Dinner,2,Sun,Fri,17,278278,wisely
2026-04-09T14:09:46+00:00,2026-04-12T18:00:00-04:00,4790,79.8,Dinner,2,Sun,Thu,18,278278,wisely
2026-04-09T18:59:15+00:00,2026-04-12T18:45:00-04:00,4546,75.8,Dinner,2,Sun,Thu,18,278278,wisely
2026-04-09T18:59:15+00:00,2026-04-12T18:45:00-04:00,4546,75.8,Dinner,4,Sun,Thu,18,278278,wisely
2026-04-11T16:19:40+00:00,2026-04-12T20:00:00-04:00,1900,31.7,Dinner,2,Sun,Sat,20,278278,wisely
2026-04-11T16:19:43+00:00,2026-04-12T20:00:00-04:00,1900,31.7,Dinner,4,Sun,Sat,20,278278,wisely
2026-04-11T15:03:07+00:00,2026-04-12T20:30:00-04:00,2007,33.4,Dinner,2,Sun,Sat,20,278278,wisely
2026-04-11T15:03:08+00:00,2026-04-12T20:45:00-04:00,2022,33.7,Dinner,2,Sun,Sat,20,278278,wisely
2026-04-11T15:03:09+00:00,2026-04-12T20:45:00-04:00,2022,33.7,Dinner,4,Sun,Sat,20,278278,wisely
2026-04-11T12:49:05+00:00,2026-04-12T21:00:00-04:00,2171,36.2,Dinner,2,Sun,Sat,21,278278,wisely
2026-04-11T14:24:44+00:00,2026-04-12T21:00:00-04:00,2075,34.6,Dinner,4,Sun,Sat,21,278278,wisely
2026-04-11T01:02:58+00:00,2026-04-12T21:15:00-04:00,2892,48.2,Dinner,2,Sun,Fri,21,278278,wisely
2026-04-11T01:02:59+00:00,2026-04-12T21:15:00-04:00,2892,48.2,Dinner,4,Sun,Fri,21,278278,wisely
2026-04-11T05:18:58+00:00,2026-04-13T11:30:00-04:00,3491,58.2,Lunch,2,Mon,Sat,11,278278,wisely
2026-04-11T05:19:00+00:00,2026-04-13T11:30:00-04:00,3491,58.2,Lunch,4,Mon,Sat,11,278278,wisely
2026-04-11T05:18:59+00:00,2026-04-13T11:45:00-04:00,3506,58.4,Lunch,2,Mon,Sat,11,278278,wisely
2026-04-11T05:19:00+00:00,2026-04-13T11:45:00-04:00,3506,58.4,Lunch,4,Mon,Sat,11,278278,wisely
2026-04-11T05:18:59+00:00,2026-04-13T12:30:00-04:00,3551,59.2,Lunch,2,Mon,Sat,12,278278,wisely
2026-04-11T05:19:02+00:00,2026-04-13T12:45:00-04:00,3566,59.4,Lunch,2,Mon,Sat,12,278278,wisely
2026-04-11T05:19:03+00:00,2026-04-13T13:00:00-04:00,3581,59.7,Lunch,2,Mon,Sat,13,278278,wisely
2026-04-12T18:25:38+00:00,2026-04-13T13:00:00-04:00,1354,22.6,Lunch,4,Mon,Sun,13,278278,wisely
2026-04-11T05:19:05+00:00,2026-04-13T13:15:00-04:00,3596,59.9,Lunch,2,Mon,Sat,13,278278,wisely
2026-04-11T05:19:00+00:00,2026-04-13T13:15:00-04:00,3596,59.9,Lunch,4,Mon,Sat,13,278278,wisely
2026-04-11T05:19:06+00:00,2026-04-13T13:30:00-04:00,3611,60.2,Lunch,2,Mon,Sat,13,278278,wisely
2026-04-11T05:19:04+00:00,2026-04-13T13:30:00-04:00,3611,60.2,Lunch,4,Mon,Sat,13,278278,wisely
2026-04-11T05:19:07+00:00,2026-04-13T13:45:00-04:00,3626,60.4,Lunch,2,Mon,Sat,13,278278,wisely
2026-04-11T05:19:05+00:00,2026-04-13T13:45:00-04:00,3626,60.4,Lunch,4,Mon,Sat,13,278278,wisely
2026-04-11T05:19:07+00:00,2026-04-13T14:00:00-04:00,3641,60.7,Lunch,2,Mon,Sat,14,278278,wisely
2026-04-11T05:19:08+00:00,2026-04-13T14:00:00-04:00,3641,60.7,Lunch,4,Mon,Sat,14,278278,wisely
2026-04-11T05:19:08+00:00,2026-04-13T14:15:00-04:00,3656,60.9,Lunch,2,Mon,Sat,14,278278,wisely
2026-04-11T05:19:09+00:00,2026-04-13T14:15:00-04:00,3656,60.9,Lunch,4,Mon,Sat,14,278278,wisely
2026-04-13T18:14:25+00:00,2026-04-13T14:30:00-04:00,16,0.3,Lunch,2,Mon,Mon,14,278278,wisely
2026-04-13T18:14:28+00:00,2026-04-13T14:30:00-04:00,16,0.3,Lunch,4,Mon,Mon,14,278278,wisely
2026-04-13T18:14:26+00:00,2026-04-13T14:45:00-04:00,31,0.5,Lunch,2,Mon,Mon,14,278278,wisely
2026-04-13T18:14:29+00:00,2026-04-13T14:45:00-04:00,31,0.5,Lunch,4,Mon,Mon,14,278278,wisely
2026-04-13T18:14:27+00:00,2026-04-13T15:00:00-04:00,46,0.8,Lunch,2,Mon,Mon,15,278278,wisely
2026-04-13T18:14:30+00:00,2026-04-13T15:00:00-04:00,45,0.8,Lunch,4,Mon,Mon,15,278278,wisely
2026-04-10T17:59:17+00:00,2026-04-13T16:30:00-04:00,4471,74.5,Dinner,2,Mon,Fri,16,278278,wisely
2026-04-12T14:24:32+00:00,2026-04-13T16:30:00-04:00,1805,30.1,Dinner,4,Mon,Sun,16,278278,wisely
2026-04-12T14:24:32+00:00,2026-04-13T16:45:00-04:00,1820,30.3,Dinner,2,Mon,Sun,16,278278,wisely
2026-04-12T14:24:33+00:00,2026-04-13T16:45:00-04:00,1820,30.3,Dinner,4,Mon,Sun,16,278278,wisely
2026-04-12T14:24:32+00:00,2026-04-13T17:15:00-04:00,1850,30.8,Dinner,2,Mon,Sun,17,278278,wisely
2026-04-12T14:24:33+00:00,2026-04-13T17:15:00-04:00,1850,30.8,Dinner,4,Mon,Sun,17,278278,wisely
2026-04-11T13:45:08+00:00,2026-04-13T17:30:00-04:00,3345,55.7,Dinner,2,Mon,Sat,17,278278,wisely
2026-04-12T17:43:06+00:00,2026-04-13T17:30:00-04:00,1667,27.8,Dinner,4,Mon,Sun,17,278278,wisely
2026-04-12T13:41:22+00:00,2026-04-13T18:00:00-04:00,1939,32.3,Dinner,2,Mon,Sun,18,278278,wisely
2026-04-12T13:41:23+00:00,2026-04-13T18:00:00-04:00,1939,32.3,Dinner,4,Mon,Sun,18,278278,wisely
2026-04-12T15:06:27+00:00,2026-04-13T18:30:00-04:00,1884,31.4,Dinner,2,Mon,Sun,18,278278,wisely
2026-04-12T19:21:41+00:00,2026-04-13T19:00:00-04:00,1658,27.6,Dinner,2,Mon,Sun,19,278278,wisely
2026-04-12T19:21:43+00:00,2026-04-13T19:00:00-04:00,1658,27.6,Dinner,4,Mon,Sun,19,278278,wisely
2026-04-12T14:24:36+00:00,2026-04-13T19:30:00-04:00,1985,33.1,Dinner,2,Mon,Sun,19,278278,wisely
2026-04-12T17:43:09+00:00,2026-04-13T20:15:00-04:00,1832,30.5,Dinner,2,Mon,Sun,20,278278,wisely
2026-04-12T17:43:10+00:00,2026-04-13T20:15:00-04:00,1832,30.5,Dinner,4,Mon,Sun,20,278278,wisely
2026-04-12T14:24:37+00:00,2026-04-13T20:30:00-04:00,2045,34.1,Dinner,2,Mon,Sun,20,278278,wisely
2026-04-12T14:24:37+00:00,2026-04-13T20:30:00-04:00,2045,34.1,Dinner,4,Mon,Sun,20,278278,wisely
2026-04-12T15:49:54+00:00,2026-04-13T20:45:00-04:00,1975,32.9,Dinner,2,Mon,Sun,20,278278,wisely
2026-04-12T15:49:55+00:00,2026-04-13T20:45:00-04:00,1975,32.9,Dinner,4,Mon,Sun,20,278278,wisely
2026-04-10T14:02:49+00:00,2026-04-13T21:00:00-04:00,4977,83.0,Dinner,2,Mon,Fri,21,278278,wisely
2026-04-10T14:02:50+00:00,2026-04-13T21:00:00-04:00,4977,83.0,Dinner,4,Mon,Fri,21,278278,wisely
2026-04-12T14:24:39+00:00,2026-04-13T21:15:00-04:00,2090,34.8,Dinner,2,Mon,Sun,21,278278,wisely
2026-04-12T14:24:39+00:00,2026-04-13T21:15:00-04:00,2090,34.8,Dinner,4,Mon,Sun,21,278278,wisely
2026-04-12T15:06:42+00:00,2026-04-13T21:30:00-04:00,2063,34.4,Dinner,2,Mon,Sun,21,278278,wisely
2026-04-11T01:03:14+00:00,2026-04-13T21:45:00-04:00,4362,72.7,Dinner,2,Mon,Fri,21,278278,wisely
2026-04-11T01:03:15+00:00,2026-04-13T21:45:00-04:00,4362,72.7,Dinner,4,Mon,Fri,21,278278,wisely
2026-04-14T12:10:15+00:00,2026-04-14T11:30:00-04:00,200,3.3,Lunch,2,Tue,Tue,11,278278,wisely
2026-04-14T12:10:17+00:00,2026-04-14T11:30:00-04:00,200,3.3,Lunch,4,Tue,Tue,11,278278,wisely
2026-04-13T15:57:41+00:00,2026-04-14T11:45:00-04:00,1427,23.8,Lunch,2,Tue,Mon,11,278278,wisely
2026-04-13T15:57:43+00:00,2026-04-14T11:45:00-04:00,1427,23.8,Lunch,4,Tue,Mon,11,278278,wisely
2026-04-13T14:24:44+00:00,2026-04-14T12:00:00-04:00,1535,25.6,Lunch,2,Tue,Mon,12,278278,wisely
2026-04-13T14:24:45+00:00,2026-04-14T12:00:00-04:00,1535,25.6,Lunch,4,Tue,Mon,12,278278,wisely
2026-04-13T12:46:00+00:00,2026-04-14T12:15:00-04:00,1649,27.5,Lunch,2,Tue,Mon,12,278278,wisely
2026-04-13T12:46:01+00:00,2026-04-14T12:15:00-04:00,1649,27.5,Lunch,4,Tue,Mon,12,278278,wisely
2026-04-13T03:50:28+00:00,2026-04-14T12:30:00-04:00,2200,36.7,Lunch,2,Tue,Sun,12,278278,wisely
2026-04-13T03:50:29+00:00,2026-04-14T12:30:00-04:00,2200,36.7,Lunch,4,Tue,Sun,12,278278,wisely
2026-04-13T14:24:45+00:00,2026-04-14T12:45:00-04:00,1580,26.3,Lunch,2,Tue,Mon,12,278278,wisely
2026-04-13T14:24:45+00:00,2026-04-14T12:45:00-04:00,1580,26.3,Lunch,4,Tue,Mon,12,278278,wisely
2026-04-14T02:24:15+00:00,2026-04-14T13:00:00-04:00,876,14.6,Lunch,2,Tue,Mon,13,278278,wisely
2026-04-14T02:24:17+00:00,2026-04-14T13:00:00-04:00,876,14.6,Lunch,4,Tue,Mon,13,278278,wisely
2026-04-12T05:33:53+00:00,2026-04-14T13:45:00-04:00,3611,60.2,Lunch,2,Tue,Sun,13,278278,wisely
2026-04-12T05:33:54+00:00,2026-04-14T13:45:00-04:00,3611,60.2,Lunch,4,Tue,Sun,13,278278,wisely
2026-04-12T05:33:53+00:00,2026-04-14T14:00:00-04:00,3626,60.4,Lunch,2,Tue,Sun,14,278278,wisely
2026-04-12T05:33:54+00:00,2026-04-14T14:00:00-04:00,3626,60.4,Lunch,4,Tue,Sun,14,278278,wisely
2026-04-12T05:33:54+00:00,2026-04-14T14:15:00-04:00,3641,60.7,Lunch,2,Tue,Sun,14,278278,wisely
2026-04-12T05:33:55+00:00,2026-04-14T14:15:00-04:00,3641,60.7,Lunch,4,Tue,Sun,14,278278,wisely
2026-04-14T02:24:34+00:00,2026-04-14T14:30:00-04:00,965,16.1,Lunch,2,Tue,Mon,14,278278,wisely
2026-04-14T02:24:35+00:00,2026-04-14T14:30:00-04:00,965,16.1,Lunch,4,Tue,Mon,14,278278,wisely
2026-04-14T16:43:24+00:00,2026-04-14T14:45:00-04:00,122,2.0,Lunch,2,Tue,Tue,14,278278,wisely
2026-04-14T16:43:25+00:00,2026-04-14T14:45:00-04:00,122,2.0,Lunch,4,Tue,Tue,14,278278,wisely
2026-04-14T18:52:14+00:00,2026-04-14T15:15:00-04:00,23,0.4,Lunch,2,Tue,Tue,15,278278,wisely
2026-04-14T18:52:16+00:00,2026-04-14T15:15:00-04:00,23,0.4,Lunch,4,Tue,Tue,15,278278,wisely
2026-04-14T18:52:14+00:00,2026-04-14T15:30:00-04:00,38,0.6,Lunch,2,Tue,Tue,15,278278,wisely
2026-04-14T18:52:17+00:00,2026-04-14T15:30:00-04:00,38,0.6,Lunch,4,Tue,Tue,15,278278,wisely
2026-04-14T18:52:15+00:00,2026-04-14T15:45:00-04:00,53,0.9,Lunch,2,Tue,Tue,15,278278,wisely
2026-04-14T18:52:17+00:00,2026-04-14T15:45:00-04:00,53,0.9,Lunch,4,Tue,Tue,15,278278,wisely
2026-04-13T14:24:29+00:00,2026-04-14T16:30:00-04:00,1806,30.1,Dinner,2,Tue,Mon,16,278278,wisely
2026-04-13T14:24:29+00:00,2026-04-14T16:45:00-04:00,1821,30.3,Dinner,2,Tue,Mon,16,278278,wisely
2026-04-13T14:24:29+00:00,2026-04-14T16:45:00-04:00,1821,30.3,Dinner,4,Tue,Mon,16,278278,wisely
2026-04-11T14:26:03+00:00,2026-04-14T17:00:00-04:00,4714,78.6,Dinner,2,Tue,Sat,17,278278,wisely
2026-04-11T14:26:03+00:00,2026-04-14T17:00:00-04:00,4714,78.6,Dinner,4,Tue,Sat,17,278278,wisely
2026-04-13T14:24:31+00:00,2026-04-14T18:15:00-04:00,1910,31.8,Dinner,2,Tue,Mon,18,278278,wisely
2026-04-13T22:45:25+00:00,2026-04-14T19:15:00-04:00,1470,24.5,Dinner,2,Tue,Mon,19,278278,wisely
2026-04-13T22:45:27+00:00,2026-04-14T19:15:00-04:00,1470,24.5,Dinner,4,Tue,Mon,19,278278,wisely
2026-04-13T23:56:34+00:00,2026-04-14T20:00:00-04:00,1443,24.1,Dinner,2,Tue,Mon,20,278278,wisely
2026-04-13T23:56:35+00:00,2026-04-14T20:00:00-04:00,1443,24.1,Dinner,4,Tue,Mon,20,278278,wisely
2026-04-12T23:36:03+00:00,2026-04-14T20:15:00-04:00,2919,48.6,Dinner,2,Tue,Sun,20,278278,wisely
2026-04-13T14:24:33+00:00,2026-04-14T20:30:00-04:00,2045,34.1,Dinner,2,Tue,Mon,20,278278,wisely
2026-04-12T21:04:39+00:00,2026-04-14T20:45:00-04:00,3100,51.7,Dinner,2,Tue,Sun,20,278278,wisely
2026-04-12T21:04:40+00:00,2026-04-14T20:45:00-04:00,3100,51.7,Dinner,4,Tue,Sun,20,278278,wisely
2026-04-13T01:13:15+00:00,2026-04-14T21:15:00-04:00,2882,48.0,Dinner,2,Tue,Sun,21,278278,wisely
2026-04-13T01:13:16+00:00,2026-04-14T21:15:00-04:00,2882,48.0,Dinner,4,Tue,Sun,21,278278,wisely
2026-04-12T19:56:32+00:00,2026-04-14T21:30:00-04:00,3213,53.6,Dinner,2,Tue,Sun,21,278278,wisely
2026-04-12T19:56:32+00:00,2026-04-14T21:30:00-04:00,3213,53.6,Dinner,4,Tue,Sun,21,278278,wisely
2026-04-13T03:50:10+00:00,2026-04-14T21:45:00-04:00,2755,45.9,Dinner,2,Tue,Sun,21,278278,wisely
2026-04-14T14:10:55+00:00,2026-04-15T11:30:00-04:00,1519,25.3,Lunch,2,Wed,Tue,11,278278,wisely
2026-04-14T14:10:56+00:00,2026-04-15T11:30:00-04:00,1519,25.3,Lunch,4,Wed,Tue,11,278278,wisely
2026-04-13T14:25:09+00:00,2026-04-15T12:15:00-04:00,2990,49.8,Lunch,2,Wed,Mon,12,278278,wisely
2026-04-13T14:25:10+00:00,2026-04-15T12:15:00-04:00,2990,49.8,Lunch,4,Wed,Mon,12,278278,wisely
2026-04-14T02:24:45+00:00,2026-04-15T12:45:00-04:00,2300,38.3,Lunch,2,Wed,Mon,12,278278,wisely
2026-04-14T02:24:46+00:00,2026-04-15T12:45:00-04:00,2300,38.3,Lunch,4,Wed,Mon,12,278278,wisely
2026-04-14T15:39:14+00:00,2026-04-15T13:00:00-04:00,1521,25.3,Lunch,2,Wed,Tue,13,278278,wisely
2026-04-14T18:53:20+00:00,2026-04-15T13:00:00-04:00,1327,22.1,Lunch,4,Wed,Tue,13,278278,wisely
2026-04-13T06:07:46+00:00,2026-04-15T13:45:00-04:00,3577,59.6,Lunch,2,Wed,Mon,13,278278,wisely
2026-04-13T06:07:47+00:00,2026-04-15T14:00:00-04:00,3592,59.9,Lunch,2,Wed,Mon,14,278278,wisely
2026-04-13T06:07:47+00:00,2026-04-15T14:15:00-04:00,3607,60.1,Lunch,2,Wed,Mon,14,278278,wisely
2026-04-13T06:07:48+00:00,2026-04-15T14:15:00-04:00,3607,60.1,Lunch,4,Wed,Mon,14,278278,wisely
2026-04-13T19:43:43+00:00,2026-04-15T14:30:00-04:00,2806,46.8,Lunch,2,Wed,Mon,14,278278,wisely
2026-04-13T06:07:48+00:00,2026-04-15T14:30:00-04:00,3622,60.4,Lunch,4,Wed,Mon,14,278278,wisely
2026-04-14T18:53:45+00:00,2026-04-15T14:45:00-04:00,1431,23.9,Lunch,2,Wed,Tue,14,278278,wisely
2026-04-13T06:07:48+00:00,2026-04-15T14:45:00-04:00,3637,60.6,Lunch,4,Wed,Mon,14,278278,wisely
2026-04-15T17:41:29+00:00,2026-04-15T15:00:00-04:00,79,1.3,Lunch,2,Wed,Wed,15,278278,wisely
2026-04-15T14:02:27+00:00,2026-04-15T15:00:00-04:00,298,5.0,Lunch,4,Wed,Wed,15,278278,wisely
2026-04-15T18:47:33+00:00,2026-04-15T15:15:00-04:00,27,0.5,Lunch,2,Wed,Wed,15,278278,wisely
2026-04-15T18:47:34+00:00,2026-04-15T15:15:00-04:00,27,0.5,Lunch,4,Wed,Wed,15,278278,wisely
2026-04-15T18:47:33+00:00,2026-04-15T15:30:00-04:00,42,0.7,Lunch,2,Wed,Wed,15,278278,wisely
2026-04-15T18:47:34+00:00,2026-04-15T15:45:00-04:00,57,1.0,Lunch,4,Wed,Wed,15,278278,wisely
2026-04-15T19:55:49+00:00,2026-04-15T16:15:00-04:00,19,0.3,Lunch,2,Wed,Wed,16,278278,wisely
2026-04-15T19:55:50+00:00,2026-04-15T16:15:00-04:00,19,0.3,Lunch,4,Wed,Wed,16,278278,wisely
2026-04-14T18:52:22+00:00,2026-04-15T16:30:00-04:00,1538,25.6,Dinner,2,Wed,Tue,16,278278,wisely
2026-04-14T18:52:24+00:00,2026-04-15T16:30:00-04:00,1538,25.6,Dinner,4,Wed,Tue,16,278278,wisely
2026-04-14T14:10:42+00:00,2026-04-15T16:45:00-04:00,1834,30.6,Dinner,2,Wed,Tue,16,278278,wisely
2026-04-14T14:10:43+00:00,2026-04-15T16:45:00-04:00,1834,30.6,Dinner,4,Wed,Tue,16,278278,wisely
2026-04-14T14:10:42+00:00,2026-04-15T17:00:00-04:00,1849,30.8,Dinner,2,Wed,Tue,17,278278,wisely
2026-04-15T20:41:43+00:00,2026-04-15T17:15:00-04:00,33,0.6,Dinner,2,Wed,Wed,17,278278,wisely
2026-04-15T20:41:44+00:00,2026-04-15T17:15:00-04:00,33,0.6,Dinner,4,Wed,Wed,17,278278,wisely
2026-04-14T20:53:28+00:00,2026-04-15T21:30:00+00:00,1477,24.6,Dinner,2,Wed,Tue,17,278278,wisely
2026-04-14T20:53:29+00:00,2026-04-15T21:30:00+00:00,1477,24.6,Dinner,4,Wed,Tue,17,278278,wisely
2026-04-14T14:10:42+00:00,2026-04-15T18:00:00-04:00,1909,31.8,Dinner,2,Wed,Tue,18,278278,wisely
2026-04-14T14:10:43+00:00,2026-04-15T18:00:00-04:00,1909,31.8,Dinner,4,Wed,Tue,18,278278,wisely
2026-04-14T14:10:44+00:00,2026-04-15T18:15:00-04:00,1924,32.1,Dinner,2,Wed,Tue,18,278278,wisely
2026-04-14T21:55:23+00:00,2026-04-15T19:00:00-04:00,1505,25.1,Dinner,2,Wed,Tue,19,278278,wisely
2026-04-14T14:10:46+00:00,2026-04-15T19:30:00-04:00,1999,33.3,Dinner,2,Wed,Tue,19,278278,wisely
2026-04-14T14:10:43+00:00,2026-04-15T19:30:00-04:00,1999,33.3,Dinner,4,Wed,Tue,19,278278,wisely
2026-04-14T14:10:48+00:00,2026-04-15T20:30:00-04:00,2059,34.3,Dinner,2,Wed,Tue,20,278278,wisely
2026-04-14T14:10:49+00:00,2026-04-15T20:45:00-04:00,2074,34.6,Dinner,2,Wed,Tue,20,278278,wisely
2026-04-14T14:10:47+00:00,2026-04-15T20:45:00-04:00,2074,34.6,Dinner,4,Wed,Tue,20,278278,wisely
2026-04-12T23:36:44+00:00,2026-04-15T21:00:00-04:00,4403,73.4,Dinner,2,Wed,Sun,21,278278,wisely
2026-04-14T14:10:49+00:00,2026-04-15T21:00:00-04:00,2089,34.8,Dinner,4,Wed,Tue,21,278278,wisely
2026-04-12T05:33:58+00:00,2026-04-15T21:15:00-04:00,5501,91.7,Dinner,2,Wed,Sun,21,278278,wisely
2026-04-12T05:33:59+00:00,2026-04-15T21:15:00-04:00,5501,91.7,Dinner,4,Wed,Sun,21,278278,wisely
2026-04-13T22:46:19+00:00,2026-04-15T21:30:00-04:00,3044,50.7,Dinner,2,Wed,Mon,21,278278,wisely
2026-04-14T14:10:51+00:00,2026-04-15T21:30:00-04:00,2119,35.3,Dinner,4,Wed,Tue,21,278278,wisely
2026-04-13T17:04:11+00:00,2026-04-15T21:45:00-04:00,3401,56.7,Dinner,2,Wed,Mon,21,278278,wisely
2026-04-14T16:43:57+00:00,2026-04-15T21:45:00-04:00,1981,33.0,Dinner,4,Wed,Tue,21,278278,wisely
2026-04-14T18:53:55+00:00,2026-04-16T11:45:00-04:00,2691,44.9,Lunch,2,Thu,Tue,11,278278,wisely
2026-04-14T18:53:56+00:00,2026-04-16T11:45:00-04:00,2691,44.9,Lunch,4,Thu,Tue,11,278278,wisely
2026-04-15T17:42:05+00:00,2026-04-16T12:00:00-04:00,1338,22.3,Lunch,2,Thu,Wed,12,278278,wisely
2026-04-15T17:42:07+00:00,2026-04-16T12:00:00-04:00,1338,22.3,Lunch,4,Thu,Wed,12,278278,wisely
2026-04-15T14:03:11+00:00,2026-04-16T12:30:00-04:00,1587,26.4,Lunch,2,Thu,Wed,12,278278,wisely
2026-04-15T14:03:12+00:00,2026-04-16T12:30:00-04:00,1587,26.4,Lunch,4,Thu,Wed,12,278278,wisely
2026-04-15T15:21:43+00:00,2026-04-16T12:45:00-04:00,1523,25.4,Lunch,2,Thu,Wed,12,278278,wisely
2026-04-14T19:58:12+00:00,2026-04-16T13:00:00-04:00,2702,45.0,Lunch,2,Thu,Tue,13,278278,wisely
2026-04-14T19:58:13+00:00,2026-04-16T13:00:00-04:00,2702,45.0,Lunch,4,Thu,Tue,13,278278,wisely
2026-04-15T14:03:11+00:00,2026-04-16T13:15:00-04:00,1632,27.2,Lunch,2,Thu,Wed,13,278278,wisely
2026-04-15T14:03:13+00:00,2026-04-16T13:15:00-04:00,1632,27.2,Lunch,4,Thu,Wed,13,278278,wisely
2026-04-15T14:03:16+00:00,2026-04-16T13:30:00-04:00,1647,27.4,Lunch,2,Thu,Wed,13,278278,wisely
2026-04-16T07:11:47+00:00,2026-04-16T13:30:00-04:00,618,10.3,Lunch,4,Thu,Thu,13,278278,wisely
2026-04-14T05:11:04+00:00,2026-04-16T13:45:00-04:00,3634,60.6,Lunch,2,Thu,Tue,13,278278,wisely
2026-04-14T05:11:06+00:00,2026-04-16T13:45:00-04:00,3634,60.6,Lunch,4,Thu,Tue,13,278278,wisely
2026-04-14T05:11:05+00:00,2026-04-16T14:00:00-04:00,3649,60.8,Lunch,2,Thu,Tue,14,278278,wisely
2026-04-14T05:11:06+00:00,2026-04-16T14:00:00-04:00,3649,60.8,Lunch,4,Thu,Tue,14,278278,wisely
2026-04-14T05:11:05+00:00,2026-04-16T14:15:00-04:00,3664,61.1,Lunch,2,Thu,Tue,14,278278,wisely
2026-04-14T05:11:06+00:00,2026-04-16T14:15:00-04:00,3664,61.1,Lunch,4,Thu,Tue,14,278278,wisely
2026-04-14T14:11:21+00:00,2026-04-16T14:30:00-04:00,3139,52.3,Lunch,2,Thu,Tue,14,278278,wisely
2026-04-14T14:11:22+00:00,2026-04-16T14:30:00-04:00,3139,52.3,Lunch,4,Thu,Tue,14,278278,wisely
2026-04-16T16:07:01+00:00,2026-04-16T14:45:00-04:00,158,2.6,Lunch,2,Thu,Thu,14,278278,wisely
2026-04-16T18:47:15+00:00,2026-04-16T15:00:00-04:00,13,0.2,Lunch,2,Thu,Thu,15,278278,wisely
2026-04-16T03:21:02+00:00,2026-04-16T15:00:00-04:00,939,15.6,Lunch,4,Thu,Wed,15,278278,wisely
2026-04-16T17:40:45+00:00,2026-04-16T15:15:00-04:00,94,1.6,Lunch,4,Thu,Thu,15,278278,wisely
2026-04-16T18:47:15+00:00,2026-04-16T15:30:00-04:00,43,0.7,Lunch,2,Thu,Thu,15,278278,wisely
2026-04-16T18:47:16+00:00,2026-04-16T15:45:00-04:00,58,1.0,Lunch,2,Thu,Thu,15,278278,wisely
2026-04-16T18:47:17+00:00,2026-04-16T15:45:00-04:00,58,1.0,Lunch,4,Thu,Thu,15,278278,wisely
2026-04-15T14:02:59+00:00,2026-04-16T16:30:00-04:00,1827,30.5,Dinner,2,Thu,Wed,16,278278,wisely
2026-04-15T14:03:00+00:00,2026-04-16T16:30:00-04:00,1827,30.4,Dinner,4,Thu,Wed,16,278278,wisely
2026-04-15T15:21:19+00:00,2026-04-16T16:45:00-04:00,1764,29.4,Dinner,2,Thu,Wed,16,278278,wisely
2026-04-15T15:21:20+00:00,2026-04-16T16:45:00-04:00,1764,29.4,Dinner,4,Thu,Wed,16,278278,wisely
2026-04-15T14:02:59+00:00,2026-04-16T19:45:00-04:00,2022,33.7,Dinner,2,Thu,Wed,19,278278,wisely
2026-04-15T14:02:59+00:00,2026-04-16T20:15:00-04:00,2052,34.2,Dinner,2,Thu,Wed,20,278278,wisely
2026-04-16T05:39:34+00:00,2026-04-16T21:15:00-04:00,1175,19.6,Dinner,2,Thu,Thu,21,278278,wisely
2026-04-16T05:39:35+00:00,2026-04-16T21:15:00-04:00,1175,19.6,Dinner,4,Thu,Thu,21,278278,wisely
2026-04-15T14:03:04+00:00,2026-04-16T21:30:00-04:00,2127,35.4,Dinner,2,Thu,Wed,21,278278,wisely
2026-04-15T16:34:01+00:00,2026-04-16T21:30:00-04:00,1976,32.9,Dinner,4,Thu,Wed,21,278278,wisely
2026-04-16T14:30:14+00:00,2026-04-17T11:30:00-04:00,1500,25.0,Lunch,2,Fri,Thu,11,278278,wisely
2026-04-16T14:30:15+00:00,2026-04-17T11:30:00-04:00,1500,25.0,Lunch,4,Fri,Thu,11,278278,wisely
2026-04-16T14:30:14+00:00,2026-04-17T12:00:00-04:00,1530,25.5,Lunch,2,Fri,Thu,12,278278,wisely
2026-04-16T14:30:16+00:00,2026-04-17T12:00:00-04:00,1530,25.5,Lunch,4,Fri,Thu,12,278278,wisely
2026-04-16T16:07:26+00:00,2026-04-17T12:45:00-04:00,1478,24.6,Lunch,2,Fri,Thu,12,278278,wisely
2026-04-16T17:41:24+00:00,2026-04-17T13:15:00-04:00,1414,23.6,Lunch,2,Fri,Thu,13,278278,wisely
2026-04-16T17:41:25+00:00,2026-04-17T13:15:00-04:00,1414,23.6,Lunch,4,Fri,Thu,13,278278,wisely
2026-04-16T14:30:15+00:00,2026-04-17T13:30:00-04:00,1620,27.0,Lunch,2,Fri,Thu,13,278278,wisely
2026-04-16T14:30:17+00:00,2026-04-17T13:30:00-04:00,1620,27.0,Lunch,4,Fri,Thu,13,278278,wisely
2026-04-15T05:50:45+00:00,2026-04-17T13:45:00-04:00,3594,59.9,Lunch,2,Fri,Wed,13,278278,wisely
2026-04-15T05:50:46+00:00,2026-04-17T14:00:00-04:00,3609,60.2,Lunch,2,Fri,Wed,14,278278,wisely
2026-04-16T16:07:27+00:00,2026-04-17T14:00:00-04:00,1553,25.9,Lunch,4,Fri,Thu,14,278278,wisely
2026-04-15T05:50:46+00:00,2026-04-17T14:15:00-04:00,3624,60.4,Lunch,2,Fri,Wed,14,278278,wisely
2026-04-15T05:50:47+00:00,2026-04-17T14:15:00-04:00,3624,60.4,Lunch,4,Fri,Wed,14,278278,wisely
2026-04-15T12:09:52+00:00,2026-04-17T14:30:00-04:00,3260,54.3,Lunch,2,Fri,Wed,14,278278,wisely
2026-04-15T05:50:47+00:00,2026-04-17T14:30:00-04:00,3639,60.7,Lunch,4,Fri,Wed,14,278278,wisely
2026-04-15T21:37:09+00:00,2026-04-17T14:45:00-04:00,2708,45.1,Lunch,2,Fri,Wed,14,278278,wisely
2026-04-15T05:50:47+00:00,2026-04-17T14:45:00-04:00,3654,60.9,Lunch,4,Fri,Wed,14,278278,wisely
2026-04-15T16:34:53+00:00,2026-04-17T16:30:00-04:00,3115,51.9,Dinner,2,Fri,Wed,16,278278,wisely
2026-04-15T16:34:54+00:00,2026-04-17T16:30:00-04:00,3115,51.9,Dinner,4,Fri,Wed,16,278278,wisely
2026-04-14T18:54:21+00:00,2026-04-17T16:45:00-04:00,4431,73.8,Dinner,2,Fri,Tue,16,278278,wisely
2026-04-14T18:54:21+00:00,2026-04-17T16:45:00-04:00,4431,73.8,Dinner,4,Fri,Tue,16,278278,wisely
2026-04-17T17:09:44+00:00,2026-04-17T17:15:00-04:00,245,4.1,Dinner,2,Fri,Fri,17,278278,wisely
2026-04-17T17:09:44+00:00,2026-04-17T17:15:00-04:00,245,4.1,Dinner,4,Fri,Fri,17,278278,wisely
2026-04-16T21:27:22+00:00,2026-04-17T20:45:00-04:00,1638,27.3,Dinner,2,Fri,Thu,20,278278,wisely
2026-04-16T21:27:23+00:00,2026-04-17T20:45:00-04:00,1638,27.3,Dinner,4,Fri,Thu,20,278278,wisely
2026-04-17T23:00:03+00:00,2026-04-17T21:00:00-04:00,120,2.0,Dinner,2,Fri,Fri,21,278278,wisely
2026-04-17T23:00:04+00:00,2026-04-17T21:00:00-04:00,120,2.0,Dinner,4,Fri,Fri,21,278278,wisely
2026-04-16T14:30:04+00:00,2026-04-17T21:15:00-04:00,2085,34.7,Dinner,2,Fri,Thu,21,278278,wisely
2026-04-16T14:30:05+00:00,2026-04-17T21:15:00-04:00,2085,34.7,Dinner,4,Fri,Thu,21,278278,wisely
2026-04-16T16:07:15+00:00,2026-04-17T21:30:00-04:00,2003,33.4,Dinner,2,Fri,Thu,21,278278,wisely
2026-04-16T16:07:15+00:00,2026-04-17T21:30:00-04:00,2003,33.4,Dinner,4,Fri,Thu,21,278278,wisely
2026-04-17T14:08:08+00:00,2026-04-18T11:30:00-04:00,1522,25.4,Lunch,2,Sat,Fri,11,278278,wisely
2026-04-17T14:08:09+00:00,2026-04-18T11:30:00-04:00,1522,25.4,Lunch,4,Sat,Fri,11,278278,wisely
2026-04-18T01:24:08+00:00,2026-04-18T16:00:00+00:00,876,14.6,Lunch,2,Sat,Fri,12,278278,wisely
2026-04-18T01:24:09+00:00,2026-04-18T16:00:00+00:00,876,14.6,Lunch,4,Sat,Fri,12,278278,wisely
2026-04-17T14:08:08+00:00,2026-04-18T12:15:00-04:00,1567,26.1,Lunch,2,Sat,Fri,12,278278,wisely
2026-04-17T14:08:09+00:00,2026-04-18T12:15:00-04:00,1567,26.1,Lunch,4,Sat,Fri,12,278278,wisely
2026-04-16T16:08:03+00:00,2026-04-18T12:30:00-04:00,2902,48.4,Lunch,2,Sat,Thu,12,278278,wisely
2026-04-16T16:08:04+00:00,2026-04-18T12:30:00-04:00,2902,48.4,Lunch,4,Sat,Thu,12,278278,wisely
2026-04-17T14:08:08+00:00,2026-04-18T12:45:00-04:00,1597,26.6,Lunch,2,Sat,Fri,12,278278,wisely
2026-04-17T21:53:29+00:00,2026-04-18T12:45:00-04:00,1132,18.9,Lunch,4,Sat,Fri,12,278278,wisely
2026-04-17T11:36:22+00:00,2026-04-18T13:00:00-04:00,1764,29.4,Lunch,2,Sat,Fri,13,278278,wisely
2026-04-17T14:08:13+00:00,2026-04-18T13:15:00-04:00,1627,27.1,Lunch,2,Sat,Fri,13,278278,wisely
2026-04-17T14:08:10+00:00,2026-04-18T13:15:00-04:00,1627,27.1,Lunch,4,Sat,Fri,13,278278,wisely
2026-04-17T14:08:15+00:00,2026-04-18T13:45:00-04:00,1657,27.6,Lunch,2,Sat,Fri,13,278278,wisely
2026-04-17T14:08:16+00:00,2026-04-18T14:15:00-04:00,1687,28.1,Lunch,2,Sat,Fri,14,278278,wisely
2026-04-17T14:08:18+00:00,2026-04-18T14:30:00-04:00,1702,28.4,Lunch,2,Sat,Fri,14,278278,wisely
2026-04-17T15:12:28+00:00,2026-04-18T14:30:00-04:00,1638,27.3,Lunch,4,Sat,Fri,14,278278,wisely
2026-04-16T21:28:31+00:00,2026-04-18T15:45:00-04:00,2776,46.3,Lunch,2,Sat,Thu,15,278278,wisely
2026-04-16T21:28:32+00:00,2026-04-18T15:45:00-04:00,2776,46.3,Lunch,4,Sat,Thu,15,278278,wisely
2026-04-17T14:08:19+00:00,2026-04-18T16:15:00-04:00,1807,30.1,Lunch,4,Sat,Fri,16,278278,wisely
2026-04-17T14:07:49+00:00,2026-04-18T16:30:00-04:00,1822,30.4,Dinner,2,Sat,Fri,16,278278,wisely
2026-04-15T14:04:03+00:00,2026-04-18T16:45:00-04:00,4721,78.7,Dinner,2,Sat,Wed,16,278278,wisely
2026-04-15T14:04:04+00:00,2026-04-18T16:45:00-04:00,4721,78.7,Dinner,4,Sat,Wed,16,278278,wisely
2026-04-15T23:12:27+00:00,2026-04-18T17:15:00-04:00,4203,70.0,Dinner,2,Sat,Wed,17,278278,wisely
2026-04-15T23:12:27+00:00,2026-04-18T17:15:00-04:00,4203,70.0,Dinner,4,Sat,Wed,17,278278,wisely
2026-04-18T06:52:33+00:00,2026-04-18T18:15:00-04:00,922,15.4,Dinner,2,Sat,Sat,18,278278,wisely
2026-04-17T18:03:10+00:00,2026-04-18T20:15:00-04:00,1812,30.2,Dinner,2,Sat,Fri,20,278278,wisely
2026-04-17T18:03:11+00:00,2026-04-18T20:15:00-04:00,1812,30.2,Dinner,4,Sat,Fri,20,278278,wisely
2026-04-17T16:14:55+00:00,2026-04-18T21:00:00-04:00,1965,32.8,Dinner,2,Sat,Fri,21,278278,wisely
2026-04-17T16:14:56+00:00,2026-04-18T21:00:00-04:00,1965,32.8,Dinner,4,Sat,Fri,21,278278,wisely
2026-04-16T03:21:53+00:00,2026-04-18T21:30:00-04:00,4208,70.1,Dinner,2,Sat,Wed,21,278278,wisely
2026-04-17T14:07:52+00:00,2026-04-18T21:30:00-04:00,2122,35.4,Dinner,4,Sat,Fri,21,278278,wisely
2026-04-15T15:22:55+00:00,2026-04-18T21:45:00-04:00,4942,82.4,Dinner,2,Sat,Wed,21,278278,wisely
2026-04-18T15:07:37+00:00,2026-04-19T11:30:00-04:00,1462,24.4,Lunch,2,Sun,Sat,11,278278,wisely
2026-04-18T14:24:20+00:00,2026-04-19T11:45:00-04:00,1521,25.3,Lunch,2,Sun,Sat,11,278278,wisely
2026-04-18T14:24:21+00:00,2026-04-19T11:45:00-04:00,1521,25.3,Lunch,4,Sun,Sat,11,278278,wisely
2026-04-18T15:07:37+00:00,2026-04-19T12:00:00-04:00,1492,24.9,Lunch,2,Sun,Sat,12,278278,wisely
2026-04-18T15:07:38+00:00,2026-04-19T12:00:00-04:00,1492,24.9,Lunch,4,Sun,Sat,12,278278,wisely
2026-04-18T11:38:25+00:00,2026-04-19T12:30:00-04:00,1732,28.9,Lunch,2,Sun,Sat,12,278278,wisely
2026-04-18T11:38:26+00:00,2026-04-19T12:30:00-04:00,1732,28.9,Lunch,4,Sun,Sat,12,278278,wisely
2026-04-17T19:18:33+00:00,2026-04-19T12:45:00-04:00,2726,45.4,Lunch,2,Sun,Fri,12,278278,wisely
2026-04-18T18:28:04+00:00,2026-04-19T13:00:00-04:00,1352,22.5,Lunch,2,Sun,Sat,13,278278,wisely
2026-04-18T14:24:21+00:00,2026-04-19T14:00:00-04:00,1656,27.6,Lunch,2,Sun,Sat,14,278278,wisely
2026-04-18T14:24:21+00:00,2026-04-19T14:00:00-04:00,1656,27.6,Lunch,4,Sun,Sat,14,278278,wisely
2026-04-18T23:49:34+00:00,2026-04-19T14:15:00-04:00,1105,18.4,Lunch,2,Sun,Sat,14,278278,wisely
2026-04-18T23:49:35+00:00,2026-04-19T14:15:00-04:00,1105,18.4,Lunch,4,Sun,Sat,14,278278,wisely
2026-04-18T14:24:28+00:00,2026-04-19T14:45:00-04:00,1701,28.3,Lunch,2,Sun,Sat,14,278278,wisely
2026-04-17T15:13:08+00:00,2026-04-19T15:00:00-04:00,3107,51.8,Lunch,2,Sun,Fri,15,278278,wisely
2026-04-17T15:13:09+00:00,2026-04-19T15:00:00-04:00,3107,51.8,Lunch,4,Sun,Fri,15,278278,wisely
2026-04-18T13:33:50+00:00,2026-04-19T15:15:00-04:00,1781,29.7,Lunch,2,Sun,Sat,15,278278,wisely
2026-04-18T13:33:51+00:00,2026-04-19T15:15:00-04:00,1781,29.7,Lunch,4,Sun,Sat,15,278278,wisely
2026-04-18T15:08:01+00:00,2026-04-19T15:45:00-04:00,1717,28.6,Lunch,2,Sun,Sat,15,278278,wisely
2026-04-18T14:24:29+00:00,2026-04-19T15:45:00-04:00,1761,29.3,Lunch,4,Sun,Sat,15,278278,wisely
2026-04-19T13:23:10+00:00,2026-04-19T16:00:00-04:00,397,6.6,Lunch,2,Sun,Sun,16,278278,wisely
2026-04-19T17:34:12+00:00,2026-04-19T16:15:00-04:00,161,2.7,Lunch,2,Sun,Sun,16,278278,wisely
2026-04-16T23:52:50+00:00,2026-04-19T16:30:00-04:00,4117,68.6,Dinner,2,Sun,Thu,16,278278,wisely
2026-04-16T23:52:51+00:00,2026-04-19T16:30:00-04:00,4117,68.6,Dinner,4,Sun,Thu,16,278278,wisely
2026-04-18T14:24:06+00:00,2026-04-19T16:45:00-04:00,1821,30.3,Dinner,2,Sun,Sat,16,278278,wisely
2026-04-18T14:24:08+00:00,2026-04-19T16:45:00-04:00,1821,30.3,Dinner,4,Sun,Sat,16,278278,wisely
2026-04-18T15:06:57+00:00,2026-04-19T17:15:00-04:00,1808,30.1,Dinner,2,Sun,Sat,17,278278,wisely
2026-04-18T15:06:58+00:00,2026-04-19T17:15:00-04:00,1808,30.1,Dinner,4,Sun,Sat,17,278278,wisely
2026-04-19T01:13:04+00:00,2026-04-19T21:45:00+00:00,1232,20.5,Dinner,2,Sun,Sat,17,278278,wisely
2026-04-19T01:13:06+00:00,2026-04-19T21:45:00+00:00,1232,20.5,Dinner,4,Sun,Sat,17,278278,wisely
2026-04-18T17:06:10+00:00,2026-04-19T19:00:00-04:00,1794,29.9,Dinner,2,Sun,Sat,19,278278,wisely
2026-04-18T17:06:13+00:00,2026-04-19T19:00:00-04:00,1794,29.9,Dinner,4,Sun,Sat,19,278278,wisely
2026-04-18T14:24:07+00:00,2026-04-19T19:15:00-04:00,1971,32.8,Dinner,2,Sun,Sat,19,278278,wisely
2026-04-18T14:24:08+00:00,2026-04-19T19:15:00-04:00,1971,32.8,Dinner,4,Sun,Sat,19,278278,wisely
2026-04-18T14:24:07+00:00,2026-04-19T19:45:00-04:00,2001,33.3,Dinner,2,Sun,Sat,19,278278,wisely
2026-04-18T14:24:08+00:00,2026-04-19T19:45:00-04:00,2001,33.3,Dinner,4,Sun,Sat,19,278278,wisely
2026-04-18T17:06:11+00:00,2026-04-19T20:15:00-04:00,1869,31.1,Dinner,2,Sun,Sat,20,278278,wisely
2026-04-18T17:06:14+00:00,2026-04-19T20:15:00-04:00,1869,31.1,Dinner,4,Sun,Sat,20,278278,wisely
2026-04-17T23:51:42+00:00,2026-04-20T00:30:00+00:00,2918,48.6,Dinner,2,Sun,Fri,20,278278,wisely
2026-04-18T17:51:20+00:00,2026-04-19T20:30:00-04:00,1839,30.6,Dinner,4,Sun,Sat,20,278278,wisely
2026-04-18T19:23:34+00:00,2026-04-19T20:45:00-04:00,1761,29.4,Dinner,2,Sun,Sat,20,278278,wisely
2026-04-18T19:23:36+00:00,2026-04-19T20:45:00-04:00,1761,29.4,Dinner,4,Sun,Sat,20,278278,wisely
2026-04-18T18:27:26+00:00,2026-04-19T21:00:00-04:00,1833,30.5,Dinner,2,Sun,Sat,21,278278,wisely
2026-04-18T14:24:13+00:00,2026-04-19T21:15:00-04:00,2091,34.8,Dinner,2,Sun,Sat,21,278278,wisely
2026-04-18T14:24:13+00:00,2026-04-19T21:15:00-04:00,2091,34.8,Dinner,4,Sun,Sat,21,278278,wisely
2026-04-18T04:14:27+00:00,2026-04-20T11:30:00-04:00,3556,59.3,Lunch,2,Mon,Sat,11,278278,wisely
2026-04-18T04:14:28+00:00,2026-04-20T11:30:00-04:00,3556,59.3,Lunch,4,Mon,Sat,11,278278,wisely
2026-04-19T14:10:07+00:00,2026-04-20T11:45:00-04:00,1535,25.6,Lunch,2,Mon,Sun,11,278278,wisely
2026-04-19T14:10:08+00:00,2026-04-20T11:45:00-04:00,1535,25.6,Lunch,4,Mon,Sun,11,278278,wisely
2026-04-19T16:57:17+00:00,2026-04-20T12:00:00-04:00,1383,23.0,Lunch,2,Mon,Sun,12,278278,wisely
2026-04-19T16:57:18+00:00,2026-04-20T12:00:00-04:00,1383,23.0,Lunch,4,Mon,Sun,12,278278,wisely
2026-04-18T21:19:32+00:00,2026-04-20T16:30:00+00:00,2590,43.2,Lunch,2,Mon,Sat,12,278278,wisely
2026-04-18T04:14:27+00:00,2026-04-20T12:45:00-04:00,3631,60.5,Lunch,2,Mon,Sat,12,278278,wisely
2026-04-18T04:14:28+00:00,2026-04-20T12:45:00-04:00,3631,60.5,Lunch,4,Mon,Sat,12,278278,wisely
2026-04-18T04:14:28+00:00,2026-04-20T13:00:00-04:00,3646,60.8,Lunch,2,Mon,Sat,13,278278,wisely
2026-04-18T04:14:29+00:00,2026-04-20T13:00:00-04:00,3646,60.8,Lunch,4,Mon,Sat,13,278278,wisely
2026-04-18T04:14:32+00:00,2026-04-20T13:45:00-04:00,3690,61.5,Lunch,2,Mon,Sat,13,278278,wisely
2026-04-18T04:14:32+00:00,2026-04-20T13:45:00-04:00,3690,61.5,Lunch,4,Mon,Sat,13,278278,wisely
2026-04-18T04:14:34+00:00,2026-04-20T14:00:00-04:00,3705,61.8,Lunch,2,Mon,Sat,14,278278,wisely
2026-04-18T04:14:34+00:00,2026-04-20T14:00:00-04:00,3705,61.8,Lunch,4,Mon,Sat,14,278278,wisely
2026-04-18T04:14:34+00:00,2026-04-20T14:15:00-04:00,3720,62.0,Lunch,2,Mon,Sat,14,278278,wisely
2026-04-18T04:14:35+00:00,2026-04-20T14:15:00-04:00,3720,62.0,Lunch,4,Mon,Sat,14,278278,wisely
2026-04-19T16:57:43+00:00,2026-04-20T14:30:00-04:00,1532,25.5,Lunch,2,Mon,Sun,14,278278,wisely
2026-04-19T16:57:45+00:00,2026-04-20T14:30:00-04:00,1532,25.5,Lunch,4,Mon,Sun,14,278278,wisely
2026-04-20T15:59:13+00:00,2026-04-20T14:45:00-04:00,166,2.8,Lunch,2,Mon,Mon,14,278278,wisely
2026-04-20T15:59:14+00:00,2026-04-20T14:45:00-04:00,166,2.8,Lunch,4,Mon,Mon,14,278278,wisely
2026-04-20T18:08:53+00:00,2026-04-20T15:00:00-04:00,51,0.9,Lunch,2,Mon,Mon,15,278278,wisely
2026-04-20T18:08:55+00:00,2026-04-20T15:00:00-04:00,51,0.9,Lunch,4,Mon,Mon,15,278278,wisely
2026-04-20T19:22:18+00:00,2026-04-20T16:00:00-04:00,38,0.6,Lunch,2,Mon,Mon,16,278278,wisely
2026-04-20T19:22:18+00:00,2026-04-20T16:15:00-04:00,53,0.9,Lunch,2,Mon,Mon,16,278278,wisely
2026-04-20T19:22:19+00:00,2026-04-20T16:15:00-04:00,53,0.9,Lunch,4,Mon,Mon,16,278278,wisely
2026-04-17T21:00:54+00:00,2026-04-20T16:30:00-04:00,4289,71.5,Dinner,2,Mon,Fri,16,278278,wisely
2026-04-17T21:00:55+00:00,2026-04-20T16:30:00-04:00,4289,71.5,Dinner,4,Mon,Fri,16,278278,wisely
2026-04-19T14:09:50+00:00,2026-04-20T16:45:00-04:00,1835,30.6,Dinner,2,Mon,Sun,16,278278,wisely
2026-04-19T14:57:05+00:00,2026-04-20T17:15:00-04:00,1818,30.3,Dinner,2,Mon,Sun,17,278278,wisely
2026-04-19T14:57:06+00:00,2026-04-20T17:15:00-04:00,1818,30.3,Dinner,4,Mon,Sun,17,278278,wisely
2026-04-19T14:57:08+00:00,2026-04-20T17:30:00-04:00,1833,30.5,Dinner,2,Mon,Sun,17,278278,wisely
2026-04-19T14:57:06+00:00,2026-04-20T17:30:00-04:00,1833,30.5,Dinner,4,Mon,Sun,17,278278,wisely
2026-04-19T14:57:09+00:00,2026-04-20T17:45:00-04:00,1848,30.8,Dinner,2,Mon,Sun,17,278278,wisely
2026-04-19T14:57:08+00:00,2026-04-20T17:45:00-04:00,1848,30.8,Dinner,4,Mon,Sun,17,278278,wisely
2026-04-20T08:24:59+00:00,2026-04-20T18:15:00-04:00,830,13.8,Dinner,2,Mon,Mon,18,278278,wisely
2026-04-20T08:24:59+00:00,2026-04-20T18:15:00-04:00,830,13.8,Dinner,4,Mon,Mon,18,278278,wisely
2026-04-19T14:57:11+00:00,2026-04-20T18:45:00-04:00,1908,31.8,Dinner,2,Mon,Sun,18,278278,wisely
2026-04-19T14:57:11+00:00,2026-04-20T18:45:00-04:00,1908,31.8,Dinner,4,Mon,Sun,18,278278,wisely
2026-04-19T21:55:11+00:00,2026-04-20T20:30:00-04:00,1595,26.6,Dinner,2,Mon,Sun,20,278278,wisely
2026-04-19T14:09:51+00:00,2026-04-20T20:45:00-04:00,2075,34.6,Dinner,2,Mon,Sun,20,278278,wisely
2026-04-19T14:09:52+00:00,2026-04-20T20:45:00-04:00,2075,34.6,Dinner,4,Mon,Sun,20,278278,wisely
2026-04-19T14:10:00+00:00,2026-04-20T21:00:00-04:00,2090,34.8,Dinner,2,Mon,Sun,21,278278,wisely
2026-04-19T14:09:52+00:00,2026-04-20T21:00:00-04:00,2090,34.8,Dinner,4,Mon,Sun,21,278278,wisely
2026-04-19T14:57:15+00:00,2026-04-20T21:15:00-04:00,2058,34.3,Dinner,2,Mon,Sun,21,278278,wisely
2026-04-19T14:57:16+00:00,2026-04-20T21:15:00-04:00,2058,34.3,Dinner,4,Mon,Sun,21,278278,wisely
2026-04-19T17:34:36+00:00,2026-04-20T21:30:00-04:00,1915,31.9,Dinner,2,Mon,Sun,21,278278,wisely
2026-04-19T17:34:37+00:00,2026-04-20T21:30:00-04:00,1915,31.9,Dinner,4,Mon,Sun,21,278278,wisely
2026-04-18T15:08:02+00:00,2026-04-20T21:45:00-04:00,3517,58.6,Dinner,2,Mon,Sat,21,278278,wisely
2026-04-18T15:08:03+00:00,2026-04-20T21:45:00-04:00,3517,58.6,Dinner,4,Mon,Sat,21,278278,wisely
2026-04-19T04:26:26+00:00,2026-04-21T11:30:00-04:00,3544,59.1,Lunch,2,Tue,Sun,11,278278,wisely
2026-04-19T04:26:27+00:00,2026-04-21T11:30:00-04:00,3544,59.1,Lunch,4,Tue,Sun,11,278278,wisely
2026-04-20T17:11:15+00:00,2026-04-21T12:00:00-04:00,1369,22.8,Lunch,2,Tue,Mon,12,278278,wisely
2026-04-20T17:11:17+00:00,2026-04-21T12:00:00-04:00,1369,22.8,Lunch,4,Tue,Mon,12,278278,wisely
2026-04-20T14:46:30+00:00,2026-04-21T12:45:00-04:00,1558,26.0,Lunch,2,Tue,Mon,12,278278,wisely
2026-04-20T16:00:19+00:00,2026-04-21T13:00:00-04:00,1500,25.0,Lunch,2,Tue,Mon,13,278278,wisely
2026-04-20T16:00:21+00:00,2026-04-21T13:00:00-04:00,1500,25.0,Lunch,4,Tue,Mon,13,278278,wisely
2026-04-19T04:26:26+00:00,2026-04-21T13:15:00-04:00,3649,60.8,Lunch,2,Tue,Sun,13,278278,wisely
2026-04-19T04:26:27+00:00,2026-04-21T13:15:00-04:00,3649,60.8,Lunch,4,Tue,Sun,13,278278,wisely
2026-04-20T19:22:54+00:00,2026-04-21T13:30:00-04:00,1327,22.1,Lunch,2,Tue,Mon,13,278278,wisely
2026-04-19T04:26:26+00:00,2026-04-21T13:45:00-04:00,3679,61.3,Lunch,2,Tue,Sun,13,278278,wisely
2026-04-19T04:26:28+00:00,2026-04-21T13:45:00-04:00,3679,61.3,Lunch,4,Tue,Sun,13,278278,wisely
2026-04-19T04:26:32+00:00,2026-04-21T14:00:00-04:00,3693,61.6,Lunch,2,Tue,Sun,14,278278,wisely
2026-04-19T04:26:33+00:00,2026-04-21T14:00:00-04:00,3693,61.6,Lunch,4,Tue,Sun,14,278278,wisely
2026-04-19T04:26:35+00:00,2026-04-21T14:15:00-04:00,3708,61.8,Lunch,2,Tue,Sun,14,278278,wisely
2026-04-19T04:26:35+00:00,2026-04-21T14:15:00-04:00,3708,61.8,Lunch,4,Tue,Sun,14,278278,wisely
2026-04-20T23:11:27+00:00,2026-04-21T14:30:00-04:00,1159,19.3,Lunch,2,Tue,Mon,14,278278,wisely
2026-04-19T16:58:30+00:00,2026-04-21T14:30:00-04:00,2971,49.5,Lunch,4,Tue,Sun,14,278278,wisely
2026-04-21T03:42:45+00:00,2026-04-21T16:30:00-04:00,1007,16.8,Dinner,2,Tue,Mon,16,278278,wisely
2026-04-20T14:46:20+00:00,2026-04-21T16:45:00-04:00,1799,30.0,Dinner,2,Tue,Mon,16,278278,wisely
2026-04-21T21:45:42+00:00,2026-04-21T18:00:00-04:00,14,0.2,Dinner,2,Tue,Tue,18,278278,wisely
2026-04-21T21:45:43+00:00,2026-04-21T18:00:00-04:00,14,0.2,Dinner,4,Tue,Tue,18,278278,wisely
2026-04-21T22:10:52+00:00,2026-04-21T18:30:00-04:00,19,0.3,Dinner,4,Tue,Tue,18,278278,wisely
2026-04-18T14:25:00+00:00,2026-04-21T19:00:00-04:00,4835,80.6,Dinner,2,Tue,Sat,19,278278,wisely
2026-04-20T06:06:43+00:00,2026-04-21T20:30:00-04:00,2543,42.4,Dinner,2,Tue,Mon,20,278278,wisely
2026-04-20T06:06:43+00:00,2026-04-21T20:30:00-04:00,2543,42.4,Dinner,4,Tue,Mon,20,278278,wisely
2026-04-18T14:25:00+00:00,2026-04-21T21:00:00-04:00,4955,82.6,Dinner,2,Tue,Sat,21,278278,wisely
2026-04-18T14:25:00+00:00,2026-04-21T21:00:00-04:00,4955,82.6,Dinner,4,Tue,Sat,21,278278,wisely
2026-04-19T18:24:41+00:00,2026-04-21T21:15:00-04:00,3290,54.8,Dinner,2,Tue,Sun,21,278278,wisely
2026-04-20T15:59:36+00:00,2026-04-21T21:15:00-04:00,1995,33.3,Dinner,4,Tue,Mon,21,278278,wisely
2026-04-20T14:46:20+00:00,2026-04-21T21:30:00-04:00,2084,34.7,Dinner,2,Tue,Mon,21,278278,wisely
2026-04-20T14:46:21+00:00,2026-04-21T21:30:00-04:00,2084,34.7,Dinner,4,Tue,Mon,21,278278,wisely
2026-04-20T06:07:35+00:00,2026-04-22T11:30:00-04:00,3442,57.4,Lunch,2,Wed,Mon,11,278278,wisely
2026-04-20T06:07:36+00:00,2026-04-22T11:30:00-04:00,3442,57.4,Lunch,4,Wed,Mon,11,278278,wisely
2026-04-21T03:43:32+00:00,2026-04-22T11:45:00-04:00,2161,36.0,Lunch,2,Wed,Mon,11,278278,wisely
2026-04-21T03:43:33+00:00,2026-04-22T11:45:00-04:00,2161,36.0,Lunch,4,Wed,Mon,11,278278,wisely
2026-04-20T19:23:35+00:00,2026-04-22T12:00:00-04:00,2676,44.6,Lunch,2,Wed,Mon,12,278278,wisely
2026-04-20T19:23:37+00:00,2026-04-22T12:00:00-04:00,2676,44.6,Lunch,4,Wed,Mon,12,278278,wisely
2026-04-20T18:10:05+00:00,2026-04-22T12:15:00-04:00,2765,46.1,Lunch,2,Wed,Mon,12,278278,wisely
2026-04-20T18:10:06+00:00,2026-04-22T12:15:00-04:00,2765,46.1,Lunch,4,Wed,Mon,12,278278,wisely
2026-04-20T19:23:44+00:00,2026-04-22T12:30:00-04:00,2706,45.1,Lunch,2,Wed,Mon,12,278278,wisely
2026-04-21T16:45:41+00:00,2026-04-22T13:00:00-04:00,1454,24.2,Lunch,2,Wed,Tue,13,278278,wisely
2026-04-21T14:25:38+00:00,2026-04-22T13:15:00-04:00,1609,26.8,Lunch,2,Wed,Tue,13,278278,wisely
2026-04-21T14:25:39+00:00,2026-04-22T13:15:00-04:00,1609,26.8,Lunch,4,Wed,Tue,13,278278,wisely
2026-04-20T06:07:35+00:00,2026-04-22T13:45:00-04:00,3577,59.6,Lunch,2,Wed,Mon,13,278278,wisely
2026-04-20T06:07:36+00:00,2026-04-22T13:45:00-04:00,3577,59.6,Lunch,4,Wed,Mon,13,278278,wisely
2026-04-20T06:07:35+00:00,2026-04-22T14:00:00-04:00,3592,59.9,Lunch,2,Wed,Mon,14,278278,wisely
2026-04-20T06:07:36+00:00,2026-04-22T14:00:00-04:00,3592,59.9,Lunch,4,Wed,Mon,14,278278,wisely
2026-04-20T06:07:39+00:00,2026-04-22T14:15:00-04:00,3607,60.1,Lunch,2,Wed,Mon,14,278278,wisely
2026-04-20T06:07:39+00:00,2026-04-22T14:15:00-04:00,3607,60.1,Lunch,4,Wed,Mon,14,278278,wisely
2026-04-20T20:09:20+00:00,2026-04-22T14:30:00-04:00,2781,46.3,Lunch,2,Wed,Mon,14,278278,wisely
2026-04-20T14:47:30+00:00,2026-04-22T14:30:00-04:00,3102,51.7,Lunch,4,Wed,Mon,14,278278,wisely
2026-04-21T03:43:50+00:00,2026-04-22T14:45:00-04:00,2341,39.0,Lunch,2,Wed,Mon,14,278278,wisely
2026-04-20T20:09:21+00:00,2026-04-22T14:45:00-04:00,2796,46.6,Lunch,4,Wed,Mon,14,278278,wisely
2026-04-21T14:25:22+00:00,2026-04-22T16:45:00-04:00,1820,30.3,Dinner,2,Wed,Tue,16,278278,wisely
2026-04-21T14:25:22+00:00,2026-04-22T17:00:00-04:00,1835,30.6,Dinner,2,Wed,Tue,17,278278,wisely
2026-04-21T14:25:24+00:00,2026-04-22T17:00:00-04:00,1835,30.6,Dinner,4,Wed,Tue,17,278278,wisely
2026-04-21T14:25:23+00:00,2026-04-22T17:45:00-04:00,1880,31.3,Dinner,2,Wed,Tue,17,278278,wisely
2026-04-21T14:25:24+00:00,2026-04-22T17:45:00-04:00,1880,31.3,Dinner,4,Wed,Tue,17,278278,wisely
2026-04-22T12:43:24+00:00,2026-04-22T21:15:00-04:00,752,12.5,Dinner,2,Wed,Wed,21,278278,wisely
2026-04-22T12:43:25+00:00,2026-04-22T21:15:00-04:00,752,12.5,Dinner,4,Wed,Wed,21,278278,wisely
2026-04-20T03:36:02+00:00,2026-04-22T21:30:00-04:00,4194,69.9,Dinner,2,Wed,Sun,21,278278,wisely
2026-04-20T03:36:03+00:00,2026-04-22T21:30:00-04:00,4194,69.9,Dinner,4,Wed,Sun,21,278278,wisely
2026-04-19T23:58:19+00:00,2026-04-22T21:45:00-04:00,4427,73.8,Dinner,2,Wed,Sun,21,278278,wisely
2026-04-19T23:58:19+00:00,2026-04-22T21:45:00-04:00,4427,73.8,Dinner,4,Wed,Sun,21,278278,wisely
2026-04-21T19:56:11+00:00,2026-04-23T11:45:00-04:00,2629,43.8,Lunch,2,Thu,Tue,11,278278,wisely
2026-04-21T19:56:13+00:00,2026-04-23T11:45:00-04:00,2629,43.8,Lunch,4,Thu,Tue,11,278278,wisely
2026-04-21T05:53:32+00:00,2026-04-23T12:00:00-04:00,3486,58.1,Lunch,2,Thu,Tue,12,278278,wisely
2026-04-21T05:53:33+00:00,2026-04-23T12:00:00-04:00,3486,58.1,Lunch,4,Thu,Tue,12,278278,wisely
2026-04-21T05:53:32+00:00,2026-04-23T12:15:00-04:00,3501,58.4,Lunch,2,Thu,Tue,12,278278,wisely
2026-04-21T16:46:11+00:00,2026-04-23T12:30:00-04:00,2864,47.7,Lunch,2,Thu,Tue,12,278278,wisely
2026-04-21T16:46:12+00:00,2026-04-23T12:30:00-04:00,2864,47.7,Lunch,4,Thu,Tue,12,278278,wisely
2026-04-22T03:38:26+00:00,2026-04-23T13:00:00-04:00,2242,37.4,Lunch,2,Thu,Tue,13,278278,wisely
2026-04-22T03:38:28+00:00,2026-04-23T13:00:00-04:00,2242,37.4,Lunch,4,Thu,Tue,13,278278,wisely
2026-04-22T16:45:58+00:00,2026-04-23T13:15:00-04:00,1469,24.5,Lunch,2,Thu,Wed,13,278278,wisely
2026-04-22T16:46:00+00:00,2026-04-23T13:15:00-04:00,1469,24.5,Lunch,4,Thu,Wed,13,278278,wisely
2026-04-22T14:21:36+00:00,2026-04-23T13:30:00-04:00,1628,27.1,Lunch,2,Thu,Wed,13,278278,wisely
2026-04-22T14:21:37+00:00,2026-04-23T13:30:00-04:00,1628,27.1,Lunch,4,Thu,Wed,13,278278,wisely
2026-04-21T05:53:33+00:00,2026-04-23T14:00:00-04:00,3606,60.1,Lunch,2,Thu,Tue,14,278278,wisely
2026-04-21T05:53:34+00:00,2026-04-23T14:00:00-04:00,3606,60.1,Lunch,4,Thu,Tue,14,278278,wisely
2026-04-21T05:53:37+00:00,2026-04-23T14:15:00-04:00,3621,60.4,Lunch,2,Thu,Tue,14,278278,wisely
2026-04-21T05:53:34+00:00,2026-04-23T14:15:00-04:00,3621,60.4,Lunch,4,Thu,Tue,14,278278,wisely
2026-04-21T05:53:38+00:00,2026-04-23T14:30:00-04:00,3636,60.6,Lunch,2,Thu,Tue,14,278278,wisely
2026-04-21T05:53:39+00:00,2026-04-23T14:30:00-04:00,3636,60.6,Lunch,4,Thu,Tue,14,278278,wisely
2026-04-21T22:27:58+00:00,2026-04-23T14:45:00-04:00,2657,44.3,Lunch,2,Thu,Tue,14,278278,wisely
2026-04-21T22:28:00+00:00,2026-04-23T14:45:00-04:00,2657,44.3,Lunch,4,Thu,Tue,14,278278,wisely
2026-04-23T16:05:42+00:00,2026-04-23T15:15:00-04:00,189,3.2,Lunch,2,Thu,Thu,15,278278,wisely
2026-04-23T16:05:43+00:00,2026-04-23T15:15:00-04:00,189,3.2,Lunch,4,Thu,Thu,15,278278,wisely
2026-04-23T18:44:38+00:00,2026-04-23T15:30:00-04:00,45,0.8,Lunch,2,Thu,Thu,15,278278,wisely
2026-04-23T18:44:39+00:00,2026-04-23T15:30:00-04:00,45,0.8,Lunch,4,Thu,Thu,15,278278,wisely
2026-04-22T14:21:24+00:00,2026-04-23T16:45:00-04:00,1824,30.4,Dinner,2,Thu,Wed,16,278278,wisely
2026-04-22T14:21:26+00:00,2026-04-23T16:45:00-04:00,1824,30.4,Dinner,4,Thu,Wed,16,278278,wisely
2026-04-22T22:35:21+00:00,2026-04-23T20:30:00-04:00,1555,25.9,Dinner,2,Thu,Wed,20,278278,wisely
2026-04-22T22:35:23+00:00,2026-04-23T20:30:00-04:00,1555,25.9,Dinner,4,Thu,Wed,20,278278,wisely
2026-04-22T14:21:25+00:00,2026-04-23T21:00:00-04:00,2079,34.6,Dinner,2,Thu,Wed,21,278278,wisely
2026-04-20T19:24:01+00:00,2026-04-23T21:15:00-04:00,4671,77.8,Dinner,2,Thu,Mon,21,278278,wisely
2026-04-22T14:21:26+00:00,2026-04-23T21:15:00-04:00,2094,34.9,Dinner,4,Thu,Wed,21,278278,wisely
2026-04-22T14:21:30+00:00,2026-04-23T21:30:00-04:00,2108,35.1,Dinner,2,Thu,Wed,21,278278,wisely
2026-04-22T16:45:20+00:00,2026-04-23T21:30:00-04:00,1965,32.7,Dinner,4,Thu,Wed,21,278278,wisely
2026-04-22T15:45:47+00:00,2026-04-23T21:45:00-04:00,2039,34.0,Dinner,2,Thu,Wed,21,278278,wisely
2026-04-22T15:45:48+00:00,2026-04-23T21:45:00-04:00,2039,34.0,Dinner,4,Thu,Wed,21,278278,wisely
2026-04-23T14:09:42+00:00,2026-04-24T11:30:00-04:00,1520,25.3,Lunch,2,Fri,Thu,11,278278,wisely
2026-04-23T14:09:43+00:00,2026-04-24T11:30:00-04:00,1520,25.3,Lunch,4,Fri,Thu,11,278278,wisely
2026-04-22T23:32:23+00:00,2026-04-24T11:45:00-04:00,2413,40.2,Lunch,2,Fri,Wed,11,278278,wisely
2026-04-22T23:32:23+00:00,2026-04-24T11:45:00-04:00,2413,40.2,Lunch,4,Fri,Wed,11,278278,wisely
2026-04-23T21:46:07+00:00,2026-04-24T12:15:00-04:00,1109,18.5,Lunch,2,Fri,Thu,12,278278,wisely
2026-04-23T21:46:08+00:00,2026-04-24T12:15:00-04:00,1109,18.5,Lunch,4,Fri,Thu,12,278278,wisely
2026-04-22T05:51:37+00:00,2026-04-24T14:00:00-04:00,3608,60.1,Lunch,2,Fri,Wed,14,278278,wisely
2026-04-22T05:51:38+00:00,2026-04-24T14:00:00-04:00,3608,60.1,Lunch,4,Fri,Wed,14,278278,wisely
2026-04-22T05:51:37+00:00,2026-04-24T14:15:00-04:00,3623,60.4,Lunch,2,Fri,Wed,14,278278,wisely
2026-04-23T21:46:08+00:00,2026-04-24T14:30:00-04:00,1244,20.7,Lunch,2,Fri,Thu,14,278278,wisely
2026-04-23T21:46:09+00:00,2026-04-24T14:30:00-04:00,1244,20.7,Lunch,4,Fri,Thu,14,278278,wisely
2026-04-23T16:06:05+00:00,2026-04-24T15:00:00-04:00,1614,26.9,Lunch,2,Fri,Thu,15,278278,wisely
2026-04-23T16:06:06+00:00,2026-04-24T15:00:00-04:00,1614,26.9,Lunch,4,Fri,Thu,15,278278,wisely
2026-04-22T15:47:07+00:00,2026-04-24T15:15:00-04:00,3088,51.5,Lunch,2,Fri,Wed,15,278278,wisely
2026-04-24T17:15:56+00:00,2026-04-24T15:30:00-04:00,134,2.2,Lunch,2,Fri,Fri,15,278278,wisely
2026-04-24T17:15:57+00:00,2026-04-24T15:30:00-04:00,134,2.2,Lunch,4,Fri,Fri,15,278278,wisely
2026-04-22T21:56:25+00:00,2026-04-24T17:30:00-04:00,2854,47.6,Dinner,2,Fri,Wed,17,278278,wisely
2026-04-23T11:14:16+00:00,2026-04-24T19:15:00-04:00,2161,36.0,Dinner,2,Fri,Thu,19,278278,wisely
2026-04-23T11:14:17+00:00,2026-04-24T19:15:00-04:00,2161,36.0,Dinner,4,Fri,Thu,19,278278,wisely
2026-04-24T18:02:15+00:00,2026-04-24T19:30:00-04:00,328,5.5,Dinner,2,Fri,Fri,19,278278,wisely
2026-04-24T18:02:16+00:00,2026-04-24T19:30:00-04:00,328,5.5,Dinner,4,Fri,Fri,19,278278,wisely
2026-04-23T17:42:51+00:00,2026-04-24T20:45:00-04:00,1862,31.0,Dinner,2,Fri,Thu,20,278278,wisely
2026-04-23T17:42:51+00:00,2026-04-24T20:45:00-04:00,1862,31.0,Dinner,4,Fri,Thu,20,278278,wisely
2026-04-21T17:48:28+00:00,2026-04-24T21:15:00-04:00,4767,79.4,Dinner,2,Fri,Tue,21,278278,wisely
2026-04-21T17:48:28+00:00,2026-04-24T21:15:00-04:00,4767,79.4,Dinner,4,Fri,Tue,21,278278,wisely
2026-04-24T15:22:05+00:00,2026-04-25T11:30:00-04:00,1448,24.1,Lunch,2,Sat,Fri,11,278278,wisely
2026-04-24T15:22:06+00:00,2026-04-25T11:30:00-04:00,1448,24.1,Lunch,4,Sat,Fri,11,278278,wisely
2026-04-24T14:02:56+00:00,2026-04-25T11:45:00-04:00,1542,25.7,Lunch,2,Sat,Fri,11,278278,wisely
2026-04-24T14:02:58+00:00,2026-04-25T11:45:00-04:00,1542,25.7,Lunch,4,Sat,Fri,11,278278,wisely
2026-04-25T02:34:05+00:00,2026-04-25T12:00:00-04:00,806,13.4,Lunch,2,Sat,Fri,12,278278,wisely
2026-04-25T02:34:05+00:00,2026-04-25T12:00:00-04:00,806,13.4,Lunch,4,Sat,Fri,12,278278,wisely
2026-04-24T14:02:57+00:00,2026-04-25T12:45:00-04:00,1602,26.7,Lunch,2,Sat,Fri,12,278278,wisely
2026-04-24T14:02:59+00:00,2026-04-25T12:45:00-04:00,1602,26.7,Lunch,4,Sat,Fri,12,278278,wisely
2026-04-24T14:02:57+00:00,2026-04-25T13:00:00-04:00,1617,27.0,Lunch,2,Sat,Fri,13,278278,wisely
2026-04-24T18:02:50+00:00,2026-04-25T13:00:00-04:00,1377,23.0,Lunch,4,Sat,Fri,13,278278,wisely
2026-04-24T14:03:02+00:00,2026-04-25T13:30:00-04:00,1647,27.4,Lunch,2,Sat,Fri,13,278278,wisely
2026-04-24T14:03:05+00:00,2026-04-25T14:00:00-04:00,1677,27.9,Lunch,2,Sat,Fri,14,278278,wisely
2026-04-24T14:02:59+00:00,2026-04-25T14:00:00-04:00,1677,28.0,Lunch,4,Sat,Fri,14,278278,wisely
2026-04-24T14:03:06+00:00,2026-04-25T14:45:00-04:00,1722,28.7,Lunch,2,Sat,Fri,14,278278,wisely
2026-04-24T14:03:05+00:00,2026-04-25T14:45:00-04:00,1722,28.7,Lunch,4,Sat,Fri,14,278278,wisely
2026-04-24T19:10:45+00:00,2026-04-25T15:00:00-04:00,1429,23.8,Lunch,2,Sat,Fri,15,278278,wisely
2026-04-24T17:16:17+00:00,2026-04-25T15:15:00-04:00,1559,26.0,Lunch,4,Sat,Fri,15,278278,wisely
2026-04-25T04:24:13+00:00,2026-04-25T15:30:00-04:00,906,15.1,Lunch,2,Sat,Sat,15,278278,wisely
2026-04-25T04:24:13+00:00,2026-04-25T15:30:00-04:00,906,15.1,Lunch,4,Sat,Sat,15,278278,wisely
2026-04-23T16:06:29+00:00,2026-04-25T15:45:00-04:00,3099,51.6,Lunch,2,Sat,Thu,15,278278,wisely
2026-04-23T16:06:30+00:00,2026-04-25T15:45:00-04:00,3098,51.6,Lunch,4,Sat,Thu,15,278278,wisely
2026-04-24T12:03:17+00:00,2026-04-25T16:15:00-04:00,1932,32.2,Lunch,2,Sat,Fri,16,278278,wisely
2026-04-24T14:02:42+00:00,2026-04-25T16:45:00-04:00,1842,30.7,Dinner,2,Sat,Fri,16,278278,wisely
2026-04-24T14:02:44+00:00,2026-04-25T16:45:00-04:00,1842,30.7,Dinner,4,Sat,Fri,16,278278,wisely
2026-04-24T15:21:43+00:00,2026-04-25T17:15:00-04:00,1793,29.9,Dinner,2,Sat,Fri,17,278278,wisely
2026-04-24T17:16:05+00:00,2026-04-25T17:45:00-04:00,1709,28.5,Dinner,2,Sat,Fri,17,278278,wisely
2026-04-24T17:16:06+00:00,2026-04-25T17:45:00-04:00,1709,28.5,Dinner,4,Sat,Fri,17,278278,wisely
2026-04-24T15:21:43+00:00,2026-04-25T18:15:00-04:00,1853,30.9,Dinner,2,Sat,Fri,18,278278,wisely
2026-04-24T09:56:08+00:00,2026-04-25T18:30:00-04:00,2194,36.6,Dinner,2,Sat,Fri,18,278278,wisely
2026-04-25T20:54:04+00:00,2026-04-25T20:00:00-04:00,186,3.1,Dinner,2,Sat,Sat,20,278278,wisely
2026-04-25T20:54:04+00:00,2026-04-25T20:00:00-04:00,186,3.1,Dinner,4,Sat,Sat,20,278278,wisely
2026-04-24T18:02:35+00:00,2026-04-25T20:15:00-04:00,1812,30.2,Dinner,2,Sat,Fri,20,278278,wisely
2026-04-24T18:02:35+00:00,2026-04-25T20:15:00-04:00,1812,30.2,Dinner,4,Sat,Fri,20,278278,wisely
2026-04-24T14:02:43+00:00,2026-04-25T20:45:00-04:00,2082,34.7,Dinner,2,Sat,Fri,20,278278,wisely
2026-04-24T14:02:44+00:00,2026-04-25T21:30:00-04:00,2127,35.5,Dinner,2,Sat,Fri,21,278278,wisely
2026-04-24T14:02:45+00:00,2026-04-25T21:30:00-04:00,2127,35.5,Dinner,4,Sat,Fri,21,278278,wisely
2026-04-24T00:09:25+00:00,2026-04-26T01:45:00+00:00,2976,49.6,Dinner,2,Sat,Thu,21,278278,wisely
2026-04-24T00:09:25+00:00,2026-04-26T01:45:00+00:00,2976,49.6,Dinner,4,Sat,Thu,21,278278,wisely
2026-04-24T11:04:30+00:00,2026-04-26T11:30:00-04:00,3145,52.4,Lunch,2,Sun,Fri,11,278278,wisely
2026-04-25T14:57:56+00:00,2026-04-26T12:45:00-04:00,1547,25.8,Lunch,2,Sun,Sat,12,278278,wisely
2026-04-25T14:06:33+00:00,2026-04-26T13:45:00-04:00,1658,27.6,Lunch,2,Sun,Sat,13,278278,wisely
2026-04-25T06:07:17+00:00,2026-04-26T14:15:00-04:00,2168,36.1,Lunch,2,Sun,Sat,14,278278,wisely
2026-04-24T15:22:57+00:00,2026-04-26T14:30:00-04:00,3067,51.1,Lunch,2,Sun,Fri,14,278278,wisely
2026-04-25T14:06:33+00:00,2026-04-26T14:30:00-04:00,1703,28.4,Lunch,4,Sun,Sat,14,278278,wisely
2026-04-25T14:57:56+00:00,2026-04-26T14:45:00-04:00,1667,27.8,Lunch,2,Sun,Sat,14,278278,wisely
2026-04-25T14:57:57+00:00,2026-04-26T14:45:00-04:00,1667,27.8,Lunch,4,Sun,Sat,14,278278,wisely
2026-04-25T15:40:24+00:00,2026-04-26T15:00:00-04:00,1640,27.3,Lunch,2,Sun,Sat,15,278278,wisely
2026-04-25T14:06:37+00:00,2026-04-26T15:15:00-04:00,1748,29.1,Lunch,2,Sun,Sat,15,278278,wisely
2026-04-24T23:55:12+00:00,2026-04-26T20:15:00+00:00,2660,44.3,Lunch,2,Sun,Fri,16,278278,wisely
2026-04-24T23:55:12+00:00,2026-04-26T20:15:00+00:00,2660,44.3,Lunch,4,Sun,Fri,16,278278,wisely
2026-04-26T05:59:21+00:00,2026-04-26T16:45:00-04:00,886,14.8,Dinner,2,Sun,Sun,16,278278,wisely
2026-04-25T14:06:20+00:00,2026-04-26T17:15:00-04:00,1869,31.1,Dinner,2,Sun,Sat,17,278278,wisely
2026-04-25T14:06:21+00:00,2026-04-26T17:15:00-04:00,1869,31.1,Dinner,4,Sun,Sat,17,278278,wisely
2026-04-25T14:06:20+00:00,2026-04-26T18:45:00-04:00,1959,32.6,Dinner,2,Sun,Sat,18,278278,wisely
2026-04-25T14:06:22+00:00,2026-04-26T18:45:00-04:00,1959,32.6,Dinner,4,Sun,Sat,18,278278,wisely
2026-04-25T14:06:21+00:00,2026-04-26T19:45:00-04:00,2019,33.6,Dinner,2,Sun,Sat,19,278278,wisely
2026-04-25T14:06:22+00:00,2026-04-26T19:45:00-04:00,2019,33.6,Dinner,4,Sun,Sat,19,278278,wisely
2026-04-25T14:06:25+00:00,2026-04-26T20:00:00-04:00,2034,33.9,Dinner,2,Sun,Sat,20,278278,wisely
2026-04-25T14:06:26+00:00,2026-04-26T20:00:00-04:00,2034,33.9,Dinner,4,Sun,Sat,20,278278,wisely
2026-04-23T18:45:22+00:00,2026-04-26T20:30:00-04:00,4665,77.7,Dinner,2,Sun,Thu,20,278278,wisely
2026-04-23T18:45:23+00:00,2026-04-26T20:30:00-04:00,4665,77.7,Dinner,4,Sun,Thu,20,278278,wisely
2026-04-25T15:40:11+00:00,2026-04-26T20:45:00-04:00,1985,33.1,Dinner,2,Sun,Sat,20,278278,wisely
2026-04-25T15:40:12+00:00,2026-04-26T20:45:00-04:00,1985,33.1,Dinner,4,Sun,Sat,20,278278,wisely
2026-04-26T15:54:18+00:00,2026-04-26T21:00:00-04:00,546,9.1,Dinner,2,Sun,Sun,21,278278,wisely
2026-04-24T19:11:13+00:00,2026-04-26T21:15:00-04:00,3244,54.1,Dinner,2,Sun,Fri,21,278278,wisely
2026-04-24T19:11:13+00:00,2026-04-26T21:15:00-04:00,3244,54.1,Dinner,4,Sun,Fri,21,278278,wisely
2026-04-25T04:24:56+00:00,2026-04-27T11:30:00-04:00,3545,59.1,Lunch,2,Mon,Sat,11,278278,wisely
2026-04-25T04:24:58+00:00,2026-04-27T11:30:00-04:00,3545,59.1,Lunch,4,Mon,Sat,11,278278,wisely
2026-04-25T04:24:57+00:00,2026-04-27T11:45:00-04:00,3560,59.3,Lunch,2,Mon,Sat,11,278278,wisely
2026-04-25T04:24:58+00:00,2026-04-27T11:45:00-04:00,3560,59.3,Lunch,4,Mon,Sat,11,278278,wisely
2026-04-25T04:24:57+00:00,2026-04-27T12:00:00-04:00,3575,59.6,Lunch,2,Mon,Sat,12,278278,wisely
2026-04-25T04:24:59+00:00,2026-04-27T12:00:00-04:00,3575,59.6,Lunch,4,Mon,Sat,12,278278,wisely
2026-04-25T04:25:00+00:00,2026-04-27T12:45:00-04:00,3620,60.3,Lunch,2,Mon,Sat,12,278278,wisely
2026-04-25T04:25:01+00:00,2026-04-27T13:00:00-04:00,3635,60.6,Lunch,2,Mon,Sat,13,278278,wisely
2026-04-25T04:25:01+00:00,2026-04-27T13:15:00-04:00,3650,60.8,Lunch,2,Mon,Sat,13,278278,wisely
2026-04-25T04:25:04+00:00,2026-04-27T13:45:00-04:00,3680,61.3,Lunch,2,Mon,Sat,13,278278,wisely
2026-04-25T04:25:02+00:00,2026-04-27T13:45:00-04:00,3680,61.3,Lunch,4,Mon,Sat,13,278278,wisely
2026-04-25T04:25:05+00:00,2026-04-27T14:00:00-04:00,3695,61.6,Lunch,2,Mon,Sat,14,278278,wisely
2026-04-25T04:25:02+00:00,2026-04-27T14:00:00-04:00,3695,61.6,Lunch,4,Mon,Sat,14,278278,wisely
2026-04-25T04:25:06+00:00,2026-04-27T14:15:00-04:00,3710,61.8,Lunch,2,Mon,Sat,14,278278,wisely
2026-04-25T04:25:03+00:00,2026-04-27T14:15:00-04:00,3710,61.8,Lunch,4,Mon,Sat,14,278278,wisely
2026-04-27T13:05:19+00:00,2026-04-27T14:30:00-04:00,325,5.4,Lunch,2,Mon,Mon,14,278278,wisely
2026-04-27T13:05:20+00:00,2026-04-27T14:30:00-04:00,325,5.4,Lunch,4,Mon,Mon,14,278278,wisely
2026-04-27T15:16:59+00:00,2026-04-27T14:45:00-04:00,208,3.5,Lunch,2,Mon,Mon,14,278278,wisely
2026-04-27T15:17:00+00:00,2026-04-27T14:45:00-04:00,208,3.5,Lunch,4,Mon,Mon,14,278278,wisely
2026-04-27T16:58:02+00:00,2026-04-27T15:00:00-04:00,122,2.0,Lunch,2,Mon,Mon,15,278278,wisely
2026-04-27T16:58:04+00:00,2026-04-27T15:00:00-04:00,122,2.0,Lunch,4,Mon,Mon,15,278278,wisely
2026-04-27T18:04:19+00:00,2026-04-27T15:15:00-04:00,71,1.2,Lunch,2,Mon,Mon,15,278278,wisely
2026-04-27T18:04:21+00:00,2026-04-27T15:15:00-04:00,71,1.2,Lunch,4,Mon,Mon,15,278278,wisely
2026-04-26T15:00:58+00:00,2026-04-27T16:30:00-04:00,1769,29.5,Dinner,2,Mon,Sun,16,278278,wisely
2026-04-26T14:10:41+00:00,2026-04-27T16:45:00-04:00,1834,30.6,Dinner,2,Mon,Sun,16,278278,wisely
2026-04-26T14:10:43+00:00,2026-04-27T16:45:00-04:00,1834,30.6,Dinner,4,Mon,Sun,16,278278,wisely
2026-04-26T14:10:41+00:00,2026-04-27T17:00:00-04:00,1849,30.8,Dinner,2,Mon,Sun,17,278278,wisely
2026-04-26T19:10:55+00:00,2026-04-27T17:00:00-04:00,1549,25.8,Dinner,4,Mon,Sun,17,278278,wisely
2026-04-26T14:10:42+00:00,2026-04-27T17:15:00-04:00,1864,31.1,Dinner,2,Mon,Sun,17,278278,wisely
2026-04-26T14:10:44+00:00,2026-04-27T17:15:00-04:00,1864,31.1,Dinner,4,Mon,Sun,17,278278,wisely
2026-04-26T14:10:45+00:00,2026-04-27T17:30:00-04:00,1879,31.3,Dinner,2,Mon,Sun,17,278278,wisely
2026-04-27T09:39:36+00:00,2026-04-27T17:45:00-04:00,725,12.1,Dinner,2,Mon,Mon,17,278278,wisely
2026-04-26T16:34:45+00:00,2026-04-27T19:00:00-04:00,1825,30.4,Dinner,2,Mon,Sun,19,278278,wisely
2026-04-26T16:34:46+00:00,2026-04-27T19:15:00-04:00,1840,30.7,Dinner,2,Mon,Sun,19,278278,wisely
2026-04-25T20:05:13+00:00,2026-04-27T19:30:00-04:00,3085,51.4,Dinner,2,Mon,Sat,19,278278,wisely
2026-04-26T15:01:15+00:00,2026-04-27T20:15:00-04:00,1994,33.2,Dinner,2,Mon,Sun,20,278278,wisely
2026-04-26T15:01:01+00:00,2026-04-27T20:15:00-04:00,1994,33.2,Dinner,4,Mon,Sun,20,278278,wisely
2026-04-26T23:34:09+00:00,2026-04-27T20:30:00-04:00,1496,24.9,Dinner,2,Mon,Sun,20,278278,wisely
2026-04-26T23:34:10+00:00,2026-04-27T20:30:00-04:00,1496,24.9,Dinner,4,Mon,Sun,20,278278,wisely
2026-04-26T14:10:48+00:00,2026-04-27T20:45:00-04:00,2074,34.6,Dinner,2,Mon,Sun,20,278278,wisely
2026-04-26T14:10:44+00:00,2026-04-27T20:45:00-04:00,2074,34.6,Dinner,4,Mon,Sun,20,278278,wisely
2026-04-26T15:54:52+00:00,2026-04-27T21:00:00-04:00,1985,33.1,Dinner,2,Mon,Sun,21,278278,wisely
2026-04-26T15:54:41+00:00,2026-04-27T21:00:00-04:00,1985,33.1,Dinner,4,Mon,Sun,21,278278,wisely
2026-04-26T21:51:57+00:00,2026-04-27T21:15:00-04:00,1643,27.4,Dinner,2,Mon,Sun,21,278278,wisely
2026-04-26T21:51:57+00:00,2026-04-27T21:15:00-04:00,1643,27.4,Dinner,4,Mon,Sun,21,278278,wisely
2026-04-24T20:00:52+00:00,2026-04-27T21:30:00-04:00,4649,77.5,Dinner,2,Mon,Fri,21,278278,wisely
2026-04-24T20:00:53+00:00,2026-04-27T21:30:00-04:00,4649,77.5,Dinner,4,Mon,Fri,21,278278,wisely
2026-04-24T06:00:41+00:00,2026-04-27T21:45:00-04:00,5504,91.7,Dinner,2,Mon,Fri,21,278278,wisely
2026-04-24T06:00:42+00:00,2026-04-27T21:45:00-04:00,5504,91.7,Dinner,4,Mon,Fri,21,278278,wisely
2026-04-26T06:00:34+00:00,2026-04-28T11:30:00-04:00,3449,57.5,Lunch,2,Tue,Sun,11,278278,wisely
2026-04-26T06:00:35+00:00,2026-04-28T11:30:00-04:00,3449,57.5,Lunch,4,Tue,Sun,11,278278,wisely
2026-04-27T15:17:27+00:00,2026-04-28T12:00:00-04:00,1483,24.7,Lunch,2,Tue,Mon,12,278278,wisely
2026-04-27T15:17:28+00:00,2026-04-28T12:00:00-04:00,1483,24.7,Lunch,4,Tue,Mon,12,278278,wisely
2026-04-26T06:00:34+00:00,2026-04-28T13:45:00-04:00,3584,59.7,Lunch,2,Tue,Sun,13,278278,wisely
2026-04-26T06:00:35+00:00,2026-04-28T13:45:00-04:00,3584,59.7,Lunch,4,Tue,Sun,13,278278,wisely
2026-04-26T06:00:34+00:00,2026-04-28T14:00:00-04:00,3599,60.0,Lunch,2,Tue,Sun,14,278278,wisely
2026-04-26T06:00:36+00:00,2026-04-28T14:00:00-04:00,3599,60.0,Lunch,4,Tue,Sun,14,278278,wisely
2026-04-26T06:00:39+00:00,2026-04-28T14:15:00-04:00,3614,60.2,Lunch,2,Tue,Sun,14,278278,wisely
2026-04-26T06:00:40+00:00,2026-04-28T14:15:00-04:00,3614,60.2,Lunch,4,Tue,Sun,14,278278,wisely
2026-04-28T07:23:58+00:00,2026-04-28T14:30:00-04:00,666,11.1,Lunch,2,Tue,Tue,14,278278,wisely
2026-04-28T07:23:59+00:00,2026-04-28T14:30:00-04:00,666,11.1,Lunch,4,Tue,Tue,14,278278,wisely
2026-04-28T13:13:58+00:00,2026-04-28T14:45:00-04:00,331,5.5,Lunch,2,Tue,Tue,14,278278,wisely
2026-04-28T15:40:00+00:00,2026-04-28T15:00:00-04:00,200,3.3,Lunch,2,Tue,Tue,15,278278,wisely
2026-04-28T15:40:01+00:00,2026-04-28T15:45:00-04:00,245,4.1,Lunch,2,Tue,Tue,15,278278,wisely
2026-04-27T18:04:46+00:00,2026-04-28T16:30:00-04:00,1585,26.4,Dinner,2,Tue,Mon,16,278278,wisely
2026-04-27T18:04:48+00:00,2026-04-28T16:30:00-04:00,1585,26.4,Dinner,4,Tue,Mon,16,278278,wisely
2026-04-27T15:17:04+00:00,2026-04-28T16:45:00-04:00,1768,29.5,Dinner,2,Tue,Mon,16,278278,wisely
2026-04-27T15:17:06+00:00,2026-04-28T16:45:00-04:00,1768,29.5,Dinner,4,Tue,Mon,16,278278,wisely
2026-04-27T01:52:31+00:00,2026-04-28T17:00:00-04:00,2587,43.1,Dinner,2,Tue,Sun,17,278278,wisely
2026-04-27T01:52:32+00:00,2026-04-28T17:00:00-04:00,2587,43.1,Dinner,4,Tue,Sun,17,278278,wisely
2026-04-26T21:06:37+00:00,2026-04-28T17:15:00-04:00,2888,48.1,Dinner,2,Tue,Sun,17,278278,wisely
2026-04-27T11:26:38+00:00,2026-04-28T17:45:00-04:00,2058,34.3,Dinner,2,Tue,Mon,17,278278,wisely
2026-04-28T01:15:08+00:00,2026-04-28T20:15:00-04:00,1380,23.0,Dinner,2,Tue,Mon,20,278278,wisely
2026-04-27T15:17:05+00:00,2026-04-28T20:45:00-04:00,2008,33.5,Dinner,2,Tue,Mon,20,278278,wisely
2026-04-27T20:45:25+00:00,2026-04-28T20:45:00-04:00,1680,28.0,Dinner,4,Tue,Mon,20,278278,wisely
2026-04-27T15:17:05+00:00,2026-04-28T21:00:00-04:00,2023,33.7,Dinner,2,Tue,Mon,21,278278,wisely
2026-04-27T15:17:14+00:00,2026-04-28T21:15:00-04:00,2038,34.0,Dinner,2,Tue,Mon,21,278278,wisely
2026-04-27T15:17:06+00:00,2026-04-28T21:15:00-04:00,2038,34.0,Dinner,4,Tue,Mon,21,278278,wisely
2026-04-25T14:07:13+00:00,2026-04-28T21:30:00-04:00,5003,83.4,Dinner,2,Tue,Sat,21,278278,wisely
2026-04-25T14:07:13+00:00,2026-04-28T21:30:00-04:00,5003,83.4,Dinner,4,Tue,Sat,21,278278,wisely
2026-04-25T04:25:06+00:00,2026-04-28T21:45:00-04:00,5600,93.3,Dinner,2,Tue,Sat,21,278278,wisely
2026-04-25T04:25:07+00:00,2026-04-28T21:45:00-04:00,5600,93.3,Dinner,4,Tue,Sat,21,278278,wisely
2026-04-27T04:56:14+00:00,2026-04-29T11:30:00-04:00,3514,58.6,Lunch,2,Wed,Mon,11,278278,wisely
2026-04-27T04:56:15+00:00,2026-04-29T11:30:00-04:00,3514,58.6,Lunch,4,Wed,Mon,11,278278,wisely
2026-04-28T00:06:09+00:00,2026-04-29T11:45:00-04:00,2379,39.6,Lunch,2,Wed,Mon,11,278278,wisely
2026-04-28T00:06:10+00:00,2026-04-29T11:45:00-04:00,2379,39.6,Lunch,4,Wed,Mon,11,278278,wisely
2026-04-27T20:46:22+00:00,2026-04-29T12:15:00-04:00,2609,43.5,Lunch,2,Wed,Mon,12,278278,wisely
2026-04-27T20:46:23+00:00,2026-04-29T12:15:00-04:00,2609,43.5,Lunch,4,Wed,Mon,12,278278,wisely
2026-04-28T17:19:55+00:00,2026-04-29T12:45:00-04:00,1405,23.4,Lunch,2,Wed,Tue,12,278278,wisely
2026-04-28T17:19:56+00:00,2026-04-29T12:45:00-04:00,1405,23.4,Lunch,4,Wed,Tue,12,278278,wisely
2026-04-28T15:40:28+00:00,2026-04-29T13:15:00-04:00,1535,25.6,Lunch,2,Wed,Tue,13,278278,wisely
2026-04-28T15:40:29+00:00,2026-04-29T13:15:00-04:00,1535,25.6,Lunch,4,Wed,Tue,13,278278,wisely
2026-04-27T04:56:14+00:00,2026-04-29T14:00:00-04:00,3664,61.1,Lunch,2,Wed,Mon,14,278278,wisely
2026-04-27T04:56:15+00:00,2026-04-29T14:00:00-04:00,3664,61.1,Lunch,4,Wed,Mon,14,278278,wisely
2026-04-27T04:56:15+00:00,2026-04-29T14:15:00-04:00,3679,61.3,Lunch,2,Wed,Mon,14,278278,wisely
2026-04-27T04:56:16+00:00,2026-04-29T14:15:00-04:00,3679,61.3,Lunch,4,Wed,Mon,14,278278,wisely
2026-04-27T04:56:20+00:00,2026-04-29T14:30:00-04:00,3694,61.6,Lunch,2,Wed,Mon,14,278278,wisely
2026-04-27T04:56:20+00:00,2026-04-29T14:30:00-04:00,3694,61.6,Lunch,4,Wed,Mon,14,278278,wisely
2026-04-29T04:41:24+00:00,2026-04-29T14:45:00-04:00,844,14.1,Lunch,2,Wed,Wed,14,278278,wisely
2026-04-29T04:41:26+00:00,2026-04-29T14:45:00-04:00,844,14.1,Lunch,4,Wed,Wed,14,278278,wisely
2026-04-29T18:08:29+00:00,2026-04-29T15:00:00-04:00,52,0.9,Lunch,2,Wed,Wed,15,278278,wisely
2026-04-29T18:08:31+00:00,2026-04-29T15:00:00-04:00,51,0.9,Lunch,4,Wed,Wed,15,278278,wisely
2026-04-28T13:14:16+00:00,2026-04-29T16:30:00-04:00,1876,31.3,Dinner,2,Wed,Tue,16,278278,wisely
2026-04-28T15:40:08+00:00,2026-04-29T16:30:00-04:00,1730,28.8,Dinner,4,Wed,Tue,16,278278,wisely
2026-04-28T15:40:07+00:00,2026-04-29T16:45:00-04:00,1745,29.1,Dinner,2,Wed,Tue,16,278278,wisely
2026-04-28T15:40:08+00:00,2026-04-29T16:45:00-04:00,1745,29.1,Dinner,4,Wed,Tue,16,278278,wisely
2026-04-27T04:56:03+00:00,2026-04-29T17:00:00-04:00,3844,64.1,Dinner,2,Wed,Mon,17,278278,wisely
2026-04-27T04:56:03+00:00,2026-04-29T17:00:00-04:00,3844,64.1,Dinner,4,Wed,Mon,17,278278,wisely
2026-04-28T21:08:38+00:00,2026-04-29T19:45:00-04:00,1596,26.6,Dinner,2,Wed,Tue,19,278278,wisely
2026-04-28T21:08:39+00:00,2026-04-29T19:45:00-04:00,1596,26.6,Dinner,4,Wed,Tue,19,278278,wisely
2026-04-26T13:13:24+00:00,2026-04-29T21:15:00-04:00,5042,84.0,Dinner,2,Wed,Sun,21,278278,wisely
2026-04-26T13:13:25+00:00,2026-04-29T21:15:00-04:00,5042,84.0,Dinner,4,Wed,Sun,21,278278,wisely
2026-04-28T23:31:07+00:00,2026-04-29T21:30:00-04:00,1559,26.0,Dinner,2,Wed,Tue,21,278278,wisely
2026-04-28T23:31:08+00:00,2026-04-29T21:30:00-04:00,1559,26.0,Dinner,4,Wed,Tue,21,278278,wisely
2026-04-27T20:46:11+00:00,2026-04-29T21:45:00-04:00,3179,53.0,Dinner,2,Wed,Mon,21,278278,wisely
2026-04-27T20:46:11+00:00,2026-04-29T21:45:00-04:00,3179,53.0,Dinner,4,Wed,Mon,21,278278,wisely
2026-04-28T18:57:35+00:00,2026-04-30T11:30:00-04:00,2672,44.5,Lunch,2,Thu,Tue,11,278278,wisely
2026-04-28T18:57:36+00:00,2026-04-30T11:30:00-04:00,2672,44.5,Lunch,4,Thu,Tue,11,278278,wisely
2026-04-29T19:51:14+00:00,2026-04-30T12:30:00-04:00,1239,20.6,Lunch,2,Thu,Wed,12,278278,wisely
2026-04-28T18:57:35+00:00,2026-04-30T12:45:00-04:00,2747,45.8,Lunch,2,Thu,Tue,12,278278,wisely
2026-04-28T18:57:36+00:00,2026-04-30T12:45:00-04:00,2747,45.8,Lunch,4,Thu,Tue,12,278278,wisely
2026-04-29T15:13:04+00:00,2026-04-30T13:00:00-04:00,1547,25.8,Lunch,2,Thu,Wed,13,278278,wisely
2026-04-28T20:14:21+00:00,2026-04-30T13:15:00-04:00,2701,45.0,Lunch,2,Thu,Tue,13,278278,wisely
2026-04-29T15:13:05+00:00,2026-04-30T13:15:00-04:00,1562,26.0,Lunch,4,Thu,Wed,13,278278,wisely
2026-04-29T15:13:13+00:00,2026-04-30T13:30:00-04:00,1577,26.3,Lunch,2,Thu,Wed,13,278278,wisely
2026-04-29T15:13:05+00:00,2026-04-30T13:30:00-04:00,1577,26.3,Lunch,4,Thu,Wed,13,278278,wisely
2026-04-28T04:45:57+00:00,2026-04-30T13:45:00-04:00,3659,61.0,Lunch,2,Thu,Tue,13,278278,wisely
2026-04-28T04:45:58+00:00,2026-04-30T13:45:00-04:00,3659,61.0,Lunch,4,Thu,Tue,13,278278,wisely
2026-04-28T04:45:58+00:00,2026-04-30T14:00:00-04:00,3674,61.2,Lunch,2,Thu,Tue,14,278278,wisely
2026-04-28T04:45:58+00:00,2026-04-30T14:00:00-04:00,3674,61.2,Lunch,4,Thu,Tue,14,278278,wisely
2026-04-28T04:45:58+00:00,2026-04-30T14:15:00-04:00,3689,61.5,Lunch,2,Thu,Tue,14,278278,wisely
2026-04-28T04:45:58+00:00,2026-04-30T14:15:00-04:00,3689,61.5,Lunch,4,Thu,Tue,14,278278,wisely
2026-04-28T11:27:59+00:00,2026-04-30T14:30:00-04:00,3302,55.0,Lunch,2,Thu,Tue,14,278278,wisely
2026-04-28T11:28:00+00:00,2026-04-30T14:30:00-04:00,3302,55.0,Lunch,4,Thu,Tue,14,278278,wisely
2026-04-28T11:27:59+00:00,2026-04-30T14:45:00-04:00,3317,55.3,Lunch,2,Thu,Tue,14,278278,wisely
2026-04-28T11:28:00+00:00,2026-04-30T14:45:00-04:00,3317,55.3,Lunch,4,Thu,Tue,14,278278,wisely
2026-04-29T20:46:22+00:00,2026-04-30T15:00:00-04:00,1334,22.2,Lunch,4,Thu,Wed,15,278278,wisely
2026-04-28T18:57:24+00:00,2026-04-30T16:30:00-04:00,2973,49.5,Dinner,2,Thu,Tue,16,278278,wisely
2026-04-28T18:57:25+00:00,2026-04-30T16:30:00-04:00,2973,49.5,Dinner,4,Thu,Tue,16,278278,wisely
2026-04-29T15:12:48+00:00,2026-04-30T16:45:00-04:00,1772,29.5,Dinner,2,Thu,Wed,16,278278,wisely
2026-04-29T15:12:49+00:00,2026-04-30T16:45:00-04:00,1772,29.5,Dinner,4,Thu,Wed,16,278278,wisely
2026-04-29T15:12:49+00:00,2026-04-30T17:00:00-04:00,1787,29.8,Dinner,2,Thu,Wed,17,278278,wisely
2026-04-29T15:12:50+00:00,2026-04-30T17:00:00-04:00,1787,29.8,Dinner,4,Thu,Wed,17,278278,wisely
2026-04-29T19:50:59+00:00,2026-04-30T17:15:00-04:00,1524,25.4,Dinner,2,Thu,Wed,17,278278,wisely
2026-04-29T19:51:02+00:00,2026-04-30T17:15:00-04:00,1524,25.4,Dinner,4,Thu,Wed,17,278278,wisely
2026-04-29T15:12:51+00:00,2026-04-30T17:30:00-04:00,1817,30.3,Dinner,2,Thu,Wed,17,278278,wisely
2026-04-29T20:45:31+00:00,2026-04-30T20:45:00-04:00,1679,28.0,Dinner,2,Thu,Wed,20,278278,wisely
2026-04-30T01:22:05+00:00,2026-04-30T21:00:00-04:00,1418,23.6,Dinner,2,Thu,Wed,21,278278,wisely
2026-04-30T01:22:06+00:00,2026-04-30T21:00:00-04:00,1418,23.6,Dinner,4,Thu,Wed,21,278278,wisely
2026-04-29T15:12:56+00:00,2026-04-30T21:15:00-04:00,2042,34.0,Dinner,2,Thu,Wed,21,278278,wisely
2026-04-29T15:12:55+00:00,2026-04-30T21:15:00-04:00,2042,34.0,Dinner,4,Thu,Wed,21,278278,wisely
2026-04-28T15:40:46+00:00,2026-04-30T21:30:00-04:00,3469,57.8,Dinner,2,Thu,Tue,21,278278,wisely
2026-04-29T15:12:57+00:00,2026-04-30T21:30:00-04:00,2057,34.3,Dinner,4,Thu,Wed,21,278278,wisely
2026-04-29T15:12:58+00:00,2026-04-30T21:45:00-04:00,2072,34.5,Dinner,2,Thu,Wed,21,278278,wisely
2026-04-29T15:12:58+00:00,2026-04-30T21:45:00-04:00,2072,34.5,Dinner,4,Thu,Wed,21,278278,wisely
