seen_at_iso,slot_at_iso,lead_minutes,lead_hours,service,party_size,weekday_slot,weekday_seen,hour_slot,merchant_id,source
2026-05-30T05:12:36+00:00,2026-06-01T11:30:00-04:00,3497,58.3,Lunch,2,Mon,Sat,11,278278,wisely
2026-05-30T05:12:37+00:00,2026-06-01T11:30:00-04:00,3497,58.3,Lunch,4,Mon,Sat,11,278278,wisely
2026-05-30T05:12:36+00:00,2026-06-01T11:45:00-04:00,3512,58.5,Lunch,2,Mon,Sat,11,278278,wisely
2026-05-30T05:12:38+00:00,2026-06-01T11:45:00-04:00,3512,58.5,Lunch,4,Mon,Sat,11,278278,wisely
2026-06-01T10:34:41+00:00,2026-06-01T12:30:00-04:00,355,5.9,Lunch,2,Mon,Mon,12,278278,wisely
2026-05-30T05:12:37+00:00,2026-06-01T12:45:00-04:00,3572,59.5,Lunch,2,Mon,Sat,12,278278,wisely
2026-05-31T15:07:06+00:00,2026-06-01T13:00:00-04:00,1553,25.9,Lunch,2,Mon,Sun,13,278278,wisely
2026-05-30T05:12:40+00:00,2026-06-01T13:15:00-04:00,3602,60.0,Lunch,2,Mon,Sat,13,278278,wisely
2026-05-30T05:12:41+00:00,2026-06-01T13:30:00-04:00,3617,60.3,Lunch,2,Mon,Sat,13,278278,wisely
2026-05-31T16:21:57+00:00,2026-06-01T13:30:00-04:00,1508,25.1,Lunch,4,Mon,Sun,13,278278,wisely
2026-05-30T05:12:43+00:00,2026-06-01T13:45:00-04:00,3632,60.5,Lunch,2,Mon,Sat,13,278278,wisely
2026-06-01T01:36:42+00:00,2026-06-01T13:45:00-04:00,968,16.1,Lunch,4,Mon,Sun,13,278278,wisely
2026-05-30T05:12:44+00:00,2026-06-01T14:00:00-04:00,3647,60.8,Lunch,2,Mon,Sat,14,278278,wisely
2026-05-30T05:12:38+00:00,2026-06-01T14:00:00-04:00,3647,60.8,Lunch,4,Mon,Sat,14,278278,wisely
2026-05-30T05:12:45+00:00,2026-06-01T14:15:00-04:00,3662,61.0,Lunch,2,Mon,Sat,14,278278,wisely
2026-05-30T05:12:42+00:00,2026-06-01T14:15:00-04:00,3662,61.0,Lunch,4,Mon,Sat,14,278278,wisely
2026-06-01T16:26:35+00:00,2026-06-01T14:30:00-04:00,123,2.1,Lunch,2,Mon,Mon,14,278278,wisely
2026-05-30T05:12:43+00:00,2026-06-01T14:30:00-04:00,3677,61.3,Lunch,4,Mon,Sat,14,278278,wisely
2026-06-01T16:26:35+00:00,2026-06-01T14:45:00-04:00,138,2.3,Lunch,2,Mon,Mon,14,278278,wisely
2026-06-01T16:26:37+00:00,2026-06-01T14:45:00-04:00,138,2.3,Lunch,4,Mon,Mon,14,278278,wisely
2026-05-31T15:06:46+00:00,2026-06-01T16:30:00-04:00,1763,29.4,Dinner,2,Mon,Sun,16,278278,wisely
2026-05-31T15:06:47+00:00,2026-06-01T16:30:00-04:00,1763,29.4,Dinner,4,Mon,Sun,16,278278,wisely
2026-05-29T14:29:17+00:00,2026-06-01T16:45:00-04:00,4696,78.3,Dinner,2,Mon,Fri,16,278278,wisely
2026-05-29T14:29:18+00:00,2026-06-01T16:45:00-04:00,4696,78.3,Dinner,4,Mon,Fri,16,278278,wisely
2026-05-31T15:06:46+00:00,2026-06-01T17:00:00-04:00,1793,29.9,Dinner,2,Mon,Sun,17,278278,wisely
2026-05-31T15:06:47+00:00,2026-06-01T17:00:00-04:00,1793,29.9,Dinner,4,Mon,Sun,17,278278,wisely
2026-05-31T10:24:12+00:00,2026-06-01T17:15:00-04:00,2091,34.8,Dinner,2,Mon,Sun,17,278278,wisely
2026-05-31T10:24:14+00:00,2026-06-01T17:15:00-04:00,2091,34.8,Dinner,4,Mon,Sun,17,278278,wisely
2026-05-31T15:06:48+00:00,2026-06-01T17:30:00-04:00,1823,30.4,Dinner,2,Mon,Sun,17,278278,wisely
2026-05-29T17:51:05+00:00,2026-06-01T17:45:00-04:00,4554,75.9,Dinner,2,Mon,Fri,17,278278,wisely
2026-05-29T17:51:06+00:00,2026-06-01T17:45:00-04:00,4554,75.9,Dinner,4,Mon,Fri,17,278278,wisely
2026-05-29T08:28:42+00:00,2026-06-01T18:00:00-04:00,5131,85.5,Dinner,2,Mon,Fri,18,278278,wisely
2026-05-31T15:06:51+00:00,2026-06-01T18:00:00-04:00,1853,30.9,Dinner,4,Mon,Sun,18,278278,wisely
2026-05-31T18:48:49+00:00,2026-06-01T19:00:00-04:00,1691,28.2,Dinner,2,Mon,Sun,19,278278,wisely
2026-05-31T18:48:51+00:00,2026-06-01T19:00:00-04:00,1691,28.2,Dinner,4,Mon,Sun,19,278278,wisely
2026-05-31T04:55:07+00:00,2026-06-01T20:00:00-04:00,2585,43.1,Dinner,2,Mon,Sun,20,278278,wisely
2026-05-31T15:06:52+00:00,2026-06-01T20:00:00-04:00,1973,32.9,Dinner,4,Mon,Sun,20,278278,wisely
2026-05-31T15:06:53+00:00,2026-06-01T20:15:00-04:00,1988,33.1,Dinner,2,Mon,Sun,20,278278,wisely
2026-05-31T16:21:05+00:00,2026-06-01T20:30:00-04:00,1929,32.1,Dinner,2,Mon,Sun,20,278278,wisely
2026-05-31T15:06:54+00:00,2026-06-01T20:45:00-04:00,2018,33.6,Dinner,2,Mon,Sun,20,278278,wisely
2026-05-31T15:06:55+00:00,2026-06-01T20:45:00-04:00,2018,33.6,Dinner,4,Mon,Sun,20,278278,wisely
2026-05-31T15:06:57+00:00,2026-06-01T21:00:00-04:00,2033,33.9,Dinner,2,Mon,Sun,21,278278,wisely
2026-05-31T15:06:55+00:00,2026-06-01T21:00:00-04:00,2033,33.9,Dinner,4,Mon,Sun,21,278278,wisely
2026-05-31T10:24:13+00:00,2026-06-01T21:15:00-04:00,2331,38.8,Dinner,2,Mon,Sun,21,278278,wisely
2026-05-31T10:24:14+00:00,2026-06-01T21:15:00-04:00,2331,38.8,Dinner,4,Mon,Sun,21,278278,wisely
2026-05-29T04:39:27+00:00,2026-06-01T21:45:00-04:00,5586,93.1,Dinner,2,Mon,Fri,21,278278,wisely
2026-05-29T04:39:27+00:00,2026-06-01T21:45:00-04:00,5586,93.1,Dinner,4,Mon,Fri,21,278278,wisely
2026-05-31T04:55:38+00:00,2026-06-02T11:30:00-04:00,3514,58.6,Lunch,2,Tue,Sun,11,278278,wisely
2026-05-31T04:55:38+00:00,2026-06-02T11:30:00-04:00,3514,58.6,Lunch,4,Tue,Sun,11,278278,wisely
2026-05-31T04:55:38+00:00,2026-06-02T13:15:00-04:00,3619,60.3,Lunch,2,Tue,Sun,13,278278,wisely
2026-05-31T04:55:39+00:00,2026-06-02T13:15:00-04:00,3619,60.3,Lunch,4,Tue,Sun,13,278278,wisely
2026-05-31T04:55:38+00:00,2026-06-02T13:30:00-04:00,3634,60.6,Lunch,2,Tue,Sun,13,278278,wisely
2026-05-31T04:55:39+00:00,2026-06-02T13:30:00-04:00,3634,60.6,Lunch,4,Tue,Sun,13,278278,wisely
2026-05-31T04:55:41+00:00,2026-06-02T13:45:00-04:00,3649,60.8,Lunch,2,Tue,Sun,13,278278,wisely
2026-05-31T04:55:42+00:00,2026-06-02T13:45:00-04:00,3649,60.8,Lunch,4,Tue,Sun,13,278278,wisely
2026-05-31T04:55:44+00:00,2026-06-02T14:00:00-04:00,3664,61.1,Lunch,2,Tue,Sun,14,278278,wisely
2026-05-31T04:55:44+00:00,2026-06-02T14:00:00-04:00,3664,61.1,Lunch,4,Tue,Sun,14,278278,wisely
2026-05-31T04:55:44+00:00,2026-06-02T14:15:00-04:00,3679,61.3,Lunch,2,Tue,Sun,14,278278,wisely
2026-05-31T04:55:45+00:00,2026-06-02T14:15:00-04:00,3679,61.3,Lunch,4,Tue,Sun,14,278278,wisely
2026-06-02T17:11:29+00:00,2026-06-02T14:30:00-04:00,79,1.3,Lunch,2,Tue,Tue,14,278278,wisely
2026-06-02T17:11:30+00:00,2026-06-02T14:30:00-04:00,78,1.3,Lunch,4,Tue,Tue,14,278278,wisely
2026-06-02T17:11:29+00:00,2026-06-02T14:45:00-04:00,94,1.6,Lunch,2,Tue,Tue,14,278278,wisely
2026-06-02T17:11:31+00:00,2026-06-02T14:45:00-04:00,93,1.6,Lunch,4,Tue,Tue,14,278278,wisely
2026-05-31T18:49:39+00:00,2026-06-02T16:30:00-04:00,2980,49.7,Dinner,2,Tue,Sun,16,278278,wisely
2026-05-31T18:49:39+00:00,2026-06-02T16:30:00-04:00,2980,49.7,Dinner,4,Tue,Sun,16,278278,wisely
2026-06-02T12:49:41+00:00,2026-06-02T17:00:00-04:00,490,8.2,Dinner,2,Tue,Tue,17,278278,wisely
2026-06-02T12:49:43+00:00,2026-06-02T17:00:00-04:00,490,8.2,Dinner,4,Tue,Tue,17,278278,wisely
2026-06-02T12:49:42+00:00,2026-06-02T17:15:00-04:00,505,8.4,Dinner,2,Tue,Tue,17,278278,wisely
2026-06-01T20:44:02+00:00,2026-06-02T20:15:00-04:00,1651,27.5,Dinner,2,Tue,Mon,20,278278,wisely
2026-06-01T20:44:06+00:00,2026-06-02T20:15:00-04:00,1651,27.5,Dinner,4,Tue,Mon,20,278278,wisely
2026-05-31T23:18:04+00:00,2026-06-03T00:30:00+00:00,2952,49.2,Dinner,2,Tue,Sun,20,278278,wisely
2026-05-31T23:18:05+00:00,2026-06-03T00:30:00+00:00,2952,49.2,Dinner,4,Tue,Sun,20,278278,wisely
2026-06-01T23:53:57+00:00,2026-06-02T21:00:00-04:00,1506,25.1,Dinner,2,Tue,Mon,21,278278,wisely
2026-06-01T23:53:59+00:00,2026-06-02T21:00:00-04:00,1506,25.1,Dinner,4,Tue,Mon,21,278278,wisely
2026-06-01T05:20:19+00:00,2026-06-02T21:15:00-04:00,2635,43.9,Dinner,2,Tue,Mon,21,278278,wisely
2026-06-01T05:20:20+00:00,2026-06-02T21:15:00-04:00,2635,43.9,Dinner,4,Tue,Mon,21,278278,wisely
2026-06-02T09:06:58+00:00,2026-06-02T21:30:00-04:00,983,16.4,Dinner,2,Tue,Tue,21,278278,wisely
2026-06-02T09:07:00+00:00,2026-06-02T21:30:00-04:00,983,16.4,Dinner,4,Tue,Tue,21,278278,wisely
2026-05-30T05:12:46+00:00,2026-06-02T21:45:00-04:00,5552,92.5,Dinner,2,Tue,Sat,21,278278,wisely
2026-05-30T05:12:46+00:00,2026-06-02T21:45:00-04:00,5552,92.5,Dinner,4,Tue,Sat,21,278278,wisely
2026-06-03T15:07:00+00:00,2026-06-03T11:30:00-04:00,23,0.4,Lunch,2,Wed,Wed,11,278278,wisely
2026-06-03T15:07:12+00:00,2026-06-03T11:30:00-04:00,23,0.4,Lunch,4,Wed,Wed,11,278278,wisely
2026-06-01T16:27:47+00:00,2026-06-03T13:00:00-04:00,2912,48.5,Lunch,2,Wed,Mon,13,278278,wisely
2026-06-01T16:27:49+00:00,2026-06-03T13:00:00-04:00,2912,48.5,Lunch,4,Wed,Mon,13,278278,wisely
2026-06-02T22:23:35+00:00,2026-06-03T13:30:00-04:00,1146,19.1,Lunch,2,Wed,Tue,13,278278,wisely
2026-06-01T16:27:48+00:00,2026-06-03T13:45:00-04:00,2957,49.3,Lunch,2,Wed,Mon,13,278278,wisely
2026-06-01T16:27:49+00:00,2026-06-03T13:45:00-04:00,2957,49.3,Lunch,4,Wed,Mon,13,278278,wisely
2026-06-01T05:20:47+00:00,2026-06-03T14:00:00-04:00,3639,60.7,Lunch,2,Wed,Mon,14,278278,wisely
2026-06-01T05:20:48+00:00,2026-06-03T14:00:00-04:00,3639,60.7,Lunch,4,Wed,Mon,14,278278,wisely
2026-06-01T05:20:47+00:00,2026-06-03T14:15:00-04:00,3654,60.9,Lunch,2,Wed,Mon,14,278278,wisely
2026-06-01T05:20:48+00:00,2026-06-03T14:15:00-04:00,3654,60.9,Lunch,4,Wed,Mon,14,278278,wisely
2026-06-01T05:20:47+00:00,2026-06-03T14:30:00-04:00,3669,61.2,Lunch,2,Wed,Mon,14,278278,wisely
2026-06-01T05:20:48+00:00,2026-06-03T14:30:00-04:00,3669,61.2,Lunch,4,Wed,Mon,14,278278,wisely
2026-06-03T18:56:05+00:00,2026-06-03T15:15:00-04:00,19,0.3,Lunch,2,Wed,Wed,15,278278,wisely
2026-06-03T18:56:07+00:00,2026-06-03T15:15:00-04:00,19,0.3,Lunch,4,Wed,Wed,15,278278,wisely
2026-06-03T18:56:06+00:00,2026-06-03T15:30:00-04:00,34,0.6,Lunch,2,Wed,Wed,15,278278,wisely
2026-06-03T18:56:08+00:00,2026-06-03T15:30:00-04:00,34,0.6,Lunch,4,Wed,Wed,15,278278,wisely
2026-06-03T18:56:06+00:00,2026-06-03T15:45:00-04:00,49,0.8,Lunch,2,Wed,Wed,15,278278,wisely
2026-05-31T04:55:45+00:00,2026-06-03T16:30:00-04:00,5254,87.6,Dinner,2,Wed,Sun,16,278278,wisely
2026-06-01T22:33:40+00:00,2026-06-03T16:45:00-04:00,2771,46.2,Dinner,2,Wed,Mon,16,278278,wisely
2026-06-02T20:18:27+00:00,2026-06-03T17:00:00-04:00,1482,24.7,Dinner,2,Wed,Tue,17,278278,wisely
2026-05-31T16:23:06+00:00,2026-06-03T17:15:00-04:00,4612,76.9,Dinner,2,Wed,Sun,17,278278,wisely
2026-06-02T22:23:11+00:00,2026-06-03T17:30:00-04:00,1387,23.1,Dinner,2,Wed,Tue,17,278278,wisely
2026-06-02T22:23:12+00:00,2026-06-03T17:30:00-04:00,1387,23.1,Dinner,4,Wed,Tue,17,278278,wisely
2026-06-02T17:11:44+00:00,2026-06-03T18:15:00-04:00,1743,29.1,Dinner,2,Wed,Tue,18,278278,wisely
2026-06-02T17:11:45+00:00,2026-06-03T18:15:00-04:00,1743,29.1,Dinner,4,Wed,Tue,18,278278,wisely
2026-05-31T10:26:07+00:00,2026-06-03T20:30:00-04:00,5164,86.1,Dinner,2,Wed,Sun,20,278278,wisely
2026-06-02T20:18:28+00:00,2026-06-03T20:45:00-04:00,1707,28.4,Dinner,2,Wed,Tue,20,278278,wisely
2026-06-02T20:18:29+00:00,2026-06-03T20:45:00-04:00,1707,28.4,Dinner,4,Wed,Tue,20,278278,wisely
2026-05-31T19:59:47+00:00,2026-06-03T21:00:00-04:00,4620,77.0,Dinner,2,Wed,Sun,21,278278,wisely
2026-05-31T19:59:47+00:00,2026-06-03T21:00:00-04:00,4620,77.0,Dinner,4,Wed,Sun,21,278278,wisely
2026-05-31T21:02:39+00:00,2026-06-04T01:15:00+00:00,4572,76.2,Dinner,2,Wed,Sun,21,278278,wisely
2026-05-31T21:02:39+00:00,2026-06-04T01:15:00+00:00,4572,76.2,Dinner,4,Wed,Sun,21,278278,wisely
2026-06-02T17:11:50+00:00,2026-06-03T21:30:00-04:00,1938,32.3,Dinner,2,Wed,Tue,21,278278,wisely
2026-06-02T17:11:46+00:00,2026-06-03T21:30:00-04:00,1938,32.3,Dinner,4,Wed,Tue,21,278278,wisely
2026-06-01T00:18:39+00:00,2026-06-03T21:45:00-04:00,4406,73.4,Dinner,2,Wed,Sun,21,278278,wisely
2026-06-02T12:51:04+00:00,2026-06-04T12:00:00-04:00,3069,51.1,Lunch,2,Thu,Tue,12,278278,wisely
2026-06-02T12:51:05+00:00,2026-06-04T12:00:00-04:00,3069,51.1,Lunch,4,Thu,Tue,12,278278,wisely
2026-06-03T15:07:57+00:00,2026-06-04T13:15:00-04:00,1567,26.1,Lunch,2,Thu,Wed,13,278278,wisely
2026-06-03T15:07:59+00:00,2026-06-04T13:15:00-04:00,1567,26.1,Lunch,4,Thu,Wed,13,278278,wisely
2026-06-02T17:12:36+00:00,2026-06-04T13:45:00-04:00,2912,48.5,Lunch,2,Thu,Tue,13,278278,wisely
2026-06-02T17:12:37+00:00,2026-06-04T13:45:00-04:00,2912,48.5,Lunch,4,Thu,Tue,13,278278,wisely
2026-06-02T04:58:51+00:00,2026-06-04T14:00:00-04:00,3661,61.0,Lunch,2,Thu,Tue,14,278278,wisely
2026-06-02T04:58:51+00:00,2026-06-04T14:00:00-04:00,3661,61.0,Lunch,4,Thu,Tue,14,278278,wisely
2026-06-02T04:58:51+00:00,2026-06-04T14:15:00-04:00,3676,61.3,Lunch,2,Thu,Tue,14,278278,wisely
2026-06-02T04:58:51+00:00,2026-06-04T14:15:00-04:00,3676,61.3,Lunch,4,Thu,Tue,14,278278,wisely
2026-06-02T04:58:51+00:00,2026-06-04T14:30:00-04:00,3691,61.5,Lunch,2,Thu,Tue,14,278278,wisely
2026-06-02T04:58:52+00:00,2026-06-04T14:30:00-04:00,3691,61.5,Lunch,4,Thu,Tue,14,278278,wisely
2026-06-04T16:36:15+00:00,2026-06-04T14:45:00-04:00,129,2.1,Lunch,2,Thu,Thu,14,278278,wisely
2026-06-04T06:53:29+00:00,2026-06-04T14:45:00-04:00,712,11.9,Lunch,4,Thu,Thu,14,278278,wisely
2026-06-04T19:04:45+00:00,2026-06-04T15:15:00-04:00,10,0.2,Lunch,2,Thu,Thu,15,278278,wisely
2026-06-04T19:04:46+00:00,2026-06-04T15:15:00-04:00,10,0.2,Lunch,4,Thu,Thu,15,278278,wisely
2026-06-04T19:04:46+00:00,2026-06-04T15:45:00-04:00,40,0.7,Lunch,2,Thu,Thu,15,278278,wisely
2026-06-04T19:04:47+00:00,2026-06-04T15:45:00-04:00,40,0.7,Lunch,4,Thu,Thu,15,278278,wisely
2026-06-03T15:07:44+00:00,2026-06-04T16:30:00-04:00,1762,29.4,Dinner,2,Thu,Wed,16,278278,wisely
2026-06-03T15:07:46+00:00,2026-06-04T16:30:00-04:00,1762,29.4,Dinner,4,Thu,Wed,16,278278,wisely
2026-06-03T15:07:45+00:00,2026-06-04T16:45:00-04:00,1777,29.6,Dinner,2,Thu,Wed,16,278278,wisely
2026-06-03T15:07:46+00:00,2026-06-04T16:45:00-04:00,1777,29.6,Dinner,4,Thu,Wed,16,278278,wisely
2026-06-03T15:07:45+00:00,2026-06-04T17:00:00-04:00,1792,29.9,Dinner,2,Thu,Wed,17,278278,wisely
2026-06-03T15:07:46+00:00,2026-06-04T17:00:00-04:00,1792,29.9,Dinner,4,Thu,Wed,17,278278,wisely
2026-06-03T23:24:24+00:00,2026-06-04T17:45:00-04:00,1341,22.3,Dinner,2,Thu,Wed,17,278278,wisely
2026-06-03T23:24:25+00:00,2026-06-04T17:45:00-04:00,1341,22.3,Dinner,4,Thu,Wed,17,278278,wisely
2026-06-04T02:05:57+00:00,2026-06-04T18:00:00-04:00,1194,19.9,Dinner,2,Thu,Wed,18,278278,wisely
2026-06-03T21:45:35+00:00,2026-06-04T18:15:00-04:00,1469,24.5,Dinner,2,Thu,Wed,18,278278,wisely
2026-06-03T15:07:49+00:00,2026-06-04T21:00:00-04:00,2032,33.9,Dinner,2,Thu,Wed,21,278278,wisely
2026-06-03T15:07:50+00:00,2026-06-04T21:00:00-04:00,2032,33.9,Dinner,4,Thu,Wed,21,278278,wisely
2026-06-03T15:07:50+00:00,2026-06-04T21:15:00-04:00,2047,34.1,Dinner,2,Thu,Wed,21,278278,wisely
2026-06-03T15:07:51+00:00,2026-06-04T21:15:00-04:00,2047,34.1,Dinner,4,Thu,Wed,21,278278,wisely
2026-06-03T15:07:51+00:00,2026-06-04T21:30:00-04:00,2062,34.4,Dinner,2,Thu,Wed,21,278278,wisely
2026-06-03T15:07:52+00:00,2026-06-04T21:30:00-04:00,2062,34.4,Dinner,4,Thu,Wed,21,278278,wisely
2026-06-02T03:43:18+00:00,2026-06-04T21:45:00-04:00,4202,70.0,Dinner,2,Thu,Mon,21,278278,wisely
2026-06-02T03:43:19+00:00,2026-06-04T21:45:00-04:00,4202,70.0,Dinner,4,Thu,Mon,21,278278,wisely
2026-06-03T05:21:06+00:00,2026-06-05T11:30:00-04:00,3489,58.1,Lunch,2,Fri,Wed,11,278278,wisely
2026-06-03T05:21:07+00:00,2026-06-05T11:30:00-04:00,3489,58.1,Lunch,4,Fri,Wed,11,278278,wisely
2026-06-04T19:05:11+00:00,2026-06-05T11:45:00-04:00,1240,20.7,Lunch,2,Fri,Thu,11,278278,wisely
2026-06-04T19:05:12+00:00,2026-06-05T11:45:00-04:00,1240,20.7,Lunch,4,Fri,Thu,11,278278,wisely
2026-06-05T01:56:38+00:00,2026-06-05T12:00:00-04:00,843,14.1,Lunch,2,Fri,Thu,12,278278,wisely
2026-06-05T01:56:39+00:00,2026-06-05T12:00:00-04:00,843,14.1,Lunch,4,Fri,Thu,12,278278,wisely
2026-06-04T16:37:00+00:00,2026-06-05T12:15:00-04:00,1418,23.6,Lunch,2,Fri,Thu,12,278278,wisely
2026-06-04T16:37:01+00:00,2026-06-05T12:15:00-04:00,1418,23.6,Lunch,4,Fri,Thu,12,278278,wisely
2026-06-05T16:16:47+00:00,2026-06-05T12:30:00-04:00,13,0.2,Dinner,2,Fri,Fri,12,278278,wisely
2026-06-04T16:37:00+00:00,2026-06-05T12:30:00-04:00,1433,23.9,Lunch,2,Fri,Thu,12,278278,wisely
2026-06-04T16:37:02+00:00,2026-06-05T12:30:00-04:00,1433,23.9,Lunch,4,Fri,Thu,12,278278,wisely
2026-06-04T16:37:05+00:00,2026-06-05T12:45:00-04:00,1448,24.1,Lunch,2,Fri,Thu,12,278278,wisely
2026-06-04T16:37:06+00:00,2026-06-05T12:45:00-04:00,1448,24.1,Lunch,4,Fri,Thu,12,278278,wisely
2026-06-05T16:16:48+00:00,2026-06-05T13:00:00-04:00,43,0.7,Dinner,2,Fri,Fri,13,278278,wisely
2026-06-03T18:57:03+00:00,2026-06-05T13:15:00-04:00,2778,46.3,Lunch,2,Fri,Wed,13,278278,wisely
2026-06-03T18:57:05+00:00,2026-06-05T13:15:00-04:00,2778,46.3,Lunch,4,Fri,Wed,13,278278,wisely
2026-06-04T00:15:39+00:00,2026-06-05T13:30:00-04:00,2474,41.2,Lunch,2,Fri,Wed,13,278278,wisely
2026-06-04T00:15:39+00:00,2026-06-05T13:30:00-04:00,2474,41.2,Lunch,4,Fri,Wed,13,278278,wisely
2026-06-03T05:21:06+00:00,2026-06-05T14:15:00-04:00,3654,60.9,Lunch,2,Fri,Wed,14,278278,wisely
2026-06-03T05:21:07+00:00,2026-06-05T14:15:00-04:00,3654,60.9,Lunch,4,Fri,Wed,14,278278,wisely
2026-06-04T16:37:11+00:00,2026-06-05T14:30:00-04:00,1553,25.9,Lunch,2,Fri,Thu,14,278278,wisely
2026-06-04T16:37:12+00:00,2026-06-05T14:30:00-04:00,1553,25.9,Lunch,4,Fri,Thu,14,278278,wisely
2026-06-03T05:21:06+00:00,2026-06-05T14:45:00-04:00,3684,61.4,Lunch,2,Fri,Wed,14,278278,wisely
2026-06-03T05:21:07+00:00,2026-06-05T14:45:00-04:00,3684,61.4,Lunch,4,Fri,Wed,14,278278,wisely
2026-06-05T13:36:05+00:00,2026-06-05T15:15:00-04:00,339,5.6,Lunch,2,Fri,Fri,15,278278,wisely
2026-06-05T13:36:07+00:00,2026-06-05T15:15:00-04:00,339,5.6,Lunch,4,Fri,Fri,15,278278,wisely
2026-06-04T22:41:36+00:00,2026-06-05T15:30:00-04:00,1248,20.8,Lunch,2,Fri,Thu,15,278278,wisely
2026-06-03T21:46:43+00:00,2026-06-05T15:45:00-04:00,2758,46.0,Lunch,2,Fri,Wed,15,278278,wisely
2026-06-05T01:56:40+00:00,2026-06-05T16:15:00-04:00,1098,18.3,Lunch,4,Fri,Thu,16,278278,wisely
2026-06-05T06:19:22+00:00,2026-06-05T20:00:00-04:00,1061,17.7,Dinner,2,Fri,Fri,20,278278,wisely
2026-06-05T06:19:23+00:00,2026-06-05T20:00:00-04:00,1061,17.7,Dinner,4,Fri,Fri,20,278278,wisely
2026-06-05T13:35:54+00:00,2026-06-05T21:00:00-04:00,684,11.4,Dinner,2,Fri,Fri,21,278278,wisely
2026-06-05T13:35:55+00:00,2026-06-05T21:00:00-04:00,684,11.4,Dinner,4,Fri,Fri,21,278278,wisely
2026-06-04T16:36:36+00:00,2026-06-05T21:15:00-04:00,1958,32.6,Dinner,2,Fri,Thu,21,278278,wisely
2026-06-04T16:36:37+00:00,2026-06-05T21:15:00-04:00,1958,32.6,Dinner,4,Fri,Thu,21,278278,wisely
2026-06-03T15:08:18+00:00,2026-06-05T21:30:00-04:00,3502,58.4,Dinner,2,Fri,Wed,21,278278,wisely
2026-06-03T23:25:28+00:00,2026-06-05T21:45:00-04:00,3020,50.3,Dinner,2,Fri,Wed,21,278278,wisely
2026-06-03T23:25:29+00:00,2026-06-05T21:45:00-04:00,3020,50.3,Dinner,4,Fri,Wed,21,278278,wisely
2026-06-05T16:17:20+00:00,2026-06-06T11:30:00-04:00,1393,23.2,Lunch,2,Sat,Fri,11,278278,wisely
2026-06-05T18:16:04+00:00,2026-06-06T11:45:00-04:00,1289,21.5,Lunch,2,Sat,Fri,11,278278,wisely
2026-06-05T16:17:20+00:00,2026-06-06T12:15:00-04:00,1438,24.0,Lunch,2,Sat,Fri,12,278278,wisely
2026-06-05T16:17:21+00:00,2026-06-06T12:15:00-04:00,1438,24.0,Lunch,4,Sat,Fri,12,278278,wisely
2026-06-05T16:17:21+00:00,2026-06-06T12:30:00-04:00,1453,24.2,Lunch,2,Sat,Fri,12,278278,wisely
2026-06-05T16:17:22+00:00,2026-06-06T12:30:00-04:00,1453,24.2,Lunch,4,Sat,Fri,12,278278,wisely
2026-06-05T16:17:24+00:00,2026-06-06T12:45:00-04:00,1468,24.5,Lunch,2,Sat,Fri,12,278278,wisely
2026-06-05T16:17:22+00:00,2026-06-06T12:45:00-04:00,1468,24.5,Lunch,4,Sat,Fri,12,278278,wisely
2026-06-05T16:17:25+00:00,2026-06-06T13:00:00-04:00,1483,24.7,Lunch,2,Sat,Fri,13,278278,wisely
2026-06-05T16:17:26+00:00,2026-06-06T13:00:00-04:00,1483,24.7,Lunch,4,Sat,Fri,13,278278,wisely
2026-06-05T16:17:26+00:00,2026-06-06T13:30:00-04:00,1513,25.2,Lunch,2,Sat,Fri,13,278278,wisely
2026-06-06T10:46:30+00:00,2026-06-06T13:45:00-04:00,418,7.0,Lunch,2,Sat,Sat,13,278278,wisely
2026-06-04T06:53:56+00:00,2026-06-06T14:15:00-04:00,3561,59.4,Lunch,2,Sat,Thu,14,278278,wisely
2026-06-04T06:53:57+00:00,2026-06-06T14:15:00-04:00,3561,59.4,Lunch,4,Sat,Thu,14,278278,wisely
2026-06-04T16:37:36+00:00,2026-06-06T14:30:00-04:00,2992,49.9,Lunch,2,Sat,Thu,14,278278,wisely
2026-06-05T16:17:28+00:00,2026-06-06T14:30:00-04:00,1573,26.2,Lunch,4,Sat,Fri,14,278278,wisely
2026-06-05T13:36:31+00:00,2026-06-06T14:45:00-04:00,1748,29.1,Lunch,2,Sat,Fri,14,278278,wisely
2026-06-05T16:17:29+00:00,2026-06-06T14:45:00-04:00,1588,26.5,Lunch,4,Sat,Fri,14,278278,wisely
2026-06-04T21:03:07+00:00,2026-06-06T15:45:00-04:00,2802,46.7,Lunch,2,Sat,Thu,15,278278,wisely
2026-06-04T21:03:08+00:00,2026-06-06T15:45:00-04:00,2802,46.7,Lunch,4,Sat,Thu,15,278278,wisely
2026-06-05T21:27:05+00:00,2026-06-06T16:00:00-04:00,1353,22.5,Lunch,2,Sat,Fri,16,278278,wisely
2026-06-05T21:26:44+00:00,2026-06-06T16:00:00-04:00,1353,22.6,Lunch,4,Sat,Fri,16,278278,wisely
2026-06-06T06:07:22+00:00,2026-06-06T17:00:00-04:00,893,14.9,Dinner,2,Sat,Sat,17,278278,wisely
2026-06-06T06:07:24+00:00,2026-06-06T17:00:00-04:00,893,14.9,Dinner,4,Sat,Sat,17,278278,wisely
2026-06-04T10:33:21+00:00,2026-06-06T17:45:00-04:00,3552,59.2,Dinner,2,Sat,Thu,17,278278,wisely
2026-06-04T06:53:48+00:00,2026-06-06T19:00:00-04:00,3846,64.1,Dinner,2,Sat,Thu,19,278278,wisely
2026-06-04T06:53:49+00:00,2026-06-06T19:00:00-04:00,3846,64.1,Dinner,4,Sat,Thu,19,278278,wisely
2026-06-06T21:43:25+00:00,2026-06-06T20:00:00-04:00,137,2.3,Dinner,2,Sat,Sat,20,278278,wisely
2026-06-05T21:26:34+00:00,2026-06-06T21:15:00-04:00,1668,27.8,Dinner,2,Sat,Fri,21,278278,wisely
2026-06-04T19:05:35+00:00,2026-06-06T21:30:00-04:00,3264,54.4,Dinner,2,Sat,Thu,21,278278,wisely
2026-06-05T16:17:11+00:00,2026-06-06T21:30:00-04:00,1993,33.2,Dinner,4,Sat,Fri,21,278278,wisely
2026-06-04T02:07:12+00:00,2026-06-06T21:45:00-04:00,4298,71.6,Dinner,2,Sat,Wed,21,278278,wisely
2026-06-04T02:07:13+00:00,2026-06-06T21:45:00-04:00,4298,71.6,Dinner,4,Sat,Wed,21,278278,wisely
2026-06-06T14:05:25+00:00,2026-06-07T11:30:00-04:00,1525,25.4,Lunch,2,Sun,Sat,11,278278,wisely
2026-06-06T15:37:44+00:00,2026-06-07T11:30:00-04:00,1432,23.9,Lunch,4,Sun,Sat,11,278278,wisely
2026-06-06T14:05:26+00:00,2026-06-07T11:45:00-04:00,1540,25.7,Lunch,2,Sun,Sat,11,278278,wisely
2026-06-06T17:55:34+00:00,2026-06-07T11:45:00-04:00,1309,21.8,Lunch,4,Sun,Sat,11,278278,wisely
2026-06-05T18:16:39+00:00,2026-06-07T12:00:00-04:00,2743,45.7,Lunch,2,Sun,Fri,12,278278,wisely
2026-06-05T18:16:40+00:00,2026-06-07T12:00:00-04:00,2743,45.7,Lunch,4,Sun,Fri,12,278278,wisely
2026-06-06T15:37:48+00:00,2026-06-07T12:15:00-04:00,1477,24.6,Lunch,2,Sun,Sat,12,278278,wisely
2026-06-06T15:37:45+00:00,2026-06-07T12:15:00-04:00,1477,24.6,Lunch,4,Sun,Sat,12,278278,wisely
2026-06-06T15:37:50+00:00,2026-06-07T12:45:00-04:00,1507,25.1,Lunch,2,Sun,Sat,12,278278,wisely
2026-06-06T19:12:07+00:00,2026-06-07T12:45:00-04:00,1293,21.5,Lunch,4,Sun,Sat,12,278278,wisely
2026-06-06T15:37:51+00:00,2026-06-07T13:00:00-04:00,1522,25.4,Lunch,2,Sun,Sat,13,278278,wisely
2026-06-06T15:37:50+00:00,2026-06-07T13:00:00-04:00,1522,25.4,Lunch,4,Sun,Sat,13,278278,wisely
2026-06-05T18:16:40+00:00,2026-06-07T13:15:00-04:00,2818,47.0,Lunch,2,Sun,Fri,13,278278,wisely
2026-06-06T14:05:29+00:00,2026-06-07T13:30:00-04:00,1645,27.4,Lunch,2,Sun,Sat,13,278278,wisely
2026-06-06T16:46:02+00:00,2026-06-07T14:00:00-04:00,1514,25.2,Lunch,2,Sun,Sat,14,278278,wisely
2026-06-06T16:46:01+00:00,2026-06-07T14:00:00-04:00,1514,25.2,Lunch,4,Sun,Sat,14,278278,wisely
2026-06-05T18:16:40+00:00,2026-06-07T14:15:00-04:00,2878,48.0,Lunch,2,Sun,Fri,14,278278,wisely
2026-06-06T15:37:54+00:00,2026-06-07T14:15:00-04:00,1597,26.6,Lunch,4,Sun,Sat,14,278278,wisely
2026-06-06T14:05:30+00:00,2026-06-07T14:30:00-04:00,1704,28.4,Lunch,2,Sun,Sat,14,278278,wisely
2026-06-06T14:05:27+00:00,2026-06-07T14:30:00-04:00,1705,28.4,Lunch,4,Sun,Sat,14,278278,wisely
2026-06-06T17:55:45+00:00,2026-06-07T14:45:00-04:00,1489,24.8,Lunch,2,Sun,Sat,14,278278,wisely
2026-06-06T15:37:57+00:00,2026-06-07T14:45:00-04:00,1627,27.1,Lunch,4,Sun,Sat,14,278278,wisely
2026-06-06T20:36:51+00:00,2026-06-07T15:00:00-04:00,1343,22.4,Lunch,2,Sun,Sat,15,278278,wisely
2026-06-06T20:36:32+00:00,2026-06-07T15:00:00-04:00,1343,22.4,Lunch,4,Sun,Sat,15,278278,wisely
2026-06-06T14:05:16+00:00,2026-06-07T16:45:00-04:00,1840,30.7,Dinner,2,Sun,Sat,16,278278,wisely
2026-06-06T14:05:18+00:00,2026-06-07T16:45:00-04:00,1840,30.7,Dinner,4,Sun,Sat,16,278278,wisely
2026-06-07T06:37:58+00:00,2026-06-07T17:00:00-04:00,862,14.4,Dinner,2,Sun,Sun,17,278278,wisely
2026-06-06T14:05:17+00:00,2026-06-07T17:30:00-04:00,1885,31.4,Dinner,2,Sun,Sat,17,278278,wisely
2026-06-06T14:05:17+00:00,2026-06-07T17:45:00-04:00,1900,31.7,Dinner,2,Sun,Sat,17,278278,wisely
2026-06-06T14:05:19+00:00,2026-06-07T18:00:00-04:00,1915,31.9,Dinner,2,Sun,Sat,18,278278,wisely
2026-06-06T14:05:18+00:00,2026-06-07T18:00:00-04:00,1915,31.9,Dinner,4,Sun,Sat,18,278278,wisely
2026-06-05T22:51:36+00:00,2026-06-07T19:30:00-04:00,2918,48.6,Dinner,2,Sun,Fri,19,278278,wisely
2026-06-06T15:37:11+00:00,2026-06-07T20:00:00-04:00,1943,32.4,Dinner,2,Sun,Sat,20,278278,wisely
2026-06-06T21:06:23+00:00,2026-06-07T20:15:00-04:00,1629,27.1,Dinner,2,Sun,Sat,20,278278,wisely
2026-06-06T15:37:24+00:00,2026-06-07T21:00:00-04:00,2003,33.4,Dinner,2,Sun,Sat,21,278278,wisely
2026-06-06T15:37:12+00:00,2026-06-07T21:00:00-04:00,2003,33.4,Dinner,4,Sun,Sat,21,278278,wisely
2026-06-06T06:08:02+00:00,2026-06-08T11:30:00-04:00,3442,57.4,Lunch,2,Mon,Sat,11,278278,wisely
2026-06-06T06:08:03+00:00,2026-06-08T11:30:00-04:00,3442,57.4,Lunch,4,Mon,Sat,11,278278,wisely
2026-06-06T06:08:02+00:00,2026-06-08T11:45:00-04:00,3457,57.6,Lunch,2,Mon,Sat,11,278278,wisely
2026-06-06T06:08:03+00:00,2026-06-08T11:45:00-04:00,3457,57.6,Lunch,4,Mon,Sat,11,278278,wisely
2026-06-07T06:38:20+00:00,2026-06-08T12:00:00-04:00,2002,33.4,Lunch,2,Mon,Sun,12,278278,wisely
2026-06-07T06:38:21+00:00,2026-06-08T12:00:00-04:00,2002,33.4,Lunch,4,Mon,Sun,12,278278,wisely
2026-06-07T14:58:39+00:00,2026-06-08T12:15:00-04:00,1516,25.3,Lunch,2,Mon,Sun,12,278278,wisely
2026-06-07T14:58:47+00:00,2026-06-08T12:45:00-04:00,1546,25.8,Lunch,2,Mon,Sun,12,278278,wisely
2026-06-07T14:58:40+00:00,2026-06-08T12:45:00-04:00,1546,25.8,Lunch,4,Mon,Sun,12,278278,wisely
2026-06-07T17:43:49+00:00,2026-06-08T13:00:00-04:00,1396,23.3,Lunch,2,Mon,Sun,13,278278,wisely
2026-06-07T17:43:48+00:00,2026-06-08T13:00:00-04:00,1396,23.3,Lunch,4,Mon,Sun,13,278278,wisely
2026-06-06T06:08:02+00:00,2026-06-08T13:15:00-04:00,3547,59.1,Lunch,2,Mon,Sat,13,278278,wisely
2026-06-06T06:08:04+00:00,2026-06-08T13:15:00-04:00,3547,59.1,Lunch,4,Mon,Sat,13,278278,wisely
2026-06-06T06:08:06+00:00,2026-06-08T13:30:00-04:00,3562,59.4,Lunch,2,Mon,Sat,13,278278,wisely
2026-06-07T14:58:51+00:00,2026-06-08T13:30:00-04:00,1591,26.5,Lunch,4,Mon,Sun,13,278278,wisely
2026-06-06T06:08:07+00:00,2026-06-08T13:45:00-04:00,3577,59.6,Lunch,2,Mon,Sat,13,278278,wisely
2026-06-06T06:08:10+00:00,2026-06-08T14:00:00-04:00,3592,59.9,Lunch,2,Mon,Sat,14,278278,wisely
2026-06-06T06:08:07+00:00,2026-06-08T14:00:00-04:00,3592,59.9,Lunch,4,Mon,Sat,14,278278,wisely
2026-06-06T06:08:10+00:00,2026-06-08T14:15:00-04:00,3607,60.1,Lunch,2,Mon,Sat,14,278278,wisely
2026-06-06T06:08:08+00:00,2026-06-08T14:15:00-04:00,3607,60.1,Lunch,4,Mon,Sat,14,278278,wisely
2026-06-08T16:15:04+00:00,2026-06-08T14:30:00-04:00,135,2.2,Lunch,2,Mon,Mon,14,278278,wisely
2026-06-06T06:08:11+00:00,2026-06-08T14:30:00-04:00,3622,60.4,Lunch,4,Mon,Sat,14,278278,wisely
2026-06-08T16:15:04+00:00,2026-06-08T14:45:00-04:00,150,2.5,Lunch,2,Mon,Mon,14,278278,wisely
2026-06-08T16:15:06+00:00,2026-06-08T14:45:00-04:00,150,2.5,Lunch,4,Mon,Mon,14,278278,wisely
2026-06-08T18:38:33+00:00,2026-06-08T15:00:00-04:00,21,0.4,Lunch,2,Mon,Mon,15,278278,wisely
2026-06-08T18:38:34+00:00,2026-06-08T15:00:00-04:00,21,0.4,Lunch,4,Mon,Mon,15,278278,wisely
2026-06-08T18:38:33+00:00,2026-06-08T15:15:00-04:00,36,0.6,Lunch,2,Mon,Mon,15,278278,wisely
2026-06-08T18:38:34+00:00,2026-06-08T15:15:00-04:00,36,0.6,Lunch,4,Mon,Mon,15,278278,wisely
2026-06-08T18:38:33+00:00,2026-06-08T15:30:00-04:00,51,0.9,Lunch,2,Mon,Mon,15,278278,wisely
2026-06-08T18:38:34+00:00,2026-06-08T15:30:00-04:00,51,0.9,Lunch,4,Mon,Mon,15,278278,wisely
2026-06-05T06:20:01+00:00,2026-06-08T16:30:00-04:00,5170,86.2,Dinner,2,Mon,Fri,16,278278,wisely
2026-06-07T14:58:11+00:00,2026-06-08T16:30:00-04:00,1772,29.5,Dinner,4,Mon,Sun,16,278278,wisely
2026-06-07T11:29:55+00:00,2026-06-08T16:45:00-04:00,1995,33.3,Dinner,2,Mon,Sun,16,278278,wisely
2026-06-07T14:58:11+00:00,2026-06-08T16:45:00-04:00,1787,29.8,Dinner,4,Mon,Sun,16,278278,wisely
2026-06-07T14:58:10+00:00,2026-06-08T17:15:00-04:00,1817,30.3,Dinner,2,Mon,Sun,17,278278,wisely
2026-06-08T18:37:56+00:00,2026-06-08T17:30:00-04:00,172,2.9,Dinner,2,Mon,Mon,17,278278,wisely
2026-06-08T18:37:58+00:00,2026-06-08T17:30:00-04:00,172,2.9,Dinner,4,Mon,Mon,17,278278,wisely
2026-06-05T06:20:02+00:00,2026-06-08T18:00:00-04:00,5260,87.7,Dinner,2,Mon,Fri,18,278278,wisely
2026-06-07T11:29:56+00:00,2026-06-08T20:00:00-04:00,2190,36.5,Dinner,2,Mon,Sun,20,278278,wisely
2026-06-07T11:29:57+00:00,2026-06-08T20:00:00-04:00,2190,36.5,Dinner,4,Mon,Sun,20,278278,wisely
2026-06-07T16:18:40+00:00,2026-06-08T20:15:00-04:00,1916,31.9,Dinner,2,Mon,Sun,20,278278,wisely
2026-06-07T16:18:41+00:00,2026-06-08T20:15:00-04:00,1916,31.9,Dinner,4,Mon,Sun,20,278278,wisely
2026-06-07T14:58:15+00:00,2026-06-08T20:30:00-04:00,2012,33.5,Dinner,2,Mon,Sun,20,278278,wisely
2026-06-07T14:58:12+00:00,2026-06-08T20:30:00-04:00,2012,33.5,Dinner,4,Mon,Sun,20,278278,wisely
2026-06-07T16:18:56+00:00,2026-06-08T20:45:00-04:00,1946,32.4,Dinner,2,Mon,Sun,20,278278,wisely
2026-06-07T16:18:55+00:00,2026-06-08T20:45:00-04:00,1946,32.4,Dinner,4,Mon,Sun,20,278278,wisely
2026-06-06T23:31:35+00:00,2026-06-08T21:00:00-04:00,2968,49.5,Dinner,2,Mon,Sat,21,278278,wisely
2026-06-07T14:58:17+00:00,2026-06-08T21:00:00-04:00,2042,34.0,Dinner,4,Mon,Sun,21,278278,wisely
2026-06-05T06:20:02+00:00,2026-06-08T21:15:00-04:00,5455,90.9,Dinner,2,Mon,Fri,21,278278,wisely
2026-06-05T06:20:03+00:00,2026-06-08T21:15:00-04:00,5455,90.9,Dinner,4,Mon,Fri,21,278278,wisely
2026-06-05T06:20:06+00:00,2026-06-08T21:30:00-04:00,5470,91.2,Dinner,2,Mon,Fri,21,278278,wisely
2026-06-05T06:20:03+00:00,2026-06-08T21:30:00-04:00,5470,91.2,Dinner,4,Mon,Fri,21,278278,wisely
2026-06-05T06:20:08+00:00,2026-06-08T21:45:00-04:00,5485,91.4,Dinner,2,Mon,Fri,21,278278,wisely
2026-06-05T06:20:03+00:00,2026-06-08T21:45:00-04:00,5485,91.4,Dinner,4,Mon,Fri,21,278278,wisely
2026-06-08T16:15:32+00:00,2026-06-09T11:30:00-04:00,1394,23.2,Lunch,2,Tue,Mon,11,278278,wisely
2026-06-08T16:15:34+00:00,2026-06-09T11:30:00-04:00,1394,23.2,Lunch,4,Tue,Mon,11,278278,wisely
2026-06-08T16:15:33+00:00,2026-06-09T11:45:00-04:00,1409,23.5,Lunch,2,Tue,Mon,11,278278,wisely
2026-06-08T16:15:34+00:00,2026-06-09T11:45:00-04:00,1409,23.5,Lunch,4,Tue,Mon,11,278278,wisely
2026-06-08T02:02:07+00:00,2026-06-09T12:00:00-04:00,2278,38.0,Lunch,2,Tue,Sun,12,278278,wisely
2026-06-08T02:02:07+00:00,2026-06-09T12:00:00-04:00,2278,38.0,Lunch,4,Tue,Sun,12,278278,wisely
2026-06-08T16:15:38+00:00,2026-06-09T12:45:00-04:00,1469,24.5,Lunch,2,Tue,Mon,12,278278,wisely
2026-06-08T16:15:39+00:00,2026-06-09T12:45:00-04:00,1469,24.5,Lunch,4,Tue,Mon,12,278278,wisely
2026-06-08T16:15:41+00:00,2026-06-09T13:30:00-04:00,1514,25.2,Lunch,2,Tue,Mon,13,278278,wisely
2026-06-08T23:55:18+00:00,2026-06-09T13:30:00-04:00,1055,17.6,Lunch,4,Tue,Mon,13,278278,wisely
2026-06-07T06:38:37+00:00,2026-06-09T13:45:00-04:00,3546,59.1,Lunch,2,Tue,Sun,13,278278,wisely
2026-06-07T06:38:38+00:00,2026-06-09T13:45:00-04:00,3546,59.1,Lunch,4,Tue,Sun,13,278278,wisely
2026-06-07T06:38:38+00:00,2026-06-09T14:00:00-04:00,3561,59.4,Lunch,2,Tue,Sun,14,278278,wisely
2026-06-07T06:38:39+00:00,2026-06-09T14:00:00-04:00,3561,59.4,Lunch,4,Tue,Sun,14,278278,wisely
2026-06-07T06:38:38+00:00,2026-06-09T14:15:00-04:00,3576,59.6,Lunch,2,Tue,Sun,14,278278,wisely
2026-06-07T06:38:39+00:00,2026-06-09T14:15:00-04:00,3576,59.6,Lunch,4,Tue,Sun,14,278278,wisely
2026-06-07T22:32:46+00:00,2026-06-09T14:30:00-04:00,2637,44.0,Lunch,2,Tue,Sun,14,278278,wisely
2026-06-07T20:12:46+00:00,2026-06-09T14:30:00-04:00,2777,46.3,Lunch,4,Tue,Sun,14,278278,wisely
2026-06-08T22:46:42+00:00,2026-06-09T14:45:00-04:00,1198,20.0,Lunch,2,Tue,Mon,14,278278,wisely
2026-06-07T22:32:46+00:00,2026-06-09T14:45:00-04:00,2652,44.2,Lunch,4,Tue,Sun,14,278278,wisely
2026-06-09T10:09:24+00:00,2026-06-09T15:00:00-04:00,531,8.8,Lunch,4,Tue,Tue,15,278278,wisely
2026-06-09T17:48:12+00:00,2026-06-09T15:15:00-04:00,87,1.4,Lunch,4,Tue,Tue,15,278278,wisely
2026-06-09T19:49:37+00:00,2026-06-09T16:15:00-04:00,25,0.4,Lunch,2,Tue,Tue,16,278278,wisely
2026-06-08T16:15:19+00:00,2026-06-09T16:30:00-04:00,1695,28.2,Dinner,2,Tue,Mon,16,278278,wisely
2026-06-07T14:59:01+00:00,2026-06-09T16:45:00-04:00,3226,53.8,Dinner,2,Tue,Sun,16,278278,wisely
2026-06-07T14:59:03+00:00,2026-06-09T16:45:00-04:00,3226,53.8,Dinner,4,Tue,Sun,16,278278,wisely
2026-06-08T16:15:20+00:00,2026-06-09T17:00:00-04:00,1725,28.7,Dinner,2,Tue,Mon,17,278278,wisely
2026-06-08T16:15:20+00:00,2026-06-09T17:00:00-04:00,1725,28.7,Dinner,4,Tue,Mon,17,278278,wisely
2026-06-09T10:09:10+00:00,2026-06-09T17:15:00-04:00,666,11.1,Dinner,2,Tue,Tue,17,278278,wisely
2026-06-09T10:09:11+00:00,2026-06-09T17:15:00-04:00,666,11.1,Dinner,4,Tue,Tue,17,278278,wisely
2026-06-07T17:43:58+00:00,2026-06-09T17:45:00-04:00,3121,52.0,Dinner,2,Tue,Sun,17,278278,wisely
2026-06-08T23:05:49+00:00,2026-06-09T18:45:00-04:00,1419,23.7,Dinner,2,Tue,Mon,18,278278,wisely
2026-06-08T16:15:24+00:00,2026-06-09T20:45:00-04:00,1950,32.5,Dinner,2,Tue,Mon,20,278278,wisely
2026-06-08T16:15:21+00:00,2026-06-09T20:45:00-04:00,1950,32.5,Dinner,4,Tue,Mon,20,278278,wisely
2026-06-08T16:15:25+00:00,2026-06-09T21:00:00-04:00,1965,32.7,Dinner,2,Tue,Mon,21,278278,wisely
2026-06-06T20:37:58+00:00,2026-06-09T21:15:00-04:00,4597,76.6,Dinner,2,Tue,Sat,21,278278,wisely
2026-06-08T16:15:26+00:00,2026-06-09T21:15:00-04:00,1980,33.0,Dinner,4,Tue,Mon,21,278278,wisely
2026-06-06T20:37:58+00:00,2026-06-09T21:30:00-04:00,4612,76.9,Dinner,2,Tue,Sat,21,278278,wisely
2026-06-06T20:37:59+00:00,2026-06-09T21:30:00-04:00,4612,76.9,Dinner,4,Tue,Sat,21,278278,wisely
2026-06-06T06:08:11+00:00,2026-06-09T21:45:00-04:00,5497,91.6,Dinner,2,Tue,Sat,21,278278,wisely
2026-06-06T06:08:12+00:00,2026-06-09T21:45:00-04:00,5497,91.6,Dinner,4,Tue,Sat,21,278278,wisely
2026-06-08T18:40:09+00:00,2026-06-10T11:30:00-04:00,2690,44.8,Lunch,2,Wed,Mon,11,278278,wisely
2026-06-08T18:40:10+00:00,2026-06-10T11:30:00-04:00,2690,44.8,Lunch,4,Wed,Mon,11,278278,wisely
2026-06-08T21:05:56+00:00,2026-06-10T12:00:00-04:00,2574,42.9,Lunch,2,Wed,Mon,12,278278,wisely
2026-06-08T21:05:58+00:00,2026-06-10T12:00:00-04:00,2574,42.9,Lunch,4,Wed,Mon,12,278278,wisely
2026-06-09T15:46:51+00:00,2026-06-10T12:15:00-04:00,1468,24.5,Lunch,2,Wed,Tue,12,278278,wisely
2026-06-09T15:46:52+00:00,2026-06-10T12:15:00-04:00,1468,24.5,Lunch,4,Wed,Tue,12,278278,wisely
2026-06-09T17:49:12+00:00,2026-06-10T12:30:00-04:00,1361,22.7,Lunch,2,Wed,Tue,12,278278,wisely
2026-06-09T17:49:13+00:00,2026-06-10T12:30:00-04:00,1361,22.7,Lunch,4,Wed,Tue,12,278278,wisely
2026-06-09T21:25:48+00:00,2026-06-10T12:45:00-04:00,1159,19.3,Lunch,2,Wed,Tue,12,278278,wisely
2026-06-09T21:25:49+00:00,2026-06-10T12:45:00-04:00,1159,19.3,Lunch,4,Wed,Tue,12,278278,wisely
2026-06-08T21:05:57+00:00,2026-06-10T13:30:00-04:00,2664,44.4,Lunch,2,Wed,Mon,13,278278,wisely
2026-06-08T21:05:58+00:00,2026-06-10T13:30:00-04:00,2664,44.4,Lunch,4,Wed,Mon,13,278278,wisely
2026-06-08T06:59:59+00:00,2026-06-10T13:45:00-04:00,3525,58.8,Lunch,2,Wed,Mon,13,278278,wisely
2026-06-09T15:46:52+00:00,2026-06-10T13:45:00-04:00,1558,26.0,Lunch,4,Wed,Tue,13,278278,wisely
2026-06-09T15:46:57+00:00,2026-06-10T14:00:00-04:00,1573,26.2,Lunch,2,Wed,Tue,14,278278,wisely
2026-06-09T15:46:57+00:00,2026-06-10T14:00:00-04:00,1573,26.2,Lunch,4,Wed,Tue,14,278278,wisely
2026-06-08T06:59:59+00:00,2026-06-10T14:15:00-04:00,3555,59.3,Lunch,2,Wed,Mon,14,278278,wisely
2026-06-08T07:00:00+00:00,2026-06-10T14:15:00-04:00,3555,59.2,Lunch,4,Wed,Mon,14,278278,wisely
2026-06-08T06:59:59+00:00,2026-06-10T14:30:00-04:00,3570,59.5,Lunch,2,Wed,Mon,14,278278,wisely
2026-06-08T07:00:00+00:00,2026-06-10T14:30:00-04:00,3570,59.5,Lunch,4,Wed,Mon,14,278278,wisely
2026-06-10T04:51:58+00:00,2026-06-10T14:45:00-04:00,833,13.9,Lunch,2,Wed,Wed,14,278278,wisely
2026-06-08T07:00:00+00:00,2026-06-10T14:45:00-04:00,3585,59.7,Lunch,4,Wed,Mon,14,278278,wisely
2026-06-10T15:40:35+00:00,2026-06-10T15:00:00-04:00,199,3.3,Lunch,2,Wed,Wed,15,278278,wisely
2026-06-08T23:07:29+00:00,2026-06-10T15:00:00-04:00,2633,43.9,Lunch,4,Wed,Mon,15,278278,wisely
2026-06-10T15:40:35+00:00,2026-06-10T15:15:00-04:00,214,3.6,Lunch,2,Wed,Wed,15,278278,wisely
2026-06-10T15:40:36+00:00,2026-06-10T15:30:00-04:00,229,3.8,Lunch,4,Wed,Wed,15,278278,wisely
2026-06-08T16:15:50+00:00,2026-06-10T16:30:00-04:00,3134,52.2,Dinner,2,Wed,Mon,16,278278,wisely
2026-06-08T16:15:50+00:00,2026-06-10T16:30:00-04:00,3134,52.2,Dinner,4,Wed,Mon,16,278278,wisely
2026-06-09T22:59:00+00:00,2026-06-10T16:45:00-04:00,1306,21.8,Dinner,2,Wed,Tue,16,278278,wisely
2026-06-09T22:59:02+00:00,2026-06-10T16:45:00-04:00,1306,21.8,Dinner,4,Wed,Tue,16,278278,wisely
2026-06-08T02:08:09+00:00,2026-06-10T18:15:00-04:00,4087,68.1,Dinner,2,Wed,Sun,18,278278,wisely
2026-06-09T15:46:37+00:00,2026-06-10T19:45:00-04:00,1918,32.0,Dinner,2,Wed,Tue,19,278278,wisely
2026-06-09T15:46:37+00:00,2026-06-10T19:45:00-04:00,1918,32.0,Dinner,4,Wed,Tue,19,278278,wisely
2026-06-09T17:48:32+00:00,2026-06-10T20:00:00-04:00,1811,30.2,Dinner,2,Wed,Tue,20,278278,wisely
2026-06-09T17:48:33+00:00,2026-06-10T20:00:00-04:00,1811,30.2,Dinner,4,Wed,Tue,20,278278,wisely
2026-06-09T15:46:37+00:00,2026-06-10T20:15:00-04:00,1948,32.5,Dinner,2,Wed,Tue,20,278278,wisely
2026-06-09T15:46:42+00:00,2026-06-10T20:45:00-04:00,1978,33.0,Dinner,2,Wed,Tue,20,278278,wisely
2026-06-07T06:38:42+00:00,2026-06-10T21:00:00-04:00,5421,90.4,Dinner,2,Wed,Sun,21,278278,wisely
2026-06-08T21:52:02+00:00,2026-06-10T21:00:00-04:00,3068,51.1,Dinner,4,Wed,Mon,21,278278,wisely
2026-06-08T21:52:02+00:00,2026-06-10T21:15:00-04:00,3083,51.4,Dinner,2,Wed,Mon,21,278278,wisely
2026-06-08T21:52:03+00:00,2026-06-10T21:15:00-04:00,3083,51.4,Dinner,4,Wed,Mon,21,278278,wisely
2026-06-07T06:38:43+00:00,2026-06-10T21:45:00-04:00,5466,91.1,Dinner,2,Wed,Sun,21,278278,wisely
2026-06-07T06:38:43+00:00,2026-06-10T21:45:00-04:00,5466,91.1,Dinner,4,Wed,Sun,21,278278,wisely
2026-06-10T15:40:59+00:00,2026-06-11T11:30:00-04:00,1429,23.8,Lunch,2,Thu,Wed,11,278278,wisely
2026-06-10T15:41:00+00:00,2026-06-11T11:30:00-04:00,1429,23.8,Lunch,4,Thu,Wed,11,278278,wisely
2026-06-10T04:52:11+00:00,2026-06-11T11:45:00-04:00,2093,34.9,Lunch,2,Thu,Wed,11,278278,wisely
2026-06-10T04:52:12+00:00,2026-06-11T11:45:00-04:00,2093,34.9,Lunch,4,Thu,Wed,11,278278,wisely
2026-06-10T15:41:00+00:00,2026-06-11T12:00:00-04:00,1459,24.3,Lunch,2,Thu,Wed,12,278278,wisely
2026-06-10T15:41:00+00:00,2026-06-11T12:00:00-04:00,1459,24.3,Lunch,4,Thu,Wed,12,278278,wisely
2026-06-10T15:41:00+00:00,2026-06-11T12:15:00-04:00,1474,24.6,Lunch,2,Thu,Wed,12,278278,wisely
2026-06-10T15:41:00+00:00,2026-06-11T12:15:00-04:00,1474,24.6,Lunch,4,Thu,Wed,12,278278,wisely
2026-06-09T06:29:33+00:00,2026-06-11T14:15:00-04:00,3585,59.8,Lunch,2,Thu,Tue,14,278278,wisely
2026-06-09T06:29:34+00:00,2026-06-11T14:15:00-04:00,3585,59.8,Lunch,4,Thu,Tue,14,278278,wisely
2026-06-09T06:29:33+00:00,2026-06-11T14:30:00-04:00,3600,60.0,Lunch,2,Thu,Tue,14,278278,wisely
2026-06-09T06:29:34+00:00,2026-06-11T14:30:00-04:00,3600,60.0,Lunch,4,Thu,Tue,14,278278,wisely
2026-06-09T06:29:33+00:00,2026-06-11T14:45:00-04:00,3615,60.3,Lunch,2,Thu,Tue,14,278278,wisely
2026-06-09T06:29:34+00:00,2026-06-11T14:45:00-04:00,3615,60.3,Lunch,4,Thu,Tue,14,278278,wisely
2026-06-10T11:58:58+00:00,2026-06-11T15:00:00-04:00,1861,31.0,Lunch,2,Thu,Wed,15,278278,wisely
2026-06-10T11:58:59+00:00,2026-06-11T15:00:00-04:00,1861,31.0,Lunch,4,Thu,Wed,15,278278,wisely
2026-06-11T04:56:12+00:00,2026-06-11T15:15:00-04:00,859,14.3,Lunch,2,Thu,Thu,15,278278,wisely
2026-06-10T20:48:12+00:00,2026-06-11T15:15:00-04:00,1347,22.4,Lunch,4,Thu,Wed,15,278278,wisely
2026-06-10T15:40:47+00:00,2026-06-11T16:30:00-04:00,1729,28.8,Dinner,2,Thu,Wed,16,278278,wisely
2026-06-10T15:40:48+00:00,2026-06-11T16:30:00-04:00,1729,28.8,Dinner,4,Thu,Wed,16,278278,wisely
2026-06-10T23:46:33+00:00,2026-06-11T18:45:00-04:00,1378,23.0,Dinner,2,Thu,Wed,18,278278,wisely
2026-06-10T23:46:35+00:00,2026-06-11T18:45:00-04:00,1378,23.0,Dinner,4,Thu,Wed,18,278278,wisely
2026-06-10T23:46:33+00:00,2026-06-11T19:00:00-04:00,1393,23.2,Dinner,2,Thu,Wed,19,278278,wisely
2026-06-10T15:40:47+00:00,2026-06-11T20:30:00-04:00,1969,32.8,Dinner,2,Thu,Wed,20,278278,wisely
2026-06-10T15:40:48+00:00,2026-06-11T20:30:00-04:00,1969,32.8,Dinner,4,Thu,Wed,20,278278,wisely
2026-06-10T15:40:47+00:00,2026-06-11T21:15:00-04:00,2014,33.6,Dinner,2,Thu,Wed,21,278278,wisely
2026-06-10T15:40:48+00:00,2026-06-11T21:15:00-04:00,2014,33.6,Dinner,4,Thu,Wed,21,278278,wisely
2026-06-09T15:47:01+00:00,2026-06-11T21:30:00-04:00,3463,57.7,Dinner,2,Thu,Tue,21,278278,wisely
2026-06-09T15:47:01+00:00,2026-06-11T21:30:00-04:00,3463,57.7,Dinner,4,Thu,Tue,21,278278,wisely
2026-06-10T18:18:27+00:00,2026-06-11T21:45:00-04:00,1887,31.4,Dinner,2,Thu,Wed,21,278278,wisely
2026-06-10T18:18:28+00:00,2026-06-11T21:45:00-04:00,1887,31.4,Dinner,4,Thu,Wed,21,278278,wisely
2026-06-10T23:47:39+00:00,2026-06-12T11:30:00-04:00,2382,39.7,Lunch,2,Fri,Wed,11,278278,wisely
2026-06-10T23:47:40+00:00,2026-06-12T11:30:00-04:00,2382,39.7,Lunch,4,Fri,Wed,11,278278,wisely
2026-06-11T16:43:26+00:00,2026-06-12T11:45:00-04:00,1382,23.0,Lunch,2,Fri,Thu,11,278278,wisely
2026-06-11T16:43:28+00:00,2026-06-12T11:45:00-04:00,1382,23.0,Lunch,4,Fri,Thu,11,278278,wisely
2026-06-11T16:43:27+00:00,2026-06-12T12:00:00-04:00,1397,23.3,Lunch,2,Fri,Thu,12,278278,wisely
2026-06-11T16:43:28+00:00,2026-06-12T12:00:00-04:00,1397,23.3,Lunch,4,Fri,Thu,12,278278,wisely
2026-06-10T18:19:07+00:00,2026-06-12T12:30:00-04:00,2771,46.2,Lunch,2,Fri,Wed,12,278278,wisely
2026-06-11T23:09:43+00:00,2026-06-12T12:45:00-04:00,1055,17.6,Lunch,2,Fri,Thu,12,278278,wisely
2026-06-11T23:09:44+00:00,2026-06-12T12:45:00-04:00,1055,17.6,Lunch,4,Fri,Thu,12,278278,wisely
2026-06-11T16:43:31+00:00,2026-06-12T13:15:00-04:00,1471,24.5,Lunch,2,Fri,Thu,13,278278,wisely
2026-06-11T16:43:31+00:00,2026-06-12T13:15:00-04:00,1471,24.5,Lunch,4,Fri,Thu,13,278278,wisely
2026-06-11T21:35:19+00:00,2026-06-12T13:30:00-04:00,1195,19.9,Lunch,2,Fri,Thu,13,278278,wisely
2026-06-11T16:43:33+00:00,2026-06-12T13:45:00-04:00,1501,25.0,Lunch,2,Fri,Thu,13,278278,wisely
2026-06-11T21:35:20+00:00,2026-06-12T13:45:00-04:00,1210,20.2,Lunch,4,Fri,Thu,13,278278,wisely
2026-06-11T21:35:30+00:00,2026-06-12T14:15:00-04:00,1239,20.7,Lunch,2,Fri,Thu,14,278278,wisely
2026-06-11T21:35:29+00:00,2026-06-12T14:15:00-04:00,1240,20.7,Lunch,4,Fri,Thu,14,278278,wisely
2026-06-10T04:52:25+00:00,2026-06-12T14:30:00-04:00,3698,61.6,Lunch,2,Fri,Wed,14,278278,wisely
2026-06-12T06:17:28+00:00,2026-06-12T14:30:00-04:00,733,12.2,Lunch,4,Fri,Fri,14,278278,wisely
2026-06-11T23:09:59+00:00,2026-06-12T14:45:00-04:00,1175,19.6,Lunch,2,Fri,Thu,14,278278,wisely
2026-06-10T04:52:25+00:00,2026-06-12T15:15:00-04:00,3743,62.4,Lunch,2,Fri,Wed,15,278278,wisely
2026-06-11T16:43:35+00:00,2026-06-12T15:30:00-04:00,1606,26.8,Lunch,4,Fri,Thu,15,278278,wisely
2026-06-11T23:09:59+00:00,2026-06-12T15:45:00-04:00,1235,20.6,Lunch,4,Fri,Thu,15,278278,wisely
2026-06-11T12:54:03+00:00,2026-06-12T16:15:00-04:00,1881,31.3,Lunch,2,Fri,Thu,16,278278,wisely
2026-06-11T16:43:15+00:00,2026-06-12T16:30:00-04:00,1667,27.8,Dinner,2,Fri,Thu,16,278278,wisely
2026-06-11T16:43:16+00:00,2026-06-12T16:30:00-04:00,1667,27.8,Dinner,4,Fri,Thu,16,278278,wisely
2026-06-11T12:53:52+00:00,2026-06-12T16:45:00-04:00,1911,31.9,Dinner,2,Fri,Thu,16,278278,wisely
2026-06-11T12:53:53+00:00,2026-06-12T16:45:00-04:00,1911,31.9,Dinner,4,Fri,Thu,16,278278,wisely
2026-06-09T10:10:35+00:00,2026-06-12T20:15:00-04:00,5164,86.1,Dinner,2,Fri,Tue,20,278278,wisely
2026-06-11T16:43:16+00:00,2026-06-12T21:00:00-04:00,1937,32.3,Dinner,2,Fri,Thu,21,278278,wisely
2026-06-11T16:43:17+00:00,2026-06-12T21:00:00-04:00,1937,32.3,Dinner,4,Fri,Thu,21,278278,wisely
2026-06-11T23:09:32+00:00,2026-06-12T21:15:00-04:00,1565,26.1,Dinner,2,Fri,Thu,21,278278,wisely
2026-06-11T23:09:32+00:00,2026-06-12T21:15:00-04:00,1565,26.1,Dinner,4,Fri,Thu,21,278278,wisely
2026-06-11T16:43:20+00:00,2026-06-12T21:30:00-04:00,1967,32.8,Dinner,2,Fri,Thu,21,278278,wisely
2026-06-11T16:43:21+00:00,2026-06-12T21:30:00-04:00,1967,32.8,Dinner,4,Fri,Thu,21,278278,wisely
2026-06-11T12:53:52+00:00,2026-06-12T21:45:00-04:00,2211,36.9,Dinner,2,Fri,Thu,21,278278,wisely
2026-06-11T12:53:53+00:00,2026-06-12T21:45:00-04:00,2211,36.9,Dinner,4,Fri,Thu,21,278278,wisely
2026-06-13T13:12:35+00:00,2026-06-13T11:30:00-04:00,137,2.3,Lunch,2,Sat,Sat,11,278278,wisely
2026-06-13T13:12:35+00:00,2026-06-13T11:30:00-04:00,137,2.3,Lunch,4,Sat,Sat,11,278278,wisely
2026-06-11T04:56:41+00:00,2026-06-13T11:45:00-04:00,3528,58.8,Lunch,2,Sat,Thu,11,278278,wisely
2026-06-12T13:50:21+00:00,2026-06-13T12:00:00-04:00,1570,26.2,Lunch,2,Sat,Fri,12,278278,wisely
2026-06-12T13:50:22+00:00,2026-06-13T12:00:00-04:00,1570,26.2,Lunch,4,Sat,Fri,12,278278,wisely
2026-06-12T20:36:23+00:00,2026-06-13T12:15:00-04:00,1179,19.6,Lunch,2,Sat,Fri,12,278278,wisely
2026-06-13T06:43:00+00:00,2026-06-13T12:15:00-04:00,572,9.5,Lunch,4,Sat,Sat,12,278278,wisely
2026-06-12T18:30:05+00:00,2026-06-13T12:30:00-04:00,1320,22.0,Lunch,2,Sat,Fri,12,278278,wisely
2026-06-12T01:38:17+00:00,2026-06-13T12:45:00-04:00,2347,39.1,Lunch,2,Sat,Thu,12,278278,wisely
2026-06-12T16:34:49+00:00,2026-06-13T12:45:00-04:00,1450,24.2,Lunch,4,Sat,Fri,12,278278,wisely
2026-06-12T13:50:21+00:00,2026-06-13T13:00:00-04:00,1630,27.2,Lunch,2,Sat,Fri,13,278278,wisely
2026-06-11T04:56:41+00:00,2026-06-13T13:15:00-04:00,3618,60.3,Lunch,2,Sat,Thu,13,278278,wisely
2026-06-12T16:34:59+00:00,2026-06-13T13:30:00-04:00,1495,24.9,Lunch,2,Sat,Fri,13,278278,wisely
2026-06-12T16:35:02+00:00,2026-06-13T13:45:00-04:00,1510,25.2,Lunch,2,Sat,Fri,13,278278,wisely
2026-06-12T16:34:49+00:00,2026-06-13T13:45:00-04:00,1510,25.2,Lunch,4,Sat,Fri,13,278278,wisely
2026-06-11T12:54:22+00:00,2026-06-13T14:15:00-04:00,3201,53.3,Lunch,2,Sat,Thu,14,278278,wisely
2026-06-11T12:54:23+00:00,2026-06-13T14:15:00-04:00,3201,53.3,Lunch,4,Sat,Thu,14,278278,wisely
2026-06-12T16:35:04+00:00,2026-06-13T14:30:00-04:00,1555,25.9,Lunch,2,Sat,Fri,14,278278,wisely
2026-06-12T16:35:02+00:00,2026-06-13T14:30:00-04:00,1555,25.9,Lunch,4,Sat,Fri,14,278278,wisely
2026-06-12T23:55:05+00:00,2026-06-13T16:30:00-04:00,1235,20.6,Dinner,2,Sat,Fri,16,278278,wisely
2026-06-12T01:38:07+00:00,2026-06-13T16:45:00-04:00,2587,43.1,Dinner,2,Sat,Thu,16,278278,wisely
2026-06-12T01:38:07+00:00,2026-06-13T16:45:00-04:00,2587,43.1,Dinner,4,Sat,Thu,16,278278,wisely
2026-06-10T22:04:35+00:00,2026-06-13T19:45:00-04:00,4420,73.7,Dinner,2,Sat,Wed,19,278278,wisely
2026-06-12T21:46:29+00:00,2026-06-13T20:00:00-04:00,1574,26.2,Dinner,2,Sat,Fri,20,278278,wisely
2026-06-12T21:46:30+00:00,2026-06-13T20:00:00-04:00,1573,26.2,Dinner,4,Sat,Fri,20,278278,wisely
2026-06-11T19:25:10+00:00,2026-06-13T20:15:00-04:00,3170,52.8,Dinner,2,Sat,Thu,20,278278,wisely
2026-06-11T19:25:12+00:00,2026-06-13T20:15:00-04:00,3170,52.8,Dinner,4,Sat,Thu,20,278278,wisely
2026-06-12T18:29:36+00:00,2026-06-13T20:30:00-04:00,1800,30.0,Dinner,2,Sat,Fri,20,278278,wisely
2026-06-12T18:29:37+00:00,2026-06-13T20:30:00-04:00,1800,30.0,Dinner,4,Sat,Fri,20,278278,wisely
2026-06-12T16:34:35+00:00,2026-06-13T20:45:00-04:00,1930,32.2,Dinner,2,Sat,Fri,20,278278,wisely
2026-06-12T16:34:38+00:00,2026-06-13T20:45:00-04:00,1930,32.2,Dinner,4,Sat,Fri,20,278278,wisely
2026-06-13T01:33:07+00:00,2026-06-13T21:00:00-04:00,1407,23.4,Dinner,2,Sat,Fri,21,278278,wisely
2026-06-13T16:50:49+00:00,2026-06-13T21:00:00-04:00,489,8.2,Dinner,4,Sat,Sat,21,278278,wisely
2026-06-11T16:43:36+00:00,2026-06-13T21:15:00-04:00,3391,56.5,Dinner,2,Sat,Thu,21,278278,wisely
2026-06-11T16:43:37+00:00,2026-06-13T21:15:00-04:00,3391,56.5,Dinner,4,Sat,Thu,21,278278,wisely
2026-06-11T16:43:37+00:00,2026-06-13T21:30:00-04:00,3406,56.8,Dinner,2,Sat,Thu,21,278278,wisely
2026-06-12T16:34:38+00:00,2026-06-13T21:30:00-04:00,1975,32.9,Dinner,4,Sat,Fri,21,278278,wisely
2026-06-11T12:54:12+00:00,2026-06-13T21:45:00-04:00,3651,60.8,Dinner,2,Sat,Thu,21,278278,wisely
2026-06-11T12:54:12+00:00,2026-06-13T21:45:00-04:00,3651,60.8,Dinner,4,Sat,Thu,21,278278,wisely
2026-06-12T18:30:31+00:00,2026-06-14T11:30:00-04:00,2699,45.0,Lunch,2,Sun,Fri,11,278278,wisely
2026-06-13T13:12:51+00:00,2026-06-14T11:45:00-04:00,1592,26.5,Lunch,2,Sun,Sat,11,278278,wisely
2026-06-12T21:47:10+00:00,2026-06-14T12:00:00-04:00,2533,42.2,Lunch,2,Sun,Fri,12,278278,wisely
2026-06-14T14:19:14+00:00,2026-06-14T12:00:00-04:00,101,1.7,Lunch,4,Sun,Sun,12,278278,wisely
2026-06-14T15:59:16+00:00,2026-06-14T12:30:00-04:00,31,0.5,Lunch,2,Sun,Sun,12,278278,wisely
2026-06-14T15:59:16+00:00,2026-06-14T12:30:00-04:00,31,0.5,Lunch,4,Sun,Sun,12,278278,wisely
2026-06-13T15:14:03+00:00,2026-06-14T12:45:00-04:00,1531,25.5,Lunch,2,Sun,Sat,12,278278,wisely
2026-06-14T12:00:00+00:00,2026-06-14T13:00:00-04:00,300,5.0,Lunch,2,Sun,Sun,13,278278,wisely
2026-06-13T15:14:08+00:00,2026-06-14T13:15:00-04:00,1561,26.0,Lunch,2,Sun,Sat,13,278278,wisely
2026-06-13T15:14:10+00:00,2026-06-14T13:45:00-04:00,1591,26.5,Lunch,2,Sun,Sat,13,278278,wisely
2026-06-13T01:33:56+00:00,2026-06-14T14:15:00-04:00,2441,40.7,Lunch,2,Sun,Fri,14,278278,wisely
2026-06-13T16:51:40+00:00,2026-06-14T14:15:00-04:00,1523,25.4,Lunch,4,Sun,Sat,14,278278,wisely
2026-06-12T06:17:52+00:00,2026-06-14T14:30:00-04:00,3612,60.2,Lunch,2,Sun,Fri,14,278278,wisely
2026-06-12T06:17:52+00:00,2026-06-14T14:30:00-04:00,3612,60.2,Lunch,4,Sun,Fri,14,278278,wisely
2026-06-13T21:18:22+00:00,2026-06-14T15:00:00-04:00,1302,21.7,Lunch,2,Sun,Sat,15,278278,wisely
2026-06-13T21:18:13+00:00,2026-06-14T15:00:00-04:00,1302,21.7,Lunch,4,Sun,Sat,15,278278,wisely
2026-06-13T20:57:29+00:00,2026-06-14T15:15:00-04:00,1338,22.3,Lunch,2,Sun,Sat,15,278278,wisely
2026-06-13T15:14:03+00:00,2026-06-14T15:45:00-04:00,1711,28.5,Lunch,4,Sun,Sat,15,278278,wisely
2026-06-13T20:57:16+00:00,2026-06-14T16:00:00-04:00,1383,23.0,Lunch,4,Sun,Sat,16,278278,wisely
2026-06-13T15:14:04+00:00,2026-06-14T16:15:00-04:00,1741,29.0,Lunch,4,Sun,Sat,16,278278,wisely
2026-06-13T22:02:34+00:00,2026-06-14T16:30:00-04:00,1347,22.5,Dinner,2,Sun,Sat,16,278278,wisely
2026-06-13T15:13:49+00:00,2026-06-14T16:30:00-04:00,1756,29.3,Dinner,4,Sun,Sat,16,278278,wisely
2026-06-13T15:13:48+00:00,2026-06-14T16:45:00-04:00,1771,29.5,Dinner,2,Sun,Sat,16,278278,wisely
2026-06-12T23:55:32+00:00,2026-06-14T17:00:00-04:00,2704,45.1,Dinner,2,Sun,Fri,17,278278,wisely
2026-06-13T15:13:49+00:00,2026-06-14T17:00:00-04:00,1786,29.8,Dinner,4,Sun,Sat,17,278278,wisely
2026-06-13T15:13:48+00:00,2026-06-14T17:15:00-04:00,1801,30.0,Dinner,2,Sun,Sat,17,278278,wisely
2026-06-14T09:58:20+00:00,2026-06-14T17:45:00-04:00,707,11.8,Dinner,2,Sun,Sun,17,278278,wisely
2026-06-14T09:58:23+00:00,2026-06-14T17:45:00-04:00,707,11.8,Dinner,4,Sun,Sun,17,278278,wisely
2026-06-13T23:42:51+00:00,2026-06-14T19:30:00-04:00,1427,23.8,Dinner,2,Sun,Sat,19,278278,wisely
2026-06-13T15:13:52+00:00,2026-06-14T20:15:00-04:00,1981,33.0,Dinner,2,Sun,Sat,20,278278,wisely
2026-06-13T15:13:53+00:00,2026-06-14T20:30:00-04:00,1996,33.3,Dinner,2,Sun,Sat,20,278278,wisely
2026-06-13T15:13:49+00:00,2026-06-14T20:30:00-04:00,1996,33.3,Dinner,4,Sun,Sat,20,278278,wisely
2026-06-13T15:13:54+00:00,2026-06-14T20:45:00-04:00,2011,33.5,Dinner,2,Sun,Sat,20,278278,wisely
2026-06-13T15:13:53+00:00,2026-06-14T20:45:00-04:00,2011,33.5,Dinner,4,Sun,Sat,20,278278,wisely
2026-06-11T04:56:47+00:00,2026-06-14T21:00:00-04:00,5523,92.1,Dinner,2,Sun,Thu,21,278278,wisely
2026-06-13T15:13:57+00:00,2026-06-14T21:15:00-04:00,2041,34.0,Dinner,2,Sun,Sat,21,278278,wisely
2026-06-14T02:02:51+00:00,2026-06-14T21:15:00-04:00,1392,23.2,Dinner,4,Sun,Sat,21,278278,wisely
2026-06-13T06:43:26+00:00,2026-06-15T11:30:00-04:00,3407,56.8,Lunch,2,Mon,Sat,11,278278,wisely
2026-06-13T06:43:27+00:00,2026-06-15T11:30:00-04:00,3407,56.8,Lunch,4,Mon,Sat,11,278278,wisely
2026-06-14T14:19:32+00:00,2026-06-15T11:45:00-04:00,1525,25.4,Lunch,2,Mon,Sun,11,278278,wisely
2026-06-14T14:19:33+00:00,2026-06-15T11:45:00-04:00,1525,25.4,Lunch,4,Mon,Sun,11,278278,wisely
2026-06-14T22:36:36+00:00,2026-06-15T12:00:00-04:00,1043,17.4,Lunch,2,Mon,Sun,12,278278,wisely
2026-06-14T22:36:37+00:00,2026-06-15T12:00:00-04:00,1043,17.4,Lunch,4,Mon,Sun,12,278278,wisely
2026-06-13T06:43:26+00:00,2026-06-15T12:15:00-04:00,3452,57.5,Lunch,2,Mon,Sat,12,278278,wisely
2026-06-14T14:19:38+00:00,2026-06-15T12:30:00-04:00,1570,26.2,Lunch,2,Mon,Sun,12,278278,wisely
2026-06-14T14:19:33+00:00,2026-06-15T12:30:00-04:00,1570,26.2,Lunch,4,Mon,Sun,12,278278,wisely
2026-06-14T14:19:40+00:00,2026-06-15T12:45:00-04:00,1585,26.4,Lunch,2,Mon,Sun,12,278278,wisely
2026-06-14T14:19:39+00:00,2026-06-15T12:45:00-04:00,1585,26.4,Lunch,4,Mon,Sun,12,278278,wisely
2026-06-13T06:43:27+00:00,2026-06-15T13:00:00-04:00,3497,58.3,Lunch,2,Mon,Sat,13,278278,wisely
2026-06-13T06:43:28+00:00,2026-06-15T13:00:00-04:00,3497,58.3,Lunch,4,Mon,Sat,13,278278,wisely
2026-06-13T06:43:31+00:00,2026-06-15T13:45:00-04:00,3541,59.0,Lunch,2,Mon,Sat,13,278278,wisely
2026-06-13T06:43:29+00:00,2026-06-15T13:45:00-04:00,3542,59.0,Lunch,4,Mon,Sat,13,278278,wisely
2026-06-13T06:43:32+00:00,2026-06-15T14:00:00-04:00,3556,59.3,Lunch,2,Mon,Sat,14,278278,wisely
2026-06-13T06:43:32+00:00,2026-06-15T14:00:00-04:00,3556,59.3,Lunch,4,Mon,Sat,14,278278,wisely
2026-06-13T06:43:33+00:00,2026-06-15T14:15:00-04:00,3571,59.5,Lunch,2,Mon,Sat,14,278278,wisely
2026-06-13T06:43:34+00:00,2026-06-15T14:15:00-04:00,3571,59.5,Lunch,4,Mon,Sat,14,278278,wisely
2026-06-13T20:58:04+00:00,2026-06-15T14:30:00-04:00,2732,45.5,Lunch,2,Mon,Sat,14,278278,wisely
2026-06-13T20:58:05+00:00,2026-06-15T14:30:00-04:00,2732,45.5,Lunch,4,Mon,Sat,14,278278,wisely
2026-06-15T02:08:38+00:00,2026-06-15T14:45:00-04:00,996,16.6,Lunch,2,Mon,Sun,14,278278,wisely
2026-06-15T02:08:40+00:00,2026-06-15T14:45:00-04:00,996,16.6,Lunch,4,Mon,Sun,14,278278,wisely
2026-06-15T16:08:08+00:00,2026-06-15T15:00:00-04:00,172,2.9,Lunch,2,Mon,Mon,15,278278,wisely
2026-06-15T16:08:10+00:00,2026-06-15T15:00:00-04:00,172,2.9,Lunch,4,Mon,Mon,15,278278,wisely
2026-06-14T14:19:23+00:00,2026-06-15T16:30:00-04:00,1811,30.2,Dinner,2,Mon,Sun,16,278278,wisely
2026-06-14T15:59:21+00:00,2026-06-15T17:00:00-04:00,1741,29.0,Dinner,2,Mon,Sun,17,278278,wisely
2026-06-14T15:59:22+00:00,2026-06-15T17:00:00-04:00,1741,29.0,Dinner,4,Mon,Sun,17,278278,wisely
2026-06-13T22:33:27+00:00,2026-06-15T18:15:00-04:00,2862,47.7,Dinner,2,Mon,Sat,18,278278,wisely
2026-06-12T18:30:36+00:00,2026-06-15T21:00:00-04:00,4709,78.5,Dinner,2,Mon,Fri,21,278278,wisely
2026-06-12T18:30:37+00:00,2026-06-15T21:00:00-04:00,4709,78.5,Dinner,4,Mon,Fri,21,278278,wisely
2026-06-14T15:59:21+00:00,2026-06-15T21:15:00-04:00,1996,33.3,Dinner,2,Mon,Sun,21,278278,wisely
2026-06-14T15:59:22+00:00,2026-06-15T21:15:00-04:00,1996,33.3,Dinner,4,Mon,Sun,21,278278,wisely
2026-06-14T14:19:23+00:00,2026-06-15T21:30:00-04:00,2111,35.2,Dinner,2,Mon,Sun,21,278278,wisely
2026-06-14T14:19:24+00:00,2026-06-15T21:30:00-04:00,2111,35.2,Dinner,4,Mon,Sun,21,278278,wisely
2026-06-12T06:17:57+00:00,2026-06-15T21:45:00-04:00,5487,91.5,Dinner,2,Mon,Fri,21,278278,wisely
2026-06-14T14:19:24+00:00,2026-06-15T21:45:00-04:00,2126,35.4,Dinner,4,Mon,Sun,21,278278,wisely
2026-06-14T06:20:07+00:00,2026-06-16T11:30:00-04:00,3430,57.2,Lunch,2,Tue,Sun,11,278278,wisely
2026-06-14T06:20:09+00:00,2026-06-16T11:30:00-04:00,3430,57.2,Lunch,4,Tue,Sun,11,278278,wisely
2026-06-14T06:20:08+00:00,2026-06-16T12:15:00-04:00,3475,57.9,Lunch,2,Tue,Sun,12,278278,wisely
2026-06-14T06:20:09+00:00,2026-06-16T12:15:00-04:00,3475,57.9,Lunch,4,Tue,Sun,12,278278,wisely
2026-06-15T19:54:10+00:00,2026-06-16T12:45:00-04:00,1251,20.8,Lunch,2,Tue,Mon,12,278278,wisely
2026-06-15T19:54:12+00:00,2026-06-16T12:45:00-04:00,1251,20.8,Lunch,4,Tue,Mon,12,278278,wisely
2026-06-14T17:25:46+00:00,2026-06-16T13:15:00-04:00,2869,47.8,Lunch,2,Tue,Sun,13,278278,wisely
2026-06-15T10:32:18+00:00,2026-06-16T13:30:00-04:00,1858,31.0,Lunch,2,Tue,Mon,13,278278,wisely
2026-06-16T00:00:53+00:00,2026-06-16T13:30:00-04:00,1049,17.5,Lunch,4,Tue,Mon,13,278278,wisely
2026-06-14T06:20:08+00:00,2026-06-16T13:45:00-04:00,3565,59.4,Lunch,2,Tue,Sun,13,278278,wisely
2026-06-15T19:54:13+00:00,2026-06-16T13:45:00-04:00,1311,21.8,Lunch,4,Tue,Mon,13,278278,wisely
2026-06-14T06:20:13+00:00,2026-06-16T14:00:00-04:00,3580,59.7,Lunch,2,Tue,Sun,14,278278,wisely
2026-06-16T15:27:21+00:00,2026-06-16T14:00:00-04:00,153,2.5,Lunch,4,Tue,Tue,14,278278,wisely
2026-06-14T06:20:15+00:00,2026-06-16T14:15:00-04:00,3595,59.9,Lunch,2,Tue,Sun,14,278278,wisely
2026-06-14T06:20:10+00:00,2026-06-16T14:15:00-04:00,3595,59.9,Lunch,4,Tue,Sun,14,278278,wisely
2026-06-16T05:27:14+00:00,2026-06-16T14:30:00-04:00,783,13.0,Lunch,2,Tue,Tue,14,278278,wisely
2026-06-14T06:20:14+00:00,2026-06-16T14:30:00-04:00,3610,60.2,Lunch,4,Tue,Sun,14,278278,wisely
2026-06-14T06:20:16+00:00,2026-06-16T14:45:00-04:00,3625,60.4,Lunch,4,Tue,Sun,14,278278,wisely
2026-06-16T19:02:45+00:00,2026-06-16T15:15:00-04:00,12,0.2,Lunch,2,Tue,Tue,15,278278,wisely
2026-06-16T19:02:46+00:00,2026-06-16T15:15:00-04:00,12,0.2,Lunch,4,Tue,Tue,15,278278,wisely
2026-06-16T19:02:45+00:00,2026-06-16T15:30:00-04:00,27,0.5,Lunch,2,Tue,Tue,15,278278,wisely
2026-06-16T19:02:47+00:00,2026-06-16T15:30:00-04:00,27,0.5,Lunch,4,Tue,Tue,15,278278,wisely
2026-06-16T19:02:46+00:00,2026-06-16T15:45:00-04:00,42,0.7,Lunch,2,Tue,Tue,15,278278,wisely
2026-06-16T19:02:47+00:00,2026-06-16T15:45:00-04:00,42,0.7,Lunch,4,Tue,Tue,15,278278,wisely
2026-06-15T16:08:32+00:00,2026-06-16T16:30:00-04:00,1701,28.4,Dinner,2,Tue,Mon,16,278278,wisely
2026-06-15T19:54:00+00:00,2026-06-16T16:45:00-04:00,1491,24.8,Dinner,2,Tue,Mon,16,278278,wisely
2026-06-14T12:00:36+00:00,2026-06-16T18:00:00-04:00,3479,58.0,Dinner,2,Tue,Sun,18,278278,wisely
2026-06-14T12:00:37+00:00,2026-06-16T18:00:00-04:00,3479,58.0,Dinner,4,Tue,Sun,18,278278,wisely
2026-06-15T16:08:32+00:00,2026-06-16T21:00:00-04:00,1971,32.9,Dinner,2,Tue,Mon,21,278278,wisely
2026-06-15T16:08:33+00:00,2026-06-16T21:15:00-04:00,1986,33.1,Dinner,2,Tue,Mon,21,278278,wisely
2026-06-15T16:08:33+00:00,2026-06-16T21:15:00-04:00,1986,33.1,Dinner,4,Tue,Mon,21,278278,wisely
2026-06-14T01:40:04+00:00,2026-06-16T21:30:00-04:00,4310,71.8,Dinner,2,Tue,Sat,21,278278,wisely
2026-06-14T01:40:05+00:00,2026-06-16T21:30:00-04:00,4310,71.8,Dinner,4,Tue,Sat,21,278278,wisely
2026-06-13T06:43:35+00:00,2026-06-16T21:45:00-04:00,5461,91.0,Dinner,2,Tue,Sat,21,278278,wisely
2026-06-13T06:43:35+00:00,2026-06-16T21:45:00-04:00,5461,91.0,Dinner,4,Tue,Sat,21,278278,wisely
2026-06-15T04:11:13+00:00,2026-06-17T11:30:00-04:00,3559,59.3,Lunch,2,Wed,Mon,11,278278,wisely
2026-06-15T04:11:14+00:00,2026-06-17T11:30:00-04:00,3559,59.3,Lunch,4,Wed,Mon,11,278278,wisely
2026-06-15T16:09:19+00:00,2026-06-17T12:00:00-04:00,2871,47.8,Lunch,2,Wed,Mon,12,278278,wisely
2026-06-15T16:09:20+00:00,2026-06-17T12:00:00-04:00,2871,47.8,Lunch,4,Wed,Mon,12,278278,wisely
2026-06-16T21:45:56+00:00,2026-06-17T12:30:00-04:00,1124,18.7,Lunch,2,Wed,Tue,12,278278,wisely
2026-06-16T21:45:57+00:00,2026-06-17T12:30:00-04:00,1124,18.7,Lunch,4,Wed,Tue,12,278278,wisely
2026-06-16T00:01:18+00:00,2026-06-17T12:45:00-04:00,2444,40.7,Lunch,2,Wed,Mon,12,278278,wisely
2026-06-16T00:01:19+00:00,2026-06-17T12:45:00-04:00,2444,40.7,Lunch,4,Wed,Mon,12,278278,wisely
2026-06-17T06:51:25+00:00,2026-06-17T13:15:00-04:00,624,10.4,Lunch,2,Wed,Wed,13,278278,wisely
2026-06-17T06:51:27+00:00,2026-06-17T13:15:00-04:00,624,10.4,Lunch,4,Wed,Wed,13,278278,wisely
2026-06-16T15:27:58+00:00,2026-06-17T13:30:00-04:00,1562,26.0,Lunch,2,Wed,Tue,13,278278,wisely
2026-06-16T23:14:19+00:00,2026-06-17T13:30:00-04:00,1096,18.3,Lunch,4,Wed,Tue,13,278278,wisely
2026-06-15T16:09:19+00:00,2026-06-17T13:45:00-04:00,2976,49.6,Lunch,2,Wed,Mon,13,278278,wisely
2026-06-15T16:09:20+00:00,2026-06-17T13:45:00-04:00,2976,49.6,Lunch,4,Wed,Mon,13,278278,wisely
2026-06-15T04:11:13+00:00,2026-06-17T14:00:00-04:00,3709,61.8,Lunch,2,Wed,Mon,14,278278,wisely
2026-06-15T22:11:15+00:00,2026-06-17T14:00:00-04:00,2629,43.8,Lunch,4,Wed,Mon,14,278278,wisely
2026-06-15T04:11:13+00:00,2026-06-17T14:15:00-04:00,3724,62.1,Lunch,2,Wed,Mon,14,278278,wisely
2026-06-16T00:01:19+00:00,2026-06-17T14:15:00-04:00,2534,42.2,Lunch,4,Wed,Mon,14,278278,wisely
2026-06-15T04:11:17+00:00,2026-06-17T14:30:00-04:00,3739,62.3,Lunch,2,Wed,Mon,14,278278,wisely
2026-06-15T04:11:14+00:00,2026-06-17T14:30:00-04:00,3739,62.3,Lunch,4,Wed,Mon,14,278278,wisely
2026-06-16T21:46:06+00:00,2026-06-17T14:45:00-04:00,1259,21.0,Lunch,2,Wed,Tue,14,278278,wisely
2026-06-15T04:11:14+00:00,2026-06-17T14:45:00-04:00,3754,62.6,Lunch,4,Wed,Mon,14,278278,wisely
2026-06-17T17:36:54+00:00,2026-06-17T15:00:00-04:00,83,1.4,Lunch,2,Wed,Wed,15,278278,wisely
2026-06-15T04:11:18+00:00,2026-06-17T15:00:00-04:00,3769,62.8,Lunch,4,Wed,Mon,15,278278,wisely
2026-06-14T21:45:53+00:00,2026-06-17T16:30:00-04:00,4244,70.7,Dinner,2,Wed,Sun,16,278278,wisely
2026-06-16T15:27:46+00:00,2026-06-17T16:30:00-04:00,1742,29.0,Dinner,4,Wed,Tue,16,278278,wisely
2026-06-14T22:37:41+00:00,2026-06-17T17:00:00-04:00,4222,70.4,Dinner,2,Wed,Sun,17,278278,wisely
2026-06-14T22:37:42+00:00,2026-06-17T17:00:00-04:00,4222,70.4,Dinner,4,Wed,Sun,17,278278,wisely
2026-06-14T16:01:11+00:00,2026-06-17T18:15:00-04:00,4694,78.2,Dinner,2,Wed,Sun,18,278278,wisely
2026-06-16T15:27:45+00:00,2026-06-17T21:15:00-04:00,2027,33.8,Dinner,2,Wed,Tue,21,278278,wisely
2026-06-16T15:27:46+00:00,2026-06-17T21:15:00-04:00,2027,33.8,Dinner,4,Wed,Tue,21,278278,wisely
2026-06-16T15:27:46+00:00,2026-06-17T21:30:00-04:00,2042,34.0,Dinner,2,Wed,Tue,21,278278,wisely
2026-06-14T22:37:42+00:00,2026-06-17T21:45:00-04:00,4507,75.1,Dinner,2,Wed,Sun,21,278278,wisely
2026-06-14T22:37:42+00:00,2026-06-17T21:45:00-04:00,4507,75.1,Dinner,4,Wed,Sun,21,278278,wisely
2026-06-16T05:27:36+00:00,2026-06-18T11:30:00-04:00,3482,58.0,Lunch,2,Thu,Tue,11,278278,wisely
2026-06-16T05:27:37+00:00,2026-06-18T11:30:00-04:00,3482,58.0,Lunch,4,Thu,Tue,11,278278,wisely
2026-06-17T14:37:39+00:00,2026-06-18T11:45:00-04:00,1507,25.1,Lunch,2,Thu,Wed,11,278278,wisely
2026-06-17T14:37:40+00:00,2026-06-18T11:45:00-04:00,1507,25.1,Lunch,4,Thu,Wed,11,278278,wisely
2026-06-18T06:40:23+00:00,2026-06-18T12:00:00-04:00,560,9.3,Lunch,2,Thu,Thu,12,278278,wisely
2026-06-18T06:40:25+00:00,2026-06-18T12:00:00-04:00,560,9.3,Lunch,4,Thu,Thu,12,278278,wisely
2026-06-17T23:11:41+00:00,2026-06-18T12:45:00-04:00,1053,17.6,Lunch,2,Thu,Wed,12,278278,wisely
2026-06-18T01:44:56+00:00,2026-06-18T13:00:00-04:00,915,15.3,Lunch,2,Thu,Wed,13,278278,wisely
2026-06-17T14:37:39+00:00,2026-06-18T13:15:00-04:00,1597,26.6,Lunch,2,Thu,Wed,13,278278,wisely
2026-06-17T14:37:40+00:00,2026-06-18T13:15:00-04:00,1597,26.6,Lunch,4,Thu,Wed,13,278278,wisely
2026-06-17T14:37:46+00:00,2026-06-18T13:30:00-04:00,1612,26.9,Lunch,2,Thu,Wed,13,278278,wisely
2026-06-17T14:37:46+00:00,2026-06-18T13:30:00-04:00,1612,26.9,Lunch,4,Thu,Wed,13,278278,wisely
2026-06-16T05:27:36+00:00,2026-06-18T13:45:00-04:00,3617,60.3,Lunch,2,Thu,Tue,13,278278,wisely
2026-06-16T05:27:38+00:00,2026-06-18T13:45:00-04:00,3617,60.3,Lunch,4,Thu,Tue,13,278278,wisely
2026-06-16T05:27:37+00:00,2026-06-18T14:00:00-04:00,3632,60.5,Lunch,2,Thu,Tue,14,278278,wisely
2026-06-16T05:27:38+00:00,2026-06-18T14:00:00-04:00,3632,60.5,Lunch,4,Thu,Tue,14,278278,wisely
2026-06-16T05:27:41+00:00,2026-06-18T14:15:00-04:00,3647,60.8,Lunch,2,Thu,Tue,14,278278,wisely
2026-06-16T05:27:41+00:00,2026-06-18T14:15:00-04:00,3647,60.8,Lunch,4,Thu,Tue,14,278278,wisely
2026-06-16T15:28:40+00:00,2026-06-18T14:30:00-04:00,3061,51.0,Lunch,2,Thu,Tue,14,278278,wisely
2026-06-16T15:28:41+00:00,2026-06-18T14:30:00-04:00,3061,51.0,Lunch,4,Thu,Tue,14,278278,wisely
2026-06-16T21:46:31+00:00,2026-06-18T14:45:00-04:00,2698,45.0,Lunch,2,Thu,Tue,14,278278,wisely
2026-06-16T19:04:00+00:00,2026-06-18T14:45:00-04:00,2861,47.7,Lunch,4,Thu,Tue,14,278278,wisely
2026-06-18T11:00:16+00:00,2026-06-18T16:45:00-04:00,585,9.7,Dinner,2,Thu,Thu,16,278278,wisely
2026-06-17T21:47:30+00:00,2026-06-18T17:15:00-04:00,1407,23.5,Dinner,2,Thu,Wed,17,278278,wisely
2026-06-17T23:11:31+00:00,2026-06-18T18:00:00-04:00,1368,22.8,Dinner,2,Thu,Wed,18,278278,wisely
2026-06-18T14:15:40+00:00,2026-06-18T20:15:00-04:00,599,10.0,Dinner,2,Thu,Thu,20,278278,wisely
2026-06-18T14:15:42+00:00,2026-06-18T20:15:00-04:00,599,10.0,Dinner,4,Thu,Thu,20,278278,wisely
2026-06-17T14:37:29+00:00,2026-06-18T21:00:00-04:00,2063,34.4,Dinner,2,Thu,Wed,21,278278,wisely
2026-06-15T16:09:34+00:00,2026-06-18T21:15:00-04:00,4865,81.1,Dinner,2,Thu,Mon,21,278278,wisely
2026-06-15T16:09:34+00:00,2026-06-18T21:15:00-04:00,4865,81.1,Dinner,4,Thu,Mon,21,278278,wisely
2026-06-17T14:37:30+00:00,2026-06-18T21:45:00-04:00,2107,35.1,Dinner,2,Thu,Wed,21,278278,wisely
2026-06-17T14:37:31+00:00,2026-06-18T21:45:00-04:00,2107,35.1,Dinner,4,Thu,Wed,21,278278,wisely
2026-06-19T02:18:17+00:00,2026-06-19T11:30:00-04:00,792,13.2,Lunch,2,Fri,Thu,11,278278,wisely
2026-06-19T02:18:18+00:00,2026-06-19T11:30:00-04:00,792,13.2,Lunch,4,Fri,Thu,11,278278,wisely
2026-06-18T14:16:37+00:00,2026-06-19T11:45:00-04:00,1528,25.5,Lunch,2,Fri,Thu,11,278278,wisely
2026-06-18T14:16:38+00:00,2026-06-19T11:45:00-04:00,1528,25.5,Lunch,4,Fri,Thu,11,278278,wisely
2026-06-18T21:50:26+00:00,2026-06-19T12:30:00-04:00,1120,18.7,Lunch,2,Fri,Thu,12,278278,wisely
2026-06-18T21:50:27+00:00,2026-06-19T12:30:00-04:00,1120,18.7,Lunch,4,Fri,Thu,12,278278,wisely
2026-06-18T11:01:04+00:00,2026-06-19T13:30:00-04:00,1829,30.5,Lunch,2,Fri,Thu,13,278278,wisely
2026-06-18T01:45:32+00:00,2026-06-19T13:45:00-04:00,2399,40.0,Lunch,2,Fri,Wed,13,278278,wisely
2026-06-18T01:45:32+00:00,2026-06-19T13:45:00-04:00,2399,40.0,Lunch,4,Fri,Wed,13,278278,wisely
2026-06-18T14:16:37+00:00,2026-06-19T14:00:00-04:00,1663,27.7,Lunch,2,Fri,Thu,14,278278,wisely
2026-06-18T14:16:42+00:00,2026-06-19T14:15:00-04:00,1678,28.0,Lunch,2,Fri,Thu,14,278278,wisely
2026-06-18T14:16:39+00:00,2026-06-19T14:15:00-04:00,1678,28.0,Lunch,4,Fri,Thu,14,278278,wisely
2026-06-18T17:32:51+00:00,2026-06-19T14:45:00-04:00,1512,25.2,Lunch,2,Fri,Thu,14,278278,wisely
2026-06-18T19:42:18+00:00,2026-06-19T15:00:00-04:00,1398,23.3,Lunch,2,Fri,Thu,15,278278,wisely
2026-06-18T17:32:52+00:00,2026-06-19T15:00:00-04:00,1527,25.5,Lunch,4,Fri,Thu,15,278278,wisely
2026-06-18T23:25:24+00:00,2026-06-19T15:30:00-04:00,1205,20.1,Lunch,2,Fri,Thu,15,278278,wisely
2026-06-18T11:01:04+00:00,2026-06-19T16:00:00-04:00,1979,33.0,Lunch,2,Fri,Thu,16,278278,wisely
2026-06-17T14:37:57+00:00,2026-06-19T16:15:00-04:00,3217,53.6,Lunch,2,Fri,Wed,16,278278,wisely
2026-06-17T14:37:58+00:00,2026-06-19T16:15:00-04:00,3217,53.6,Lunch,4,Fri,Wed,16,278278,wisely
2026-06-17T11:25:17+00:00,2026-06-19T16:30:00-04:00,3425,57.1,Dinner,2,Fri,Wed,16,278278,wisely
2026-06-18T14:16:16+00:00,2026-06-19T16:45:00-04:00,1829,30.5,Dinner,2,Fri,Thu,16,278278,wisely
2026-06-18T14:16:17+00:00,2026-06-19T16:45:00-04:00,1829,30.5,Dinner,4,Fri,Thu,16,278278,wisely
2026-06-18T14:16:16+00:00,2026-06-19T17:15:00-04:00,1859,31.0,Dinner,2,Fri,Thu,17,278278,wisely
2026-06-18T14:16:18+00:00,2026-06-19T17:15:00-04:00,1859,31.0,Dinner,4,Fri,Thu,17,278278,wisely
2026-06-18T14:16:17+00:00,2026-06-19T17:45:00-04:00,1889,31.5,Dinner,2,Fri,Thu,17,278278,wisely
2026-06-18T14:16:18+00:00,2026-06-19T17:45:00-04:00,1889,31.5,Dinner,4,Fri,Thu,17,278278,wisely
2026-06-18T14:16:19+00:00,2026-06-19T18:00:00-04:00,1904,31.7,Dinner,2,Fri,Thu,18,278278,wisely
2026-06-18T14:16:20+00:00,2026-06-19T18:00:00-04:00,1904,31.7,Dinner,4,Fri,Thu,18,278278,wisely
2026-06-18T14:16:24+00:00,2026-06-19T18:30:00-04:00,1934,32.2,Dinner,2,Fri,Thu,18,278278,wisely
2026-06-18T14:16:25+00:00,2026-06-19T18:30:00-04:00,1934,32.2,Dinner,4,Fri,Thu,18,278278,wisely
2026-06-18T14:16:26+00:00,2026-06-19T19:00:00-04:00,1964,32.7,Dinner,2,Fri,Thu,19,278278,wisely
2026-06-18T14:16:26+00:00,2026-06-19T19:00:00-04:00,1964,32.7,Dinner,4,Fri,Thu,19,278278,wisely
2026-06-18T14:16:28+00:00,2026-06-19T20:15:00-04:00,2039,34.0,Dinner,2,Fri,Thu,20,278278,wisely
2026-06-18T14:16:28+00:00,2026-06-19T20:15:00-04:00,2039,34.0,Dinner,4,Fri,Thu,20,278278,wisely
2026-06-18T14:16:29+00:00,2026-06-19T20:30:00-04:00,2054,34.2,Dinner,2,Fri,Thu,20,278278,wisely
2026-06-18T14:16:30+00:00,2026-06-19T20:30:00-04:00,2053,34.2,Dinner,4,Fri,Thu,20,278278,wisely
2026-06-18T14:16:30+00:00,2026-06-19T20:45:00-04:00,2068,34.5,Dinner,2,Fri,Thu,20,278278,wisely
2026-06-18T14:16:31+00:00,2026-06-19T20:45:00-04:00,2068,34.5,Dinner,4,Fri,Thu,20,278278,wisely
2026-06-18T01:45:20+00:00,2026-06-19T21:00:00-04:00,2835,47.2,Dinner,2,Fri,Wed,21,278278,wisely
2026-06-18T01:45:20+00:00,2026-06-19T21:00:00-04:00,2835,47.2,Dinner,4,Fri,Wed,21,278278,wisely
2026-06-18T17:32:41+00:00,2026-06-19T21:30:00-04:00,1917,32.0,Dinner,2,Fri,Thu,21,278278,wisely
2026-06-18T21:50:15+00:00,2026-06-19T21:30:00-04:00,1660,27.7,Dinner,4,Fri,Thu,21,278278,wisely
2026-06-17T01:45:05+00:00,2026-06-19T21:45:00-04:00,4320,72.0,Dinner,2,Fri,Tue,21,278278,wisely
2026-06-18T17:32:41+00:00,2026-06-19T21:45:00-04:00,1932,32.2,Dinner,4,Fri,Thu,21,278278,wisely
2026-06-19T14:32:05+00:00,2026-06-20T11:30:00-04:00,1498,25.0,Lunch,2,Sat,Fri,11,278278,wisely
2026-06-18T14:16:55+00:00,2026-06-20T11:45:00-04:00,2968,49.5,Lunch,2,Sat,Thu,11,278278,wisely
2026-06-18T14:16:56+00:00,2026-06-20T11:45:00-04:00,2968,49.5,Lunch,4,Sat,Thu,11,278278,wisely
2026-06-19T14:32:06+00:00,2026-06-20T12:00:00-04:00,1528,25.5,Lunch,2,Sat,Fri,12,278278,wisely
2026-06-19T14:32:07+00:00,2026-06-20T12:00:00-04:00,1528,25.5,Lunch,4,Sat,Fri,12,278278,wisely
2026-06-18T14:16:56+00:00,2026-06-20T12:30:00-04:00,3013,50.2,Lunch,2,Sat,Thu,12,278278,wisely
2026-06-20T01:55:18+00:00,2026-06-20T13:15:00-04:00,920,15.3,Lunch,2,Sat,Fri,13,278278,wisely
2026-06-20T09:44:45+00:00,2026-06-20T13:45:00-04:00,480,8.0,Lunch,2,Sat,Sat,13,278278,wisely
2026-06-20T09:44:46+00:00,2026-06-20T13:45:00-04:00,480,8.0,Lunch,4,Sat,Sat,13,278278,wisely
2026-06-18T17:33:14+00:00,2026-06-20T14:00:00-04:00,2907,48.4,Lunch,2,Sat,Thu,14,278278,wisely
2026-06-18T17:33:15+00:00,2026-06-20T14:00:00-04:00,2907,48.4,Lunch,4,Sat,Thu,14,278278,wisely
2026-06-19T22:40:38+00:00,2026-06-20T14:15:00-04:00,1174,19.6,Lunch,2,Sat,Fri,14,278278,wisely
2026-06-19T14:32:14+00:00,2026-06-20T14:30:00-04:00,1678,28.0,Lunch,2,Sat,Fri,14,278278,wisely
2026-06-19T14:32:15+00:00,2026-06-20T14:30:00-04:00,1678,28.0,Lunch,4,Sat,Fri,14,278278,wisely
2026-06-19T07:32:54+00:00,2026-06-20T14:45:00-04:00,2112,35.2,Lunch,2,Sat,Fri,14,278278,wisely
2026-06-19T14:32:16+00:00,2026-06-20T14:45:00-04:00,1693,28.2,Lunch,4,Sat,Fri,14,278278,wisely
2026-06-19T19:01:20+00:00,2026-06-20T15:15:00-04:00,1454,24.2,Lunch,2,Sat,Fri,15,278278,wisely
2026-06-19T17:00:18+00:00,2026-06-20T15:15:00-04:00,1575,26.2,Lunch,4,Sat,Fri,15,278278,wisely
2026-06-18T17:33:14+00:00,2026-06-20T16:00:00-04:00,3027,50.4,Lunch,2,Sat,Thu,16,278278,wisely
2026-06-19T14:31:50+00:00,2026-06-20T16:45:00-04:00,1813,30.2,Dinner,2,Sat,Fri,16,278278,wisely
2026-06-19T14:31:53+00:00,2026-06-20T16:45:00-04:00,1813,30.2,Dinner,4,Sat,Fri,16,278278,wisely
2026-06-19T07:32:43+00:00,2026-06-20T17:00:00-04:00,2247,37.5,Dinner,2,Sat,Fri,17,278278,wisely
2026-06-17T17:38:08+00:00,2026-06-20T17:15:00-04:00,4537,75.6,Dinner,2,Sat,Wed,17,278278,wisely
2026-06-20T01:33:04+00:00,2026-06-20T19:45:00-04:00,1332,22.2,Dinner,2,Sat,Fri,19,278278,wisely
2026-06-19T14:31:51+00:00,2026-06-20T20:45:00-04:00,2053,34.2,Dinner,2,Sat,Fri,20,278278,wisely
2026-06-19T14:31:53+00:00,2026-06-20T20:45:00-04:00,2053,34.2,Dinner,4,Sat,Fri,20,278278,wisely
2026-06-19T14:31:52+00:00,2026-06-20T21:00:00-04:00,2068,34.5,Dinner,2,Sat,Fri,21,278278,wisely
2026-06-18T23:25:41+00:00,2026-06-20T21:30:00-04:00,3004,50.1,Dinner,2,Sat,Thu,21,278278,wisely
2026-06-19T14:31:59+00:00,2026-06-20T21:45:00-04:00,2113,35.2,Dinner,2,Sat,Fri,21,278278,wisely
2026-06-19T14:31:53+00:00,2026-06-20T21:45:00-04:00,2113,35.2,Dinner,4,Sat,Fri,21,278278,wisely
2026-06-19T21:50:54+00:00,2026-06-21T11:30:00-04:00,2499,41.7,Lunch,2,Sun,Fri,11,278278,wisely
2026-06-19T20:44:32+00:00,2026-06-21T11:45:00-04:00,2580,43.0,Lunch,2,Sun,Fri,11,278278,wisely
2026-06-20T13:16:37+00:00,2026-06-21T12:00:00-04:00,1603,26.7,Lunch,2,Sun,Sat,12,278278,wisely
2026-06-20T13:16:38+00:00,2026-06-21T12:00:00-04:00,1603,26.7,Lunch,4,Sun,Sat,12,278278,wisely
2026-06-21T12:29:19+00:00,2026-06-21T12:15:00-04:00,226,3.8,Lunch,2,Sun,Sun,12,278278,wisely
2026-06-20T15:17:09+00:00,2026-06-21T12:30:00-04:00,1513,25.2,Lunch,2,Sun,Sat,12,278278,wisely
2026-06-20T15:17:10+00:00,2026-06-21T13:30:00-04:00,1573,26.2,Lunch,2,Sun,Sat,13,278278,wisely
2026-06-21T10:41:27+00:00,2026-06-21T13:45:00-04:00,424,7.1,Lunch,2,Sun,Sun,13,278278,wisely
2026-06-21T10:41:28+00:00,2026-06-21T13:45:00-04:00,424,7.1,Lunch,4,Sun,Sun,13,278278,wisely
2026-06-20T15:17:10+00:00,2026-06-21T15:15:00-04:00,1678,28.0,Lunch,2,Sun,Sat,15,278278,wisely
2026-06-19T21:11:27+00:00,2026-06-21T15:30:00-04:00,2779,46.3,Lunch,2,Sun,Fri,15,278278,wisely
2026-06-19T21:11:28+00:00,2026-06-21T15:30:00-04:00,2779,46.3,Lunch,4,Sun,Fri,15,278278,wisely
2026-06-21T12:29:30+00:00,2026-06-21T15:45:00-04:00,435,7.3,Lunch,2,Sun,Sun,15,278278,wisely
2026-06-20T20:59:21+00:00,2026-06-21T16:15:00-04:00,1396,23.3,Lunch,2,Sun,Sat,16,278278,wisely
2026-06-20T20:59:21+00:00,2026-06-21T16:15:00-04:00,1396,23.3,Lunch,4,Sun,Sat,16,278278,wisely
2026-06-20T15:16:58+00:00,2026-06-21T16:45:00-04:00,1768,29.5,Dinner,2,Sun,Sat,16,278278,wisely
2026-06-20T15:17:00+00:00,2026-06-21T16:45:00-04:00,1768,29.5,Dinner,4,Sun,Sat,16,278278,wisely
2026-06-19T22:14:23+00:00,2026-06-21T17:00:00-04:00,2806,46.8,Dinner,2,Sun,Fri,17,278278,wisely
2026-06-19T22:14:23+00:00,2026-06-21T17:00:00-04:00,2806,46.8,Dinner,4,Sun,Fri,17,278278,wisely
2026-06-21T12:29:02+00:00,2026-06-21T17:15:00-04:00,526,8.8,Dinner,2,Sun,Sun,17,278278,wisely
2026-06-21T18:05:22+00:00,2026-06-21T18:15:00-04:00,250,4.2,Dinner,2,Sun,Sun,18,278278,wisely
2026-06-21T18:05:23+00:00,2026-06-21T18:15:00-04:00,250,4.2,Dinner,4,Sun,Sun,18,278278,wisely
2026-06-20T19:51:58+00:00,2026-06-21T18:30:00-04:00,1598,26.6,Dinner,2,Sun,Sat,18,278278,wisely
2026-06-20T19:52:00+00:00,2026-06-21T18:30:00-04:00,1598,26.6,Dinner,4,Sun,Sat,18,278278,wisely
2026-06-21T02:03:48+00:00,2026-06-21T20:30:00-04:00,1346,22.4,Dinner,2,Sun,Sat,20,278278,wisely
2026-06-20T15:16:58+00:00,2026-06-21T20:45:00-04:00,2008,33.5,Dinner,2,Sun,Sat,20,278278,wisely
2026-06-20T15:17:00+00:00,2026-06-21T20:45:00-04:00,2008,33.5,Dinner,4,Sun,Sat,20,278278,wisely
2026-06-20T15:16:59+00:00,2026-06-21T21:00:00-04:00,2023,33.7,Dinner,2,Sun,Sat,21,278278,wisely
2026-06-20T15:17:00+00:00,2026-06-21T21:00:00-04:00,2023,33.7,Dinner,4,Sun,Sat,21,278278,wisely
2026-06-20T15:17:04+00:00,2026-06-21T21:15:00-04:00,2038,34.0,Dinner,2,Sun,Sat,21,278278,wisely
2026-06-20T15:17:05+00:00,2026-06-21T21:15:00-04:00,2038,34.0,Dinner,4,Sun,Sat,21,278278,wisely
2026-06-20T06:15:49+00:00,2026-06-22T11:30:00-04:00,3434,57.2,Lunch,2,Mon,Sat,11,278278,wisely
2026-06-20T06:15:50+00:00,2026-06-22T11:30:00-04:00,3434,57.2,Lunch,4,Mon,Sat,11,278278,wisely
2026-06-20T06:15:49+00:00,2026-06-22T11:45:00-04:00,3449,57.5,Lunch,2,Mon,Sat,11,278278,wisely
2026-06-20T06:15:50+00:00,2026-06-22T11:45:00-04:00,3449,57.5,Lunch,4,Mon,Sat,11,278278,wisely
2026-06-21T14:56:09+00:00,2026-06-22T12:00:00-04:00,1504,25.1,Lunch,2,Mon,Sun,12,278278,wisely
2026-06-21T14:56:11+00:00,2026-06-22T12:00:00-04:00,1504,25.1,Lunch,4,Mon,Sun,12,278278,wisely
2026-06-20T19:52:36+00:00,2026-06-22T12:30:00-04:00,2677,44.6,Lunch,2,Mon,Sat,12,278278,wisely
2026-06-21T14:56:19+00:00,2026-06-22T12:45:00-04:00,1549,25.8,Lunch,2,Mon,Sun,12,278278,wisely
2026-06-21T14:56:18+00:00,2026-06-22T12:45:00-04:00,1549,25.8,Lunch,4,Mon,Sun,12,278278,wisely
2026-06-20T06:15:49+00:00,2026-06-22T13:15:00-04:00,3539,59.0,Lunch,2,Mon,Sat,13,278278,wisely
2026-06-20T06:15:50+00:00,2026-06-22T13:15:00-04:00,3539,59.0,Lunch,4,Mon,Sat,13,278278,wisely
2026-06-20T06:15:53+00:00,2026-06-22T13:30:00-04:00,3554,59.2,Lunch,2,Mon,Sat,13,278278,wisely
2026-06-20T06:15:54+00:00,2026-06-22T13:30:00-04:00,3554,59.2,Lunch,4,Mon,Sat,13,278278,wisely
2026-06-20T06:15:54+00:00,2026-06-22T13:45:00-04:00,3569,59.5,Lunch,2,Mon,Sat,13,278278,wisely
2026-06-20T06:15:56+00:00,2026-06-22T14:00:00-04:00,3584,59.7,Lunch,2,Mon,Sat,14,278278,wisely
2026-06-20T06:15:57+00:00,2026-06-22T14:15:00-04:00,3599,60.0,Lunch,2,Mon,Sat,14,278278,wisely
2026-06-20T06:15:56+00:00,2026-06-22T14:45:00-04:00,3629,60.5,Lunch,4,Mon,Sat,14,278278,wisely
2026-06-21T19:59:28+00:00,2026-06-22T15:00:00-04:00,1381,23.0,Lunch,4,Mon,Sun,15,278278,wisely
2026-06-22T18:52:39+00:00,2026-06-22T15:15:00-04:00,22,0.4,Lunch,2,Mon,Mon,15,278278,wisely
2026-06-22T15:08:28+00:00,2026-06-22T15:15:00-04:00,247,4.1,Lunch,4,Mon,Mon,15,278278,wisely
2026-06-22T18:52:41+00:00,2026-06-22T15:30:00-04:00,37,0.6,Lunch,2,Mon,Mon,15,278278,wisely
2026-06-22T18:52:41+00:00,2026-06-22T15:45:00-04:00,52,0.9,Lunch,2,Mon,Mon,15,278278,wisely
2026-06-22T18:52:42+00:00,2026-06-22T16:00:00-04:00,67,1.1,Lunch,4,Mon,Mon,16,278278,wisely
2026-06-21T14:55:56+00:00,2026-06-22T16:45:00-04:00,1789,29.8,Dinner,2,Mon,Sun,16,278278,wisely
2026-06-21T14:55:59+00:00,2026-06-22T16:45:00-04:00,1789,29.8,Dinner,4,Mon,Sun,16,278278,wisely
2026-06-21T21:15:28+00:00,2026-06-22T21:00:00+00:00,1425,23.7,Dinner,2,Mon,Sun,17,278278,wisely
2026-06-21T21:15:29+00:00,2026-06-22T21:00:00+00:00,1425,23.7,Dinner,4,Mon,Sun,17,278278,wisely
2026-06-21T14:55:57+00:00,2026-06-22T17:45:00-04:00,1849,30.8,Dinner,2,Mon,Sun,17,278278,wisely
2026-06-21T14:55:59+00:00,2026-06-22T17:45:00-04:00,1849,30.8,Dinner,4,Mon,Sun,17,278278,wisely
2026-06-21T18:05:42+00:00,2026-06-22T18:15:00-04:00,1689,28.2,Dinner,2,Mon,Sun,18,278278,wisely
2026-06-21T18:05:43+00:00,2026-06-22T18:15:00-04:00,1689,28.2,Dinner,4,Mon,Sun,18,278278,wisely
2026-06-21T14:55:58+00:00,2026-06-22T18:45:00-04:00,1909,31.8,Dinner,2,Mon,Sun,18,278278,wisely
2026-06-21T02:04:21+00:00,2026-06-22T19:15:00-04:00,2711,45.2,Dinner,2,Mon,Sat,19,278278,wisely
2026-06-21T14:56:02+00:00,2026-06-22T20:30:00-04:00,2014,33.6,Dinner,2,Mon,Sun,20,278278,wisely
2026-06-21T14:56:00+00:00,2026-06-22T20:30:00-04:00,2014,33.6,Dinner,4,Mon,Sun,20,278278,wisely
2026-06-21T19:58:53+00:00,2026-06-22T21:30:00-04:00,1771,29.5,Dinner,2,Mon,Sun,21,278278,wisely
2026-06-19T07:33:17+00:00,2026-06-22T21:45:00-04:00,5412,90.2,Dinner,2,Mon,Fri,21,278278,wisely
2026-06-19T07:33:17+00:00,2026-06-22T21:45:00-04:00,5412,90.2,Dinner,4,Mon,Fri,21,278278,wisely
2026-06-22T15:08:41+00:00,2026-06-23T11:30:00-04:00,1461,24.4,Lunch,2,Tue,Mon,11,278278,wisely
2026-06-22T15:08:42+00:00,2026-06-23T11:30:00-04:00,1461,24.4,Lunch,4,Tue,Mon,11,278278,wisely
2026-06-22T15:08:41+00:00,2026-06-23T12:00:00-04:00,1491,24.9,Lunch,2,Tue,Mon,12,278278,wisely
2026-06-22T15:08:42+00:00,2026-06-23T12:00:00-04:00,1491,24.9,Lunch,4,Tue,Mon,12,278278,wisely
2026-06-22T21:27:23+00:00,2026-06-23T12:15:00-04:00,1128,18.8,Lunch,2,Tue,Mon,12,278278,wisely
2026-06-22T21:27:23+00:00,2026-06-23T12:45:00-04:00,1158,19.3,Lunch,2,Tue,Mon,12,278278,wisely
2026-06-22T15:08:42+00:00,2026-06-23T13:00:00-04:00,1551,25.9,Lunch,2,Tue,Mon,13,278278,wisely
2026-06-21T07:03:59+00:00,2026-06-23T13:30:00-04:00,3506,58.4,Lunch,2,Tue,Sun,13,278278,wisely
2026-06-21T07:04:00+00:00,2026-06-23T13:30:00-04:00,3506,58.4,Lunch,4,Tue,Sun,13,278278,wisely
2026-06-21T07:03:59+00:00,2026-06-23T13:45:00-04:00,3521,58.7,Lunch,2,Tue,Sun,13,278278,wisely
2026-06-21T07:04:00+00:00,2026-06-23T13:45:00-04:00,3521,58.7,Lunch,4,Tue,Sun,13,278278,wisely
2026-06-21T07:04:00+00:00,2026-06-23T14:00:00-04:00,3536,58.9,Lunch,2,Tue,Sun,14,278278,wisely
2026-06-21T07:04:00+00:00,2026-06-23T14:00:00-04:00,3536,58.9,Lunch,4,Tue,Sun,14,278278,wisely
2026-06-21T07:04:05+00:00,2026-06-23T14:15:00-04:00,3551,59.2,Lunch,2,Tue,Sun,14,278278,wisely
2026-06-21T07:04:05+00:00,2026-06-23T14:15:00-04:00,3551,59.2,Lunch,4,Tue,Sun,14,278278,wisely
2026-06-23T13:59:13+00:00,2026-06-23T14:30:00-04:00,271,4.5,Lunch,2,Tue,Tue,14,278278,wisely
2026-06-23T13:59:03+00:00,2026-06-23T14:30:00-04:00,271,4.5,Lunch,4,Tue,Tue,14,278278,wisely
2026-06-23T18:20:59+00:00,2026-06-23T14:45:00-04:00,24,0.4,Lunch,2,Tue,Tue,14,278278,wisely
2026-06-23T18:21:00+00:00,2026-06-23T14:45:00-04:00,24,0.4,Lunch,4,Tue,Tue,14,278278,wisely
2026-06-23T18:20:59+00:00,2026-06-23T15:00:00-04:00,39,0.7,Lunch,2,Tue,Tue,15,278278,wisely
2026-06-23T18:21:00+00:00,2026-06-23T15:00:00-04:00,39,0.6,Lunch,4,Tue,Tue,15,278278,wisely
2026-06-23T18:20:59+00:00,2026-06-23T15:15:00-04:00,54,0.9,Lunch,2,Tue,Tue,15,278278,wisely
2026-06-23T18:21:00+00:00,2026-06-23T15:15:00-04:00,54,0.9,Lunch,4,Tue,Tue,15,278278,wisely
2026-06-23T13:58:44+00:00,2026-06-23T16:30:00-04:00,391,6.5,Dinner,2,Tue,Tue,16,278278,wisely
2026-06-22T15:08:30+00:00,2026-06-23T16:45:00-04:00,1776,29.6,Dinner,2,Tue,Mon,16,278278,wisely
2026-06-22T15:08:31+00:00,2026-06-23T16:45:00-04:00,1776,29.6,Dinner,4,Tue,Mon,16,278278,wisely
2026-06-23T01:47:41+00:00,2026-06-23T17:00:00-04:00,1152,19.2,Dinner,2,Tue,Mon,17,278278,wisely
2026-06-23T01:47:41+00:00,2026-06-23T20:15:00-04:00,1347,22.5,Dinner,2,Tue,Mon,20,278278,wisely
2026-06-22T18:52:49+00:00,2026-06-23T20:45:00-04:00,1792,29.9,Dinner,2,Tue,Mon,20,278278,wisely
2026-06-21T23:56:32+00:00,2026-06-24T01:00:00+00:00,2943,49.1,Dinner,2,Tue,Sun,21,278278,wisely
2026-06-21T23:56:33+00:00,2026-06-24T01:00:00+00:00,2943,49.1,Dinner,4,Tue,Sun,21,278278,wisely
2026-06-22T15:08:30+00:00,2026-06-23T21:15:00-04:00,2046,34.1,Dinner,2,Tue,Mon,21,278278,wisely
2026-06-22T15:08:31+00:00,2026-06-23T21:15:00-04:00,2046,34.1,Dinner,4,Tue,Mon,21,278278,wisely
2026-06-22T15:08:30+00:00,2026-06-23T21:30:00-04:00,2061,34.4,Dinner,2,Tue,Mon,21,278278,wisely
2026-06-22T15:08:31+00:00,2026-06-23T21:30:00-04:00,2061,34.4,Dinner,4,Tue,Mon,21,278278,wisely
2026-06-20T06:15:58+00:00,2026-06-23T21:45:00-04:00,5489,91.5,Dinner,2,Tue,Sat,21,278278,wisely
2026-06-20T06:15:58+00:00,2026-06-23T21:45:00-04:00,5489,91.5,Dinner,4,Tue,Sat,21,278278,wisely
2026-06-22T04:49:00+00:00,2026-06-24T11:30:00-04:00,3521,58.7,Lunch,2,Wed,Mon,11,278278,wisely
2026-06-22T04:49:01+00:00,2026-06-24T11:30:00-04:00,3521,58.7,Lunch,4,Wed,Mon,11,278278,wisely
2026-06-24T13:08:15+00:00,2026-06-24T12:00:00-04:00,172,2.9,Lunch,2,Wed,Wed,12,278278,wisely
2026-06-24T13:08:16+00:00,2026-06-24T12:00:00-04:00,172,2.9,Lunch,4,Wed,Wed,12,278278,wisely
2026-06-23T16:28:26+00:00,2026-06-24T13:15:00-04:00,1487,24.8,Lunch,2,Wed,Tue,13,278278,wisely
2026-06-22T04:49:00+00:00,2026-06-24T13:30:00-04:00,3641,60.7,Lunch,2,Wed,Mon,13,278278,wisely
2026-06-22T04:49:00+00:00,2026-06-24T13:45:00-04:00,3656,60.9,Lunch,2,Wed,Mon,13,278278,wisely
2026-06-22T04:49:01+00:00,2026-06-24T13:45:00-04:00,3656,60.9,Lunch,4,Wed,Mon,13,278278,wisely
2026-06-22T04:49:05+00:00,2026-06-24T14:00:00-04:00,3671,61.2,Lunch,2,Wed,Mon,14,278278,wisely
2026-06-22T04:49:02+00:00,2026-06-24T14:00:00-04:00,3671,61.2,Lunch,4,Wed,Mon,14,278278,wisely
2026-06-22T04:49:08+00:00,2026-06-24T14:15:00-04:00,3686,61.4,Lunch,2,Wed,Mon,14,278278,wisely
2026-06-22T04:49:06+00:00,2026-06-24T14:15:00-04:00,3686,61.4,Lunch,4,Wed,Mon,14,278278,wisely
2026-06-23T01:48:31+00:00,2026-06-24T14:30:00-04:00,2441,40.7,Lunch,2,Wed,Mon,14,278278,wisely
2026-06-24T15:37:34+00:00,2026-06-24T14:30:00-04:00,172,2.9,Lunch,4,Wed,Wed,14,278278,wisely
2026-06-23T13:59:25+00:00,2026-06-24T14:45:00-04:00,1726,28.8,Lunch,2,Wed,Tue,14,278278,wisely
2026-06-22T21:28:00+00:00,2026-06-24T14:45:00-04:00,2717,45.3,Lunch,4,Wed,Mon,14,278278,wisely
2026-06-23T01:48:33+00:00,2026-06-24T15:00:00-04:00,2471,41.2,Lunch,4,Wed,Mon,15,278278,wisely
2026-06-24T19:14:09+00:00,2026-06-24T15:30:00-04:00,16,0.3,Lunch,2,Wed,Wed,15,278278,wisely
2026-06-23T18:21:05+00:00,2026-06-24T17:00:00-04:00,1599,26.6,Dinner,2,Wed,Tue,17,278278,wisely
2026-06-23T23:53:18+00:00,2026-06-24T18:15:00-04:00,1342,22.4,Dinner,2,Wed,Tue,18,278278,wisely
2026-06-23T23:53:21+00:00,2026-06-24T18:15:00-04:00,1342,22.4,Dinner,4,Wed,Tue,18,278278,wisely
2026-06-23T22:53:38+00:00,2026-06-24T20:15:00-04:00,1521,25.4,Dinner,2,Wed,Tue,20,278278,wisely
2026-06-23T22:53:39+00:00,2026-06-24T20:15:00-04:00,1521,25.4,Dinner,4,Wed,Tue,20,278278,wisely
2026-06-22T15:08:53+00:00,2026-06-24T21:00:00-04:00,3471,57.9,Dinner,2,Wed,Mon,21,278278,wisely
2026-06-21T12:31:08+00:00,2026-06-24T21:15:00-04:00,5084,84.7,Dinner,2,Wed,Sun,21,278278,wisely
2026-06-21T12:31:09+00:00,2026-06-24T21:15:00-04:00,5084,84.7,Dinner,4,Wed,Sun,21,278278,wisely
2026-06-23T16:28:11+00:00,2026-06-24T21:30:00-04:00,1982,33.0,Dinner,2,Wed,Tue,21,278278,wisely
2026-06-23T16:28:12+00:00,2026-06-24T21:30:00-04:00,1982,33.0,Dinner,4,Wed,Tue,21,278278,wisely
2026-06-21T07:04:05+00:00,2026-06-24T21:45:00-04:00,5441,90.7,Dinner,2,Wed,Sun,21,278278,wisely
2026-06-21T20:00:05+00:00,2026-06-24T21:45:00-04:00,4665,77.7,Dinner,4,Wed,Sun,21,278278,wisely
2026-06-25T05:52:50+00:00,2026-06-25T11:30:00-04:00,577,9.6,Lunch,2,Thu,Thu,11,278278,wisely
2026-06-25T05:52:52+00:00,2026-06-25T11:30:00-04:00,577,9.6,Lunch,4,Thu,Thu,11,278278,wisely
2026-06-23T20:28:40+00:00,2026-06-25T11:45:00-04:00,2596,43.3,Lunch,2,Thu,Tue,11,278278,wisely
2026-06-23T20:28:42+00:00,2026-06-25T11:45:00-04:00,2596,43.3,Lunch,4,Thu,Tue,11,278278,wisely
2026-06-24T19:14:23+00:00,2026-06-25T13:00:00-04:00,1306,21.8,Lunch,2,Thu,Wed,13,278278,wisely
2026-06-24T19:14:24+00:00,2026-06-25T13:00:00-04:00,1306,21.8,Lunch,4,Thu,Wed,13,278278,wisely
2026-06-23T18:21:55+00:00,2026-06-25T13:45:00-04:00,2843,47.4,Lunch,2,Thu,Tue,13,278278,wisely
2026-06-23T18:21:56+00:00,2026-06-25T13:45:00-04:00,2843,47.4,Lunch,4,Thu,Tue,13,278278,wisely
2026-06-23T04:33:54+00:00,2026-06-25T14:00:00-04:00,3686,61.4,Lunch,2,Thu,Tue,14,278278,wisely
2026-06-23T04:33:55+00:00,2026-06-25T14:00:00-04:00,3686,61.4,Lunch,4,Thu,Tue,14,278278,wisely
2026-06-23T04:33:54+00:00,2026-06-25T14:15:00-04:00,3701,61.7,Lunch,2,Thu,Tue,14,278278,wisely
2026-06-23T04:33:55+00:00,2026-06-25T14:15:00-04:00,3701,61.7,Lunch,4,Thu,Tue,14,278278,wisely
2026-06-23T04:33:54+00:00,2026-06-25T14:30:00-04:00,3716,61.9,Lunch,2,Thu,Tue,14,278278,wisely
2026-06-23T04:33:55+00:00,2026-06-25T14:30:00-04:00,3716,61.9,Lunch,4,Thu,Tue,14,278278,wisely
2026-06-24T23:43:41+00:00,2026-06-25T14:45:00-04:00,1141,19.0,Lunch,2,Thu,Wed,14,278278,wisely
2026-06-24T23:43:41+00:00,2026-06-25T14:45:00-04:00,1141,19.0,Lunch,4,Thu,Wed,14,278278,wisely
2026-06-25T18:23:19+00:00,2026-06-25T15:00:00-04:00,37,0.6,Lunch,2,Thu,Thu,15,278278,wisely
2026-06-25T18:23:19+00:00,2026-06-25T15:15:00-04:00,52,0.9,Lunch,2,Thu,Thu,15,278278,wisely
2026-06-25T18:23:21+00:00,2026-06-25T15:15:00-04:00,52,0.9,Lunch,4,Thu,Thu,15,278278,wisely
2026-06-25T18:23:21+00:00,2026-06-25T15:30:00-04:00,67,1.1,Lunch,4,Thu,Thu,15,278278,wisely
2026-06-22T23:03:33+00:00,2026-06-25T16:45:00-04:00,4181,69.7,Dinner,2,Thu,Mon,16,278278,wisely
2026-06-22T23:03:34+00:00,2026-06-25T16:45:00-04:00,4181,69.7,Dinner,4,Thu,Mon,16,278278,wisely
2026-06-24T15:37:51+00:00,2026-06-25T17:00:00-04:00,1762,29.4,Dinner,2,Thu,Wed,17,278278,wisely
2026-06-24T10:47:16+00:00,2026-06-25T17:15:00-04:00,2068,34.5,Dinner,2,Thu,Wed,17,278278,wisely
2026-06-24T10:47:17+00:00,2026-06-25T17:15:00-04:00,2068,34.5,Dinner,4,Thu,Wed,17,278278,wisely
2026-06-24T15:37:52+00:00,2026-06-25T20:45:00-04:00,1987,33.1,Dinner,2,Thu,Wed,20,278278,wisely
2026-06-24T22:23:01+00:00,2026-06-25T21:00:00-04:00,1597,26.6,Dinner,2,Thu,Wed,21,278278,wisely
2026-06-24T22:23:02+00:00,2026-06-25T21:00:00-04:00,1597,26.6,Dinner,4,Thu,Wed,21,278278,wisely
2026-06-24T15:37:55+00:00,2026-06-25T21:30:00-04:00,2032,33.9,Dinner,2,Thu,Wed,21,278278,wisely
2026-06-24T15:37:52+00:00,2026-06-25T21:30:00-04:00,2032,33.9,Dinner,4,Thu,Wed,21,278278,wisely
2026-06-24T15:37:56+00:00,2026-06-25T21:45:00-04:00,2047,34.1,Dinner,2,Thu,Wed,21,278278,wisely
2026-06-24T15:37:52+00:00,2026-06-25T21:45:00-04:00,2047,34.1,Dinner,4,Thu,Wed,21,278278,wisely
2026-06-24T04:22:51+00:00,2026-06-26T11:30:00-04:00,3547,59.1,Lunch,2,Fri,Wed,11,278278,wisely
2026-06-24T04:22:52+00:00,2026-06-26T11:30:00-04:00,3547,59.1,Lunch,4,Fri,Wed,11,278278,wisely
2026-06-24T04:22:52+00:00,2026-06-26T11:45:00-04:00,3562,59.4,Lunch,2,Fri,Wed,11,278278,wisely
2026-06-24T04:22:53+00:00,2026-06-26T11:45:00-04:00,3562,59.4,Lunch,4,Fri,Wed,11,278278,wisely
2026-06-25T16:09:16+00:00,2026-06-26T12:00:00-04:00,1431,23.8,Lunch,2,Fri,Thu,12,278278,wisely
2026-06-25T16:09:17+00:00,2026-06-26T12:00:00-04:00,1431,23.8,Lunch,4,Fri,Thu,12,278278,wisely
2026-06-24T17:32:24+00:00,2026-06-26T12:15:00-04:00,2803,46.7,Lunch,2,Fri,Wed,12,278278,wisely
2026-06-24T17:32:25+00:00,2026-06-26T12:15:00-04:00,2803,46.7,Lunch,4,Fri,Wed,12,278278,wisely
2026-06-26T16:32:29+00:00,2026-06-26T12:45:00-04:00,13,0.2,Dinner,2,Fri,Fri,12,278278,wisely
2026-06-24T21:01:05+00:00,2026-06-26T13:15:00-04:00,2654,44.2,Lunch,2,Fri,Wed,13,278278,wisely
2026-06-24T21:01:06+00:00,2026-06-26T13:15:00-04:00,2654,44.2,Lunch,4,Fri,Wed,13,278278,wisely
2026-06-25T16:09:23+00:00,2026-06-26T13:30:00-04:00,1521,25.3,Lunch,2,Fri,Thu,13,278278,wisely
2026-06-25T16:09:24+00:00,2026-06-26T13:45:00-04:00,1536,25.6,Lunch,2,Fri,Thu,13,278278,wisely
2026-06-25T16:09:17+00:00,2026-06-26T13:45:00-04:00,1536,25.6,Lunch,4,Fri,Thu,13,278278,wisely
2026-06-24T04:22:52+00:00,2026-06-26T14:00:00-04:00,3697,61.6,Lunch,2,Fri,Wed,14,278278,wisely
2026-06-24T04:22:55+00:00,2026-06-26T14:15:00-04:00,3712,61.9,Lunch,2,Fri,Wed,14,278278,wisely
2026-06-24T04:22:56+00:00,2026-06-26T14:30:00-04:00,3727,62.1,Lunch,2,Fri,Wed,14,278278,wisely
2026-06-24T04:22:53+00:00,2026-06-26T14:30:00-04:00,3727,62.1,Lunch,4,Fri,Wed,14,278278,wisely
2026-06-24T19:15:08+00:00,2026-06-26T14:45:00-04:00,2850,47.5,Lunch,2,Fri,Wed,14,278278,wisely
2026-06-24T04:22:56+00:00,2026-06-26T14:45:00-04:00,3742,62.4,Lunch,4,Fri,Wed,14,278278,wisely
2026-06-25T01:50:47+00:00,2026-06-26T15:00:00-04:00,2469,41.2,Lunch,2,Fri,Wed,15,278278,wisely
2026-06-24T04:22:57+00:00,2026-06-26T15:00:00-04:00,3757,62.6,Lunch,4,Fri,Wed,15,278278,wisely
2026-06-26T01:52:05+00:00,2026-06-26T15:15:00-04:00,1043,17.4,Lunch,2,Fri,Thu,15,278278,wisely
2026-06-26T01:51:52+00:00,2026-06-26T15:15:00-04:00,1043,17.4,Lunch,4,Fri,Thu,15,278278,wisely
2026-06-25T18:24:08+00:00,2026-06-26T15:30:00-04:00,1506,25.1,Lunch,2,Fri,Thu,15,278278,wisely
2026-06-24T17:32:39+00:00,2026-06-26T15:30:00-04:00,2997,50.0,Lunch,4,Fri,Wed,15,278278,wisely
2026-06-25T20:31:22+00:00,2026-06-26T16:30:00-04:00,1439,24.0,Dinner,2,Fri,Thu,16,278278,wisely
2026-06-25T20:31:23+00:00,2026-06-26T16:30:00-04:00,1439,24.0,Dinner,4,Fri,Thu,16,278278,wisely
2026-06-26T11:58:26+00:00,2026-06-26T21:15:00-04:00,797,13.3,Dinner,2,Fri,Fri,21,278278,wisely
2026-06-26T11:58:27+00:00,2026-06-26T21:15:00-04:00,797,13.3,Dinner,4,Fri,Fri,21,278278,wisely
2026-06-24T19:14:41+00:00,2026-06-26T21:30:00-04:00,3255,54.3,Dinner,2,Fri,Wed,21,278278,wisely
2026-06-24T19:14:42+00:00,2026-06-26T21:30:00-04:00,3255,54.3,Dinner,4,Fri,Wed,21,278278,wisely
2026-06-25T20:31:23+00:00,2026-06-26T21:45:00-04:00,1754,29.2,Dinner,2,Fri,Thu,21,278278,wisely
2026-06-26T00:21:15+00:00,2026-06-27T11:30:00-04:00,2349,39.1,Lunch,2,Sat,Thu,11,278278,wisely
2026-06-26T14:32:10+00:00,2026-06-27T11:30:00-04:00,1498,25.0,Lunch,4,Sat,Fri,11,278278,wisely
2026-06-25T16:09:36+00:00,2026-06-27T11:45:00-04:00,2855,47.6,Lunch,2,Sat,Thu,11,278278,wisely
2026-06-26T14:32:09+00:00,2026-06-27T12:00:00-04:00,1528,25.5,Lunch,2,Sat,Fri,12,278278,wisely
2026-06-26T14:32:10+00:00,2026-06-27T12:00:00-04:00,1528,25.5,Lunch,4,Sat,Fri,12,278278,wisely
2026-06-26T14:32:09+00:00,2026-06-27T13:30:00-04:00,1618,27.0,Lunch,2,Sat,Fri,13,278278,wisely
2026-06-26T14:32:10+00:00,2026-06-27T13:30:00-04:00,1618,27.0,Lunch,4,Sat,Fri,13,278278,wisely
2026-06-26T14:32:14+00:00,2026-06-27T13:45:00-04:00,1633,27.2,Lunch,2,Sat,Fri,13,278278,wisely
2026-06-26T14:32:14+00:00,2026-06-27T13:45:00-04:00,1633,27.2,Lunch,4,Sat,Fri,13,278278,wisely
2026-06-26T05:57:02+00:00,2026-06-27T14:00:00-04:00,2163,36.0,Lunch,2,Sat,Fri,14,278278,wisely
2026-06-26T16:33:03+00:00,2026-06-27T14:00:00-04:00,1527,25.4,Lunch,4,Sat,Fri,14,278278,wisely
2026-06-26T14:32:15+00:00,2026-06-27T14:15:00-04:00,1663,27.7,Lunch,2,Sat,Fri,14,278278,wisely
2026-06-27T10:26:14+00:00,2026-06-27T14:15:00-04:00,469,7.8,Lunch,4,Sat,Sat,14,278278,wisely
2026-06-26T21:20:34+00:00,2026-06-27T14:30:00-04:00,1269,21.2,Lunch,2,Sat,Fri,14,278278,wisely
2026-06-26T18:13:51+00:00,2026-06-27T15:00:00-04:00,1486,24.8,Lunch,2,Sat,Fri,15,278278,wisely
2026-06-27T05:40:43+00:00,2026-06-27T15:15:00-04:00,814,13.6,Lunch,2,Sat,Sat,15,278278,wisely
2026-06-26T20:13:40+00:00,2026-06-27T16:00:00-04:00,1426,23.8,Lunch,2,Sat,Fri,16,278278,wisely
2026-06-26T16:33:17+00:00,2026-06-27T16:00:00-04:00,1647,27.4,Lunch,4,Sat,Fri,16,278278,wisely
2026-06-26T14:32:01+00:00,2026-06-27T16:30:00-04:00,1798,30.0,Dinner,2,Sat,Fri,16,278278,wisely
2026-06-26T14:32:02+00:00,2026-06-27T16:30:00-04:00,1798,30.0,Dinner,4,Sat,Fri,16,278278,wisely
2026-06-26T16:32:46+00:00,2026-06-27T16:45:00-04:00,1692,28.2,Dinner,2,Sat,Fri,16,278278,wisely
2026-06-26T14:32:01+00:00,2026-06-27T17:00:00-04:00,1828,30.5,Dinner,2,Sat,Fri,17,278278,wisely
2026-06-26T20:13:23+00:00,2026-06-27T17:30:00-04:00,1517,25.3,Dinner,2,Sat,Fri,17,278278,wisely
2026-06-26T20:13:25+00:00,2026-06-27T17:30:00-04:00,1517,25.3,Dinner,4,Sat,Fri,17,278278,wisely
2026-06-26T21:20:16+00:00,2026-06-27T19:45:00-04:00,1585,26.4,Dinner,2,Sat,Fri,19,278278,wisely
2026-06-26T21:20:17+00:00,2026-06-27T19:45:00-04:00,1585,26.4,Dinner,4,Sat,Fri,19,278278,wisely
2026-06-27T11:54:49+00:00,2026-06-27T20:15:00-04:00,740,12.3,Dinner,2,Sat,Sat,20,278278,wisely
2026-06-27T11:54:50+00:00,2026-06-27T20:15:00-04:00,740,12.3,Dinner,4,Sat,Sat,20,278278,wisely
2026-06-26T21:43:12+00:00,2026-06-27T20:30:00-04:00,1607,26.8,Dinner,2,Sat,Fri,20,278278,wisely
2026-06-26T21:43:14+00:00,2026-06-27T20:30:00-04:00,1607,26.8,Dinner,4,Sat,Fri,20,278278,wisely
2026-06-27T11:54:49+00:00,2026-06-27T20:45:00-04:00,770,12.8,Dinner,2,Sat,Sat,20,278278,wisely
2026-06-27T11:54:51+00:00,2026-06-27T20:45:00-04:00,770,12.8,Dinner,4,Sat,Sat,20,278278,wisely
2026-06-26T20:13:24+00:00,2026-06-27T21:15:00-04:00,1742,29.0,Dinner,2,Sat,Fri,21,278278,wisely
2026-06-26T20:13:26+00:00,2026-06-27T21:15:00-04:00,1742,29.0,Dinner,4,Sat,Fri,21,278278,wisely
2026-06-25T18:24:10+00:00,2026-06-27T21:30:00-04:00,3306,55.1,Dinner,2,Sat,Thu,21,278278,wisely
2026-06-27T22:01:41+00:00,2026-06-27T21:30:00-04:00,208,3.5,Dinner,4,Sat,Sat,21,278278,wisely
2026-06-26T16:32:55+00:00,2026-06-27T21:45:00-04:00,1992,33.2,Dinner,2,Sat,Fri,21,278278,wisely
2026-06-26T16:32:47+00:00,2026-06-27T21:45:00-04:00,1992,33.2,Dinner,4,Sat,Fri,21,278278,wisely
2026-06-26T05:57:12+00:00,2026-06-28T11:30:00-04:00,3453,57.5,Lunch,2,Sun,Fri,11,278278,wisely
2026-06-27T14:57:33+00:00,2026-06-28T11:45:00-04:00,1487,24.8,Lunch,2,Sun,Sat,11,278278,wisely
2026-06-26T22:40:25+00:00,2026-06-28T12:30:00-04:00,2510,41.8,Lunch,2,Sun,Fri,12,278278,wisely
2026-06-27T23:29:58+00:00,2026-06-28T12:45:00-04:00,1035,17.3,Lunch,2,Sun,Sat,12,278278,wisely
2026-06-27T23:29:59+00:00,2026-06-28T12:45:00-04:00,1035,17.3,Lunch,4,Sun,Sat,12,278278,wisely
2026-06-27T17:20:55+00:00,2026-06-28T14:00:00-04:00,1479,24.7,Lunch,2,Sun,Sat,14,278278,wisely
2026-06-27T17:20:55+00:00,2026-06-28T14:00:00-04:00,1479,24.7,Lunch,4,Sun,Sat,14,278278,wisely
2026-06-27T14:57:34+00:00,2026-06-28T14:30:00-04:00,1652,27.5,Lunch,2,Sun,Sat,14,278278,wisely
2026-06-27T14:57:34+00:00,2026-06-28T14:30:00-04:00,1652,27.5,Lunch,4,Sun,Sat,14,278278,wisely
2026-06-27T14:57:34+00:00,2026-06-28T14:45:00-04:00,1667,27.8,Lunch,2,Sun,Sat,14,278278,wisely
2026-06-27T22:01:59+00:00,2026-06-28T15:00:00-04:00,1258,21.0,Lunch,2,Sun,Sat,15,278278,wisely
2026-06-27T22:02:00+00:00,2026-06-28T15:00:00-04:00,1258,21.0,Lunch,4,Sun,Sat,15,278278,wisely
2026-06-28T01:36:06+00:00,2026-06-28T15:15:00-04:00,1059,17.6,Lunch,2,Sun,Sat,15,278278,wisely
2026-06-26T14:32:24+00:00,2026-06-28T15:30:00-04:00,3178,53.0,Lunch,2,Sun,Fri,15,278278,wisely
2026-06-26T14:32:24+00:00,2026-06-28T15:30:00-04:00,3178,53.0,Lunch,4,Sun,Fri,15,278278,wisely
2026-06-27T20:57:26+00:00,2026-06-28T15:45:00-04:00,1368,22.8,Lunch,2,Sun,Sat,15,278278,wisely
2026-06-27T20:57:27+00:00,2026-06-28T15:45:00-04:00,1368,22.8,Lunch,4,Sun,Sat,15,278278,wisely
2026-06-28T12:07:29+00:00,2026-06-28T16:15:00-04:00,488,8.1,Lunch,2,Sun,Sun,16,278278,wisely
2026-06-27T14:57:35+00:00,2026-06-28T16:15:00-04:00,1757,29.3,Lunch,4,Sun,Sat,16,278278,wisely
2026-06-27T14:57:21+00:00,2026-06-28T16:30:00-04:00,1773,29.5,Dinner,2,Sun,Sat,16,278278,wisely
2026-06-27T16:04:04+00:00,2026-06-28T16:45:00-04:00,1721,28.7,Dinner,2,Sun,Sat,16,278278,wisely
2026-06-27T16:04:05+00:00,2026-06-28T16:45:00-04:00,1721,28.7,Dinner,4,Sun,Sat,16,278278,wisely
2026-06-27T20:57:18+00:00,2026-06-28T17:15:00-04:00,1458,24.3,Dinner,2,Sun,Sat,17,278278,wisely
2026-06-27T20:57:19+00:00,2026-06-28T17:15:00-04:00,1458,24.3,Dinner,4,Sun,Sat,17,278278,wisely
2026-06-27T13:19:26+00:00,2026-06-28T17:30:00-04:00,1931,32.2,Dinner,2,Sun,Sat,17,278278,wisely
2026-06-27T13:19:27+00:00,2026-06-28T17:30:00-04:00,1931,32.2,Dinner,4,Sun,Sat,17,278278,wisely
2026-06-27T14:57:21+00:00,2026-06-28T20:00:00-04:00,1983,33.0,Dinner,2,Sun,Sat,20,278278,wisely
2026-06-27T14:57:22+00:00,2026-06-28T20:30:00-04:00,2013,33.5,Dinner,2,Sun,Sat,20,278278,wisely
2026-06-25T16:09:41+00:00,2026-06-28T20:45:00-04:00,4835,80.6,Dinner,2,Sun,Thu,20,278278,wisely
2026-06-27T14:57:22+00:00,2026-06-28T20:45:00-04:00,2028,33.8,Dinner,4,Sun,Sat,20,278278,wisely
2026-06-28T15:42:51+00:00,2026-06-28T21:00:00-04:00,557,9.3,Dinner,2,Sun,Sun,21,278278,wisely
2026-06-28T15:42:52+00:00,2026-06-28T21:00:00-04:00,557,9.3,Dinner,4,Sun,Sun,21,278278,wisely
2026-06-26T16:33:17+00:00,2026-06-28T21:15:00-04:00,3402,56.7,Dinner,2,Sun,Fri,21,278278,wisely
2026-06-27T05:41:07+00:00,2026-06-29T11:30:00-04:00,3469,57.8,Lunch,2,Mon,Sat,11,278278,wisely
2026-06-27T05:41:09+00:00,2026-06-29T11:30:00-04:00,3469,57.8,Lunch,4,Mon,Sat,11,278278,wisely
2026-06-27T05:41:07+00:00,2026-06-29T11:45:00-04:00,3484,58.1,Lunch,2,Mon,Sat,11,278278,wisely
2026-06-27T05:41:09+00:00,2026-06-29T11:45:00-04:00,3484,58.1,Lunch,4,Mon,Sat,11,278278,wisely
2026-06-27T05:41:08+00:00,2026-06-29T12:00:00-04:00,3499,58.3,Lunch,2,Mon,Sat,12,278278,wisely
2026-06-27T05:41:10+00:00,2026-06-29T12:00:00-04:00,3499,58.3,Lunch,4,Mon,Sat,12,278278,wisely
2026-06-27T05:41:12+00:00,2026-06-29T13:15:00-04:00,3574,59.6,Lunch,2,Mon,Sat,13,278278,wisely
2026-06-27T05:41:12+00:00,2026-06-29T13:15:00-04:00,3574,59.6,Lunch,4,Mon,Sat,13,278278,wisely
2026-06-27T05:41:13+00:00,2026-06-29T13:30:00-04:00,3589,59.8,Lunch,2,Mon,Sat,13,278278,wisely
2026-06-27T05:41:14+00:00,2026-06-29T13:45:00-04:00,3604,60.1,Lunch,2,Mon,Sat,13,278278,wisely
2026-06-27T05:41:14+00:00,2026-06-29T13:45:00-04:00,3604,60.1,Lunch,4,Mon,Sat,13,278278,wisely
2026-06-27T05:41:16+00:00,2026-06-29T14:00:00-04:00,3619,60.3,Lunch,2,Mon,Sat,14,278278,wisely
2026-06-27T05:41:15+00:00,2026-06-29T14:00:00-04:00,3619,60.3,Lunch,4,Mon,Sat,14,278278,wisely
2026-06-27T05:41:17+00:00,2026-06-29T14:15:00-04:00,3634,60.6,Lunch,2,Mon,Sat,14,278278,wisely
2026-06-27T05:41:17+00:00,2026-06-29T14:15:00-04:00,3634,60.6,Lunch,4,Mon,Sat,14,278278,wisely
2026-06-29T15:40:37+00:00,2026-06-29T14:30:00-04:00,169,2.8,Lunch,2,Mon,Mon,14,278278,wisely
2026-06-29T15:40:37+00:00,2026-06-29T14:30:00-04:00,169,2.8,Lunch,4,Mon,Mon,14,278278,wisely
2026-06-29T17:59:51+00:00,2026-06-29T14:45:00-04:00,45,0.8,Lunch,2,Mon,Mon,14,278278,wisely
2026-06-29T15:40:37+00:00,2026-06-29T14:45:00-04:00,184,3.1,Lunch,4,Mon,Mon,14,278278,wisely
2026-06-28T14:12:15+00:00,2026-06-29T16:30:00-04:00,1818,30.3,Dinner,2,Mon,Sun,16,278278,wisely
2026-06-28T14:12:17+00:00,2026-06-29T16:30:00-04:00,1818,30.3,Dinner,4,Mon,Sun,16,278278,wisely
2026-06-28T14:12:16+00:00,2026-06-29T16:45:00-04:00,1833,30.5,Dinner,2,Mon,Sun,16,278278,wisely
2026-06-28T14:12:18+00:00,2026-06-29T16:45:00-04:00,1833,30.5,Dinner,4,Mon,Sun,16,278278,wisely
2026-06-28T14:12:16+00:00,2026-06-29T17:00:00-04:00,1848,30.8,Dinner,2,Mon,Sun,17,278278,wisely
2026-06-28T20:21:23+00:00,2026-06-29T17:15:00-04:00,1494,24.9,Dinner,2,Mon,Sun,17,278278,wisely
2026-06-28T14:12:19+00:00,2026-06-29T17:30:00-04:00,1878,31.3,Dinner,2,Mon,Sun,17,278278,wisely
2026-06-28T14:12:18+00:00,2026-06-29T17:30:00-04:00,1878,31.3,Dinner,4,Mon,Sun,17,278278,wisely
2026-06-28T14:12:20+00:00,2026-06-29T17:45:00-04:00,1893,31.5,Dinner,2,Mon,Sun,17,278278,wisely
2026-06-28T14:12:19+00:00,2026-06-29T17:45:00-04:00,1893,31.5,Dinner,4,Mon,Sun,17,278278,wisely
2026-06-28T14:12:21+00:00,2026-06-29T18:15:00-04:00,1923,32.0,Dinner,2,Mon,Sun,18,278278,wisely
2026-06-28T14:12:21+00:00,2026-06-29T18:15:00-04:00,1923,32.0,Dinner,4,Mon,Sun,18,278278,wisely
2026-06-27T01:48:00+00:00,2026-06-29T19:30:00-04:00,4182,69.7,Dinner,2,Mon,Fri,19,278278,wisely
2026-06-28T21:02:57+00:00,2026-06-29T19:45:00-04:00,1602,26.7,Dinner,2,Mon,Sun,19,278278,wisely
2026-06-28T15:43:19+00:00,2026-06-29T20:15:00-04:00,1952,32.5,Dinner,2,Mon,Sun,20,278278,wisely
2026-06-28T15:43:06+00:00,2026-06-29T20:15:00-04:00,1952,32.5,Dinner,4,Mon,Sun,20,278278,wisely
2026-06-28T15:43:21+00:00,2026-06-29T20:30:00-04:00,1967,32.8,Dinner,2,Mon,Sun,20,278278,wisely
2026-06-28T14:12:23+00:00,2026-06-29T20:45:00-04:00,2073,34.5,Dinner,2,Mon,Sun,20,278278,wisely
2026-06-28T14:12:24+00:00,2026-06-29T20:45:00-04:00,2073,34.5,Dinner,4,Mon,Sun,20,278278,wisely
2026-06-28T01:36:12+00:00,2026-06-29T21:00:00-04:00,2844,47.4,Dinner,2,Mon,Sat,21,278278,wisely
2026-06-28T01:36:12+00:00,2026-06-29T21:00:00-04:00,2844,47.4,Dinner,4,Mon,Sat,21,278278,wisely
2026-06-26T05:57:16+00:00,2026-06-29T21:30:00-04:00,5493,91.5,Dinner,2,Mon,Fri,21,278278,wisely
2026-06-29T01:34:33+00:00,2026-06-29T21:30:00-04:00,1435,23.9,Dinner,4,Mon,Sun,21,278278,wisely
2026-06-26T05:57:16+00:00,2026-06-29T21:45:00-04:00,5508,91.8,Dinner,2,Mon,Fri,21,278278,wisely
2026-06-26T05:57:17+00:00,2026-06-29T21:45:00-04:00,5508,91.8,Dinner,4,Mon,Fri,21,278278,wisely
2026-06-28T04:55:44+00:00,2026-06-30T11:30:00-04:00,3514,58.6,Lunch,2,Tue,Sun,11,278278,wisely
2026-06-28T04:55:45+00:00,2026-06-30T11:30:00-04:00,3514,58.6,Lunch,4,Tue,Sun,11,278278,wisely
2026-06-28T04:55:44+00:00,2026-06-30T11:45:00-04:00,3529,58.8,Lunch,2,Tue,Sun,11,278278,wisely
2026-06-28T04:55:45+00:00,2026-06-30T11:45:00-04:00,3529,58.8,Lunch,4,Tue,Sun,11,278278,wisely
2026-06-30T11:46:06+00:00,2026-06-30T12:15:00-04:00,269,4.5,Lunch,2,Tue,Tue,12,278278,wisely
2026-06-30T11:46:07+00:00,2026-06-30T12:15:00-04:00,269,4.5,Lunch,4,Tue,Tue,12,278278,wisely
2026-06-29T20:07:33+00:00,2026-06-30T12:45:00-04:00,1237,20.6,Lunch,2,Tue,Mon,12,278278,wisely
2026-06-29T20:07:34+00:00,2026-06-30T12:45:00-04:00,1237,20.6,Lunch,4,Tue,Mon,12,278278,wisely
2026-06-30T05:54:23+00:00,2026-06-30T13:00:00-04:00,666,11.1,Lunch,2,Tue,Tue,13,278278,wisely
2026-06-30T05:54:24+00:00,2026-06-30T13:00:00-04:00,666,11.1,Lunch,4,Tue,Tue,13,278278,wisely
2026-06-28T04:55:44+00:00,2026-06-30T13:15:00-04:00,3619,60.3,Lunch,2,Tue,Sun,13,278278,wisely
2026-06-28T04:55:46+00:00,2026-06-30T13:15:00-04:00,3619,60.3,Lunch,4,Tue,Sun,13,278278,wisely
2026-06-28T04:55:48+00:00,2026-06-30T13:30:00-04:00,3634,60.6,Lunch,2,Tue,Sun,13,278278,wisely
2026-06-28T04:55:49+00:00,2026-06-30T13:30:00-04:00,3634,60.6,Lunch,4,Tue,Sun,13,278278,wisely
2026-06-28T04:55:49+00:00,2026-06-30T13:45:00-04:00,3649,60.8,Lunch,2,Tue,Sun,13,278278,wisely
2026-06-29T23:40:12+00:00,2026-06-30T17:45:00+00:00,1085,18.1,Lunch,4,Tue,Mon,13,278278,wisely
2026-06-28T04:55:51+00:00,2026-06-30T14:00:00-04:00,3664,61.1,Lunch,2,Tue,Sun,14,278278,wisely
2026-06-28T04:55:50+00:00,2026-06-30T14:00:00-04:00,3664,61.1,Lunch,4,Tue,Sun,14,278278,wisely
2026-06-28T04:55:52+00:00,2026-06-30T14:15:00-04:00,3679,61.3,Lunch,2,Tue,Sun,14,278278,wisely
2026-06-28T04:55:53+00:00,2026-06-30T14:15:00-04:00,3679,61.3,Lunch,4,Tue,Sun,14,278278,wisely
2026-06-30T01:37:35+00:00,2026-06-30T14:30:00-04:00,1012,16.9,Lunch,2,Tue,Mon,14,278278,wisely
2026-06-29T20:07:46+00:00,2026-06-30T14:30:00-04:00,1342,22.4,Lunch,4,Tue,Mon,14,278278,wisely
2026-06-30T18:10:14+00:00,2026-06-30T14:45:00-04:00,35,0.6,Lunch,2,Tue,Tue,14,278278,wisely
2026-06-30T18:10:15+00:00,2026-06-30T14:45:00-04:00,35,0.6,Lunch,4,Tue,Tue,14,278278,wisely
2026-06-30T18:10:15+00:00,2026-06-30T15:00:00-04:00,50,0.8,Lunch,2,Tue,Tue,15,278278,wisely
2026-06-30T18:10:16+00:00,2026-06-30T15:00:00-04:00,50,0.8,Lunch,4,Tue,Tue,15,278278,wisely
2026-06-27T23:15:42+00:00,2026-06-30T16:30:00-04:00,4154,69.2,Dinner,2,Tue,Sat,16,278278,wisely
2026-06-27T23:15:43+00:00,2026-06-30T16:30:00-04:00,4154,69.2,Dinner,4,Tue,Sat,16,278278,wisely
2026-06-29T11:56:39+00:00,2026-06-30T16:45:00-04:00,1968,32.8,Dinner,2,Tue,Mon,16,278278,wisely
2026-06-29T11:56:40+00:00,2026-06-30T16:45:00-04:00,1968,32.8,Dinner,4,Tue,Mon,16,278278,wisely
2026-06-29T06:56:09+00:00,2026-06-30T17:15:00-04:00,2299,38.3,Dinner,2,Tue,Mon,17,278278,wisely
2026-06-29T06:56:10+00:00,2026-06-30T17:15:00-04:00,2299,38.3,Dinner,4,Tue,Mon,17,278278,wisely
2026-06-29T15:40:50+00:00,2026-06-30T17:45:00-04:00,1804,30.1,Dinner,2,Tue,Mon,17,278278,wisely
2026-06-29T15:40:50+00:00,2026-06-30T17:45:00-04:00,1804,30.1,Dinner,4,Tue,Mon,17,278278,wisely
2026-06-28T01:36:51+00:00,2026-06-30T19:45:00-04:00,4208,70.1,Dinner,2,Tue,Sat,19,278278,wisely
2026-06-28T00:18:07+00:00,2026-06-30T20:45:00-04:00,4347,72.4,Dinner,2,Tue,Sat,20,278278,wisely
2026-06-28T00:18:07+00:00,2026-06-30T20:45:00-04:00,4347,72.4,Dinner,4,Tue,Sat,20,278278,wisely
2026-06-29T15:40:53+00:00,2026-06-30T21:00:00-04:00,1999,33.3,Dinner,2,Tue,Mon,21,278278,wisely
2026-06-29T15:40:53+00:00,2026-06-30T21:00:00-04:00,1999,33.3,Dinner,4,Tue,Mon,21,278278,wisely
2026-06-29T15:40:54+00:00,2026-06-30T21:15:00-04:00,2014,33.6,Dinner,2,Tue,Mon,21,278278,wisely
2026-06-29T15:40:54+00:00,2026-06-30T21:15:00-04:00,2014,33.6,Dinner,4,Tue,Mon,21,278278,wisely
2026-06-29T15:40:55+00:00,2026-06-30T21:30:00-04:00,2029,33.8,Dinner,2,Tue,Mon,21,278278,wisely
2026-06-29T15:40:55+00:00,2026-06-30T21:30:00-04:00,2029,33.8,Dinner,4,Tue,Mon,21,278278,wisely
2026-06-27T05:41:18+00:00,2026-06-30T21:45:00-04:00,5524,92.1,Dinner,2,Tue,Sat,21,278278,wisely
2026-06-27T05:41:18+00:00,2026-06-30T21:45:00-04:00,5524,92.1,Dinner,4,Tue,Sat,21,278278,wisely
